donor	stratum	family	method	gene	level	state	eligible	called	correct	allele_matches	allele1	allele2
HG00658	EAS	HG00656	T1K-four-field	A	two_field	complete	1	1	1	2	A*11:01:01:01	A*11:01:01:01
HG00658	EAS	HG00656	T1K-four-field	A	four_field	complete	1	1	1	2	A*11:01:01:01	A*11:01:01:01
HG00658	EAS	HG00656	T1K-four-field	B	two_field	complete	1	1	1	2	B*51:01:02:01	B*39:01:01:02L
HG00658	EAS	HG00656	T1K-four-field	B	four_field	complete	1	1	0	1	B*51:01:02:01	B*39:01:01:02L
HG00658	EAS	HG00656	T1K-four-field	C	two_field	complete	1	1	1	2	C*14:02:01:01	C*07:02:01:01
HG00658	EAS	HG00656	T1K-four-field	C	four_field	complete	1	1	0	1	C*14:02:01:01	C*07:02:01:01
HG00658	EAS	HG00656	T1K-four-field	DPA1	two_field	complete	1	1	1	2	DPA1*02:02:02:01	DPA1*02:02:02:01
HG00658	EAS	HG00656	T1K-four-field	DPA1	four_field	complete	0	0	0	0	DPA1*02:02:02:01	DPA1*02:02:02:01
HG00658	EAS	HG00656	T1K-four-field	DPB1	two_field	complete	1	1	1	2	DPB1*05:01:01:01	DPB1*02:02:01:03
HG00658	EAS	HG00656	T1K-four-field	DPB1	four_field	complete	0	0	0	0	DPB1*05:01:01:01	DPB1*02:02:01:03
HG00658	EAS	HG00656	T1K-four-field	DQA1	two_field	complete	1	1	1	2	DQA1*01:03:01:03	DQA1*01:04:01:01
HG00658	EAS	HG00656	T1K-four-field	DQA1	four_field	complete	1	1	0	1	DQA1*01:03:01:03	DQA1*01:04:01:01
HG00658	EAS	HG00656	T1K-four-field	DQB1	two_field	complete	1	1	1	2	DQB1*05:03:01:01	DQB1*06:01:01:01
HG00658	EAS	HG00656	T1K-four-field	DQB1	four_field	complete	1	1	1	2	DQB1*05:03:01:01	DQB1*06:01:01:01
HG00658	EAS	HG00656	T1K-four-field	DRB1	two_field	complete	1	1	1	2	DRB1*08:03:02:01,HLA-DRB1*08:03:02:02	DRB1*14:04:01:03
HG00658	EAS	HG00656	T1K-four-field	DRB1	four_field	complete	0	0	0	0	DRB1*08:03:02:01,HLA-DRB1*08:03:02:02	DRB1*14:04:01:03
HG02132	EAS	HG02132	T1K-four-field	A	two_field	complete	1	1	1	2	A*26:01:01:01	A*29:01:01:01
HG02132	EAS	HG02132	T1K-four-field	A	four_field	complete	1	1	1	2	A*26:01:01:01	A*29:01:01:01
HG02132	EAS	HG02132	T1K-four-field	B	two_field	complete	1	1	1	2	B*15:11:01:01	B*55:02:01:01
HG02132	EAS	HG02132	T1K-four-field	B	four_field	complete	1	1	0	1	B*15:11:01:01	B*55:02:01:01
HG02132	EAS	HG02132	T1K-four-field	C	two_field	complete	1	1	1	2	C*03:03:01:01	C*01:02:01:23
HG02132	EAS	HG02132	T1K-four-field	C	four_field	complete	1	1	0	1	C*03:03:01:01	C*01:02:01:23
HG02132	EAS	HG02132	T1K-four-field	DPA1	two_field	complete	1	1	1	2	DPA1*02:02:02:01	DPA1*02:02:02:01
HG02132	EAS	HG02132	T1K-four-field	DPA1	four_field	complete	0	0	0	0	DPA1*02:02:02:01	DPA1*02:02:02:01
HG02132	EAS	HG02132	T1K-four-field	DPB1	two_field	complete	1	1	1	2	DPB1*05:01:01:01	DPB1*13:01:01:01
HG02132	EAS	HG02132	T1K-four-field	DPB1	four_field	complete	1	1	0	0	DPB1*05:01:01:01	DPB1*13:01:01:01
HG02132	EAS	HG02132	T1K-four-field	DQA1	two_field	complete	1	1	1	2	DQA1*03:03:01:01	DQA1*03:02:01:01
HG02132	EAS	HG02132	T1K-four-field	DQA1	four_field	complete	1	1	0	1	DQA1*03:03:01:01	DQA1*03:02:01:01
HG02132	EAS	HG02132	T1K-four-field	DQB1	two_field	complete	1	1	1	2	DQB1*04:01:01:02	DQB1*03:03:02:02
HG02132	EAS	HG02132	T1K-four-field	DQB1	four_field	complete	1	1	0	0	DQB1*04:01:01:02	DQB1*03:03:02:02
HG02132	EAS	HG02132	T1K-four-field	DRB1	two_field	complete	1	1	1	2	DRB1*04:05:01:01,HLA-DRB1*04:05:01:07	DRB1*09:01:02:01
HG02132	EAS	HG02132	T1K-four-field	DRB1	four_field	complete	0	0	0	0	DRB1*04:05:01:01,HLA-DRB1*04:05:01:07	DRB1*09:01:02:01
HG02178	EAS	HG02178	T1K-four-field	A	two_field	complete	1	1	1	2	A*11:02:01:01	A*11:01:01:25
HG02178	EAS	HG02178	T1K-four-field	A	four_field	complete	1	1	1	2	A*11:02:01:01	A*11:01:01:25
HG02178	EAS	HG02178	T1K-four-field	B	two_field	complete	1	1	0	1	B*46:01:01:01,HLA-B*46:99	B*52:01:01:01
HG02178	EAS	HG02178	T1K-four-field	B	four_field	complete	1	0	0	1	B*46:01:01:01,HLA-B*46:99	B*52:01:01:01
HG02178	EAS	HG02178	T1K-four-field	C	two_field	complete	1	1	1	2	C*07:02:01:01	C*01:02:01:01
HG02178	EAS	HG02178	T1K-four-field	C	four_field	complete	1	1	1	2	C*07:02:01:01	C*01:02:01:01
HG02178	EAS	HG02178	T1K-four-field	DPA1	two_field	complete	1	1	1	2	DPA1*02:01:01:01	DPA1*02:02:02:01
HG02178	EAS	HG02178	T1K-four-field	DPA1	four_field	complete	0	0	0	0	DPA1*02:01:01:01	DPA1*02:02:02:01
HG02178	EAS	HG02178	T1K-four-field	DPB1	two_field	complete	1	1	1	2	DPB1*05:01:01:01	DPB1*13:01:01:01
HG02178	EAS	HG02178	T1K-four-field	DPB1	four_field	complete	1	1	0	0	DPB1*05:01:01:01	DPB1*13:01:01:01
HG02178	EAS	HG02178	T1K-four-field	DQA1	two_field	complete	1	1	1	2	DQA1*01:01:01:07	DQA1*03:02:01:01
HG02178	EAS	HG02178	T1K-four-field	DQA1	four_field	complete	1	1	0	1	DQA1*01:01:01:07	DQA1*03:02:01:01
HG02178	EAS	HG02178	T1K-four-field	DQB1	two_field	complete	1	1	1	2	DQB1*05:01:24:01	DQB1*03:03:02:02
HG02178	EAS	HG02178	T1K-four-field	DQB1	four_field	complete	1	1	1	2	DQB1*05:01:24:01	DQB1*03:03:02:02
HG02178	EAS	HG02178	T1K-four-field	DRB1	two_field	complete	1	1	1	2	DRB1*15:02:01:05	DRB1*09:01:02:01
HG02178	EAS	HG02178	T1K-four-field	DRB1	four_field	complete	0	0	0	0	DRB1*15:02:01:05	DRB1*09:01:02:01
HG03831	SAS	HG03829	T1K-four-field	A	two_field	complete	1	1	1	2	A*31:01:02:01	A*33:03:01:01
HG03831	SAS	HG03829	T1K-four-field	A	four_field	complete	1	1	1	2	A*31:01:02:01	A*33:03:01:01
HG03831	SAS	HG03829	T1K-four-field	B	two_field	complete	1	1	1	2	B*52:01:01:01	B*15:08:01:01
HG03831	SAS	HG03829	T1K-four-field	B	four_field	complete	1	1	0	1	B*52:01:01:01	B*15:08:01:01
HG03831	SAS	HG03829	T1K-four-field	C	two_field	complete	1	1	1	2	C*12:02:02:01,HLA-C*12:02:02:19	C*01:02:01:01
HG03831	SAS	HG03829	T1K-four-field	C	four_field	complete	1	1	0	1	C*12:02:02:01,HLA-C*12:02:02:19	C*01:02:01:01
HG03831	SAS	HG03829	T1K-four-field	DPA1	two_field	complete	1	1	1	2	DPA1*02:01:01:02	DPA1*02:01:01:02
HG03831	SAS	HG03829	T1K-four-field	DPA1	four_field	complete	0	0	0	0	DPA1*02:01:01:02	DPA1*02:01:01:02
HG03831	SAS	HG03829	T1K-four-field	DPB1	two_field	complete	1	1	1	2	DPB1*26:01:02:01	DPB1*14:01:01:01
HG03831	SAS	HG03829	T1K-four-field	DPB1	four_field	complete	1	1	0	1	DPB1*26:01:02:01	DPB1*14:01:01:01
HG03831	SAS	HG03829	T1K-four-field	DQA1	two_field	complete	1	1	1	2	DQA1*01:02:01:01	DQA1*01:03:01:01
HG03831	SAS	HG03829	T1K-four-field	DQA1	four_field	complete	1	1	0	1	DQA1*01:02:01:01	DQA1*01:03:01:01
HG03831	SAS	HG03829	T1K-four-field	DQB1	two_field	complete	1	1	1	2	DQB1*05:02:01:01	DQB1*06:01:01:01
HG03831	SAS	HG03829	T1K-four-field	DQB1	four_field	complete	1	1	1	2	DQB1*05:02:01:01	DQB1*06:01:01:01
HG03831	SAS	HG03829	T1K-four-field	DRB1	two_field	complete	1	1	1	2	DRB1*15:02:02:01	DRB1*15:06:01
HG03831	SAS	HG03829	T1K-four-field	DRB1	four_field	complete	0	0	0	0	DRB1*15:02:02:01	DRB1*15:06:01
HG03874	SAS	HG03874	T1K-four-field	A	two_field	complete	1	1	1	2	A*01:01:01:01	A*01:01:01:01
HG03874	SAS	HG03874	T1K-four-field	A	four_field	complete	1	1	1	2	A*01:01:01:01	A*01:01:01:01
HG03874	SAS	HG03874	T1K-four-field	B	two_field	complete	1	1	1	2	B*57:01:01:01	B*44:02:01:01
HG03874	SAS	HG03874	T1K-four-field	B	four_field	complete	1	1	1	2	B*57:01:01:01	B*44:02:01:01
HG03874	SAS	HG03874	T1K-four-field	C	two_field	complete	1	1	1	2	C*05:01:01:02	C*06:02:01:10
HG03874	SAS	HG03874	T1K-four-field	C	four_field	complete	1	1	0	1	C*05:01:01:02	C*06:02:01:10
HG03874	SAS	HG03874	T1K-four-field	DPA1	two_field	complete	1	1	1	2	DPA1*02:01:01:02	DPA1*02:01:01:02
HG03874	SAS	HG03874	T1K-four-field	DPA1	four_field	complete	0	0	0	0	DPA1*02:01:01:02	DPA1*02:01:01:02
HG03874	SAS	HG03874	T1K-four-field	DPB1	two_field	complete	1	1	1	2	DPB1*26:01:02:01	DPB1*09:01:01:01
HG03874	SAS	HG03874	T1K-four-field	DPB1	four_field	complete	1	1	1	2	DPB1*26:01:02:01	DPB1*09:01:01:01
HG03874	SAS	HG03874	T1K-four-field	DQA1	two_field	complete	1	1	1	2	DQA1*02:01:01:01,HLA-DQA1*02:01:01:12	DQA1*05:09:01:01,HLA-DQA1*05:09:01:04
HG03874	SAS	HG03874	T1K-four-field	DQA1	four_field	complete	0	0	0	0	DQA1*02:01:01:01,HLA-DQA1*02:01:01:12	DQA1*05:09:01:01,HLA-DQA1*05:09:01:04
HG03874	SAS	HG03874	T1K-four-field	DQB1	two_field	complete	1	1	1	2	DQB1*03:03:02:01	DQB1*03:01:01:01
HG03874	SAS	HG03874	T1K-four-field	DQB1	four_field	complete	1	1	0	1	DQB1*03:03:02:01	DQB1*03:01:01:01
HG03874	SAS	HG03874	T1K-four-field	DRB1	two_field	complete	1	1	1	2	DRB1*07:01:01:01	DRB1*11:01:01:05
HG03874	SAS	HG03874	T1K-four-field	DRB1	four_field	complete	0	0	0	0	DRB1*07:01:01:01	DRB1*11:01:01:05
HG04199	SAS	HG04099	T1K-four-field	A	two_field	complete	1	1	1	2	A*33:03:01:01	A*03:01:01:01
HG04199	SAS	HG04099	T1K-four-field	A	four_field	complete	1	1	1	2	A*33:03:01:01	A*03:01:01:01
HG04199	SAS	HG04099	T1K-four-field	B	two_field	complete	1	1	1	2	B*07:02:01:01	B*58:01:01:01
HG04199	SAS	HG04099	T1K-four-field	B	four_field	complete	0	0	0	0	B*07:02:01:01	B*58:01:01:01
HG04199	SAS	HG04099	T1K-four-field	C	two_field	complete	1	1	1	2	C*07:02:01:03	C*03:02:02:01
HG04199	SAS	HG04099	T1K-four-field	C	four_field	complete	1	1	0	1	C*07:02:01:03	C*03:02:02:01
HG04199	SAS	HG04099	T1K-four-field	DPA1	two_field	complete	1	1	1	2	DPA1*01:03:01:02	DPA1*02:02:02:01
HG04199	SAS	HG04099	T1K-four-field	DPA1	four_field	complete	0	0	0	0	DPA1*01:03:01:02	DPA1*02:02:02:01
HG04199	SAS	HG04099	T1K-four-field	DPB1	two_field	complete	1	1	1	2	DPB1*01:01:01:01	DPB1*104:01:01:01
HG04199	SAS	HG04099	T1K-four-field	DPB1	four_field	complete	1	1	0	0	DPB1*01:01:01:01	DPB1*104:01:01:01
HG04199	SAS	HG04099	T1K-four-field	DQA1	two_field	complete	1	1	1	2	DQA1*03:01:01:01	DQA1*01:01:01:01
HG04199	SAS	HG04099	T1K-four-field	DQA1	four_field	complete	1	1	1	2	DQA1*03:01:01:01	DQA1*01:01:01:01
HG04199	SAS	HG04099	T1K-four-field	DQB1	two_field	complete	1	1	1	2	DQB1*05:01:01:01	DQB1*03:02:01:01
HG04199	SAS	HG04099	T1K-four-field	DQB1	four_field	complete	1	1	0	1	DQB1*05:01:01:01	DQB1*03:02:01:01
HG04199	SAS	HG04099	T1K-four-field	DRB1	two_field	complete	1	1	1	2	DRB1*01:01:01:01	DRB1*04:03:01:02
HG04199	SAS	HG04099	T1K-four-field	DRB1	four_field	complete	0	0	0	0	DRB1*01:01:01:01	DRB1*04:03:01:02
NA18608	EAS	NA18608	T1K-four-field	A	two_field	complete	1	1	1	2	A*24:02:01:01	A*31:01:02:01
NA18608	EAS	NA18608	T1K-four-field	A	four_field	complete	1	1	1	2	A*24:02:01:01	A*31:01:02:01
NA18608	EAS	NA18608	T1K-four-field	B	two_field	complete	1	1	0	1	B*48:01:01:01	B*51:230:01:01,HLA-B*51:230:01:03
NA18608	EAS	NA18608	T1K-four-field	B	four_field	complete	1	1	0	0	B*48:01:01:01	B*51:230:01:01,HLA-B*51:230:01:03
NA18608	EAS	NA18608	T1K-four-field	C	two_field	complete	1	1	1	2	C*15:02:01:01	C*08:01:01:01
NA18608	EAS	NA18608	T1K-four-field	C	four_field	complete	1	1	1	2	C*15:02:01:01	C*08:01:01:01
NA18608	EAS	NA18608	T1K-four-field	DPA1	two_field	complete	1	1	1	2	DPA1*02:02:02:01	DPA1*01:03:01:01
NA18608	EAS	NA18608	T1K-four-field	DPA1	four_field	complete	0	0	0	0	DPA1*02:02:02:01	DPA1*01:03:01:01
NA18608	EAS	NA18608	T1K-four-field	DPB1	two_field	complete	1	1	1	2	DPB1*02:01:02:30	DPB1*05:01:01:20
NA18608	EAS	NA18608	T1K-four-field	DPB1	four_field	complete	1	1	0	0	DPB1*02:01:02:30	DPB1*05:01:01:20
NA18608	EAS	NA18608	T1K-four-field	DQA1	two_field	complete	1	1	1	2	DQA1*01:04:01:01	DQA1*01:04:01:01
NA18608	EAS	NA18608	T1K-four-field	DQA1	four_field	complete	1	1	0	0	DQA1*01:04:01:01	DQA1*01:04:01:01
NA18608	EAS	NA18608	T1K-four-field	DQB1	two_field	complete	1	1	1	2	DQB1*05:03:01:01	DQB1*05:03:01:01
NA18608	EAS	NA18608	T1K-four-field	DQB1	four_field	complete	0	0	0	0	DQB1*05:03:01:01	DQB1*05:03:01:01
NA18608	EAS	NA18608	T1K-four-field	DRB1	two_field	complete	1	1	1	2	DRB1*14:05:01:02	DRB1*14:07:01
NA18608	EAS	NA18608	T1K-four-field	DRB1	four_field	complete	0	0	0	0	DRB1*14:05:01:02	DRB1*14:07:01
NA20905	SAS	NA20905	T1K-four-field	A	two_field	complete	1	1	1	2	A*11:01:01:01	A*32:01:01:09
NA20905	SAS	NA20905	T1K-four-field	A	four_field	complete	1	1	1	2	A*11:01:01:01	A*32:01:01:09
NA20905	SAS	NA20905	T1K-four-field	B	two_field	complete	1	1	1	2	B*49:01:01:01	B*40:06:01:02
NA20905	SAS	NA20905	T1K-four-field	B	four_field	complete	0	0	0	0	B*49:01:01:01	B*40:06:01:02
NA20905	SAS	NA20905	T1K-four-field	C	two_field	complete	1	1	1	2	C*07:01:01:01	C*15:02:01:01,HLA-C*15:02:01:38
NA20905	SAS	NA20905	T1K-four-field	C	four_field	complete	1	1	0	0	C*07:01:01:01	C*15:02:01:01,HLA-C*15:02:01:38
NA20905	SAS	NA20905	T1K-four-field	DPA1	two_field	complete	1	1	1	2	DPA1*02:07:01:01	DPA1*01:03:01:02
NA20905	SAS	NA20905	T1K-four-field	DPA1	four_field	complete	0	0	0	0	DPA1*02:07:01:01	DPA1*01:03:01:02
NA20905	SAS	NA20905	T1K-four-field	DPB1	two_field	complete	1	1	1	2	DPB1*04:01:01:171	DPB1*04:01:01:14
NA20905	SAS	NA20905	T1K-four-field	DPB1	four_field	complete	1	1	0	1	DPB1*04:01:01:171	DPB1*04:01:01:14
NA20905	SAS	NA20905	T1K-four-field	DQA1	two_field	complete	1	1	1	2	DQA1*01:03:01:01	DQA1*05:05:01:51
NA20905	SAS	NA20905	T1K-four-field	DQA1	four_field	complete	1	1	0	1	DQA1*01:03:01:01	DQA1*05:05:01:51
NA20905	SAS	NA20905	T1K-four-field	DQB1	two_field	complete	1	1	1	2	DQB1*06:01:01:01	DQB1*03:01:01:01
NA20905	SAS	NA20905	T1K-four-field	DQB1	four_field	complete	1	1	0	1	DQB1*06:01:01:01	DQB1*03:01:01:01
NA20905	SAS	NA20905	T1K-four-field	DRB1	two_field	complete	1	1	1	2	DRB1*11:01:01:10	DRB1*15:02:01:03
NA20905	SAS	NA20905	T1K-four-field	DRB1	four_field	complete	0	0	0	0	DRB1*11:01:01:10	DRB1*15:02:01:03
HG02027	EAS	HG02027	T1K-four-field	A	two_field	complete	1	1	1	2	A*02:03:01:01	A*11:01:01:01
HG02027	EAS	HG02027	T1K-four-field	A	four_field	complete	1	1	1	2	A*02:03:01:01	A*11:01:01:01
HG02027	EAS	HG02027	T1K-four-field	B	two_field	complete	1	1	1	2	B*15:25:01:01	B*15:02:01:01
HG02027	EAS	HG02027	T1K-four-field	B	four_field	complete	0	0	0	0	B*15:25:01:01	B*15:02:01:01
HG02027	EAS	HG02027	T1K-four-field	C	two_field	complete	1	1	1	2	C*08:01:01:01	C*04:03:01:01
HG02027	EAS	HG02027	T1K-four-field	C	four_field	complete	1	1	1	2	C*08:01:01:01	C*04:03:01:01
HG02027	EAS	HG02027	T1K-four-field	DPA1	two_field	complete	1	1	1	2	DPA1*02:02:02:01	DPA1*01:03:01:03
HG02027	EAS	HG02027	T1K-four-field	DPA1	four_field	complete	0	0	0	0	DPA1*02:02:02:01	DPA1*01:03:01:03
HG02027	EAS	HG02027	T1K-four-field	DPB1	two_field	complete	1	1	1	2	DPB1*05:01:01:01	DPB1*21:01:01
HG02027	EAS	HG02027	T1K-four-field	DPB1	four_field	complete	0	0	0	0	DPB1*05:01:01:01	DPB1*21:01:01
HG02027	EAS	HG02027	T1K-four-field	DQA1	two_field	complete	1	1	1	2	DQA1*06:01:01:01	DQA1*06:01:01:01
HG02027	EAS	HG02027	T1K-four-field	DQA1	four_field	complete	1	1	0	0	DQA1*06:01:01:01	DQA1*06:01:01:01
HG02027	EAS	HG02027	T1K-four-field	DQB1	two_field	complete	1	1	1	2	DQB1*03:01:01:07	DQB1*03:01:01:73
HG02027	EAS	HG02027	T1K-four-field	DQB1	four_field	complete	1	1	0	0	DQB1*03:01:01:07	DQB1*03:01:01:73
HG02027	EAS	HG02027	T1K-four-field	DRB1	two_field	complete	1	1	1	2	DRB1*12:02:01:01	DRB1*12:02:01:01
HG02027	EAS	HG02027	T1K-four-field	DRB1	four_field	complete	0	0	0	0	DRB1*12:02:01:01	DRB1*12:02:01:01
HG02391	EAS	HG02391	T1K-four-field	A	two_field	complete	1	1	1	2	A*11:02:01:01	A*11:01:01:01
HG02391	EAS	HG02391	T1K-four-field	A	four_field	complete	1	1	1	2	A*11:02:01:01	A*11:01:01:01
HG02391	EAS	HG02391	T1K-four-field	B	two_field	complete	1	1	1	2	B*40:01:02:01	B*13:01:01:01
HG02391	EAS	HG02391	T1K-four-field	B	four_field	complete	1	1	0	1	B*40:01:02:01	B*13:01:01:01
HG02391	EAS	HG02391	T1K-four-field	C	two_field	complete	1	1	1	2	C*07:02:01:01	C*03:04:01:01
HG02391	EAS	HG02391	T1K-four-field	C	four_field	complete	1	1	0	1	C*07:02:01:01	C*03:04:01:01
HG02391	EAS	HG02391	T1K-four-field	DPA1	two_field	complete	1	1	1	2	DPA1*02:02:02:01	DPA1*01:03:01:01
HG02391	EAS	HG02391	T1K-four-field	DPA1	four_field	complete	0	0	0	0	DPA1*02:02:02:01	DPA1*01:03:01:01
HG02391	EAS	HG02391	T1K-four-field	DPB1	two_field	complete	1	1	1	2	DPB1*02:01:02:01	DPB1*02:02:01:02
HG02391	EAS	HG02391	T1K-four-field	DPB1	four_field	complete	1	1	0	1	DPB1*02:01:02:01	DPB1*02:02:01:02
HG02391	EAS	HG02391	T1K-four-field	DQA1	two_field	complete	1	1	1	2	DQA1*01:02:02:01	DQA1*01:02:01:01
HG02391	EAS	HG02391	T1K-four-field	DQA1	four_field	complete	0	0	0	0	DQA1*01:02:02:01	DQA1*01:02:01:01
HG02391	EAS	HG02391	T1K-four-field	DQB1	two_field	complete	1	1	1	2	DQB1*05:02:01:01	DQB1*05:02:01:01
HG02391	EAS	HG02391	T1K-four-field	DQB1	four_field	complete	1	1	1	2	DQB1*05:02:01:01	DQB1*05:02:01:01
HG02391	EAS	HG02391	T1K-four-field	DRB1	two_field	complete	1	1	1	2	DRB1*16:02:01:04	DRB1*15:01:01:03
HG02391	EAS	HG02391	T1K-four-field	DRB1	four_field	complete	1	1	0	1	DRB1*16:02:01:04	DRB1*15:01:01:03
HG02602	SAS	HG02600	T1K-four-field	A	two_field	complete	1	1	1	2	A*68:01:02:01	A*02:05:01:01
HG02602	SAS	HG02600	T1K-four-field	A	four_field	complete	1	1	1	2	A*68:01:02:01	A*02:05:01:01
HG02602	SAS	HG02600	T1K-four-field	B	two_field	complete	1	1	1	2	B*49:01:01:01	B*44:02:01:01
HG02602	SAS	HG02600	T1K-four-field	B	four_field	complete	1	1	0	1	B*49:01:01:01	B*44:02:01:01
HG02602	SAS	HG02600	T1K-four-field	C	two_field	complete	1	1	1	2	C*05:01:01:02	C*07:01:01:01
HG02602	SAS	HG02600	T1K-four-field	C	four_field	complete	1	1	0	0	C*05:01:01:02	C*07:01:01:01
HG02602	SAS	HG02600	T1K-four-field	DPA1	two_field	complete	1	1	1	2	DPA1*01:03:07	DPA1*01:03:01:69
HG02602	SAS	HG02600	T1K-four-field	DPA1	four_field	complete	0	0	0	0	DPA1*01:03:07	DPA1*01:03:01:69
HG02602	SAS	HG02600	T1K-four-field	DPB1	two_field	complete	1	1	1	2	DPB1*414:01:01:01	DPB1*02:01:02:04
HG02602	SAS	HG02600	T1K-four-field	DPB1	four_field	complete	1	1	0	1	DPB1*414:01:01:01	DPB1*02:01:02:04
HG02602	SAS	HG02600	T1K-four-field	DQA1	two_field	complete	1	1	1	2	DQA1*01:04:02:01	DQA1*02:01:01:01
HG02602	SAS	HG02600	T1K-four-field	DQA1	four_field	complete	0	0	0	0	DQA1*01:04:02:01	DQA1*02:01:01:01
HG02602	SAS	HG02600	T1K-four-field	DQB1	two_field	complete	1	1	1	2	DQB1*03:03:02:01	DQB1*05:03:01:01
HG02602	SAS	HG02600	T1K-four-field	DQB1	four_field	complete	1	1	1	2	DQB1*03:03:02:01	DQB1*05:03:01:01
HG02602	SAS	HG02600	T1K-four-field	DRB1	two_field	complete	1	1	1	2	DRB1*07:01:01:01	DRB1*14:04:01:02
HG02602	SAS	HG02600	T1K-four-field	DRB1	four_field	complete	0	0	0	0	DRB1*07:01:01:01	DRB1*14:04:01:02
HG04115	SAS	HG03894	T1K-four-field	A	two_field	complete	1	1	1	2	A*74:02:01:02	A*11:01:01:01
HG04115	SAS	HG03894	T1K-four-field	A	four_field	complete	1	1	1	2	A*74:02:01:02	A*11:01:01:01
HG04115	SAS	HG03894	T1K-four-field	B	two_field	complete	1	1	1	2	B*57:01:01:01	B*40:06:01:02
HG04115	SAS	HG03894	T1K-four-field	B	four_field	complete	0	0	0	0	B*57:01:01:01	B*40:06:01:02
HG04115	SAS	HG03894	T1K-four-field	C	two_field	complete	1	1	1	2	C*15:02:01:01	C*06:02:01:01
HG04115	SAS	HG03894	T1K-four-field	C	four_field	complete	1	1	1	2	C*15:02:01:01	C*06:02:01:01
HG04115	SAS	HG03894	T1K-four-field	DPA1	two_field	complete	1	1	1	2	DPA1*02:01:01:01	DPA1*01:03:01:12
HG04115	SAS	HG03894	T1K-four-field	DPA1	four_field	complete	0	0	0	0	DPA1*02:01:01:01	DPA1*01:03:01:12
HG04115	SAS	HG03894	T1K-four-field	DPB1	two_field	complete	1	1	1	2	DPB1*13:01:01:01	DPB1*104:01:01:01
HG04115	SAS	HG03894	T1K-four-field	DPB1	four_field	complete	1	1	0	1	DPB1*13:01:01:01	DPB1*104:01:01:01
HG04115	SAS	HG03894	T1K-four-field	DQA1	two_field	complete	1	1	1	2	DQA1*01:05:01:01	DQA1*02:01:01:01
HG04115	SAS	HG03894	T1K-four-field	DQA1	four_field	complete	1	1	1	2	DQA1*01:05:01:01	DQA1*02:01:01:01
HG04115	SAS	HG03894	T1K-four-field	DQB1	two_field	complete	1	1	1	2	DQB1*03:03:02:01	DQB1*05:01:01:01
HG04115	SAS	HG03894	T1K-four-field	DQB1	four_field	complete	1	1	0	1	DQB1*03:03:02:01	DQB1*05:01:01:01
HG04115	SAS	HG03894	T1K-four-field	DRB1	two_field	complete	1	1	1	2	DRB1*10:01:01:03	DRB1*07:01:01:01
HG04115	SAS	HG03894	T1K-four-field	DRB1	four_field	complete	0	0	0	0	DRB1*10:01:01:03	DRB1*07:01:01:01
HG04187	SAS	HG04185	T1K-four-field	A	two_field	complete	1	1	1	2	A*32:01:01:01	A*33:03:01:01
HG04187	SAS	HG04185	T1K-four-field	A	four_field	complete	1	1	1	2	A*32:01:01:01	A*33:03:01:01
HG04187	SAS	HG04185	T1K-four-field	B	two_field	complete	1	1	1	2	B*08:01:01:01	B*35:03:01:01,HLA-B*35:03:01:38
HG04187	SAS	HG04185	T1K-four-field	B	four_field	complete	1	1	0	0	B*08:01:01:01	B*35:03:01:01,HLA-B*35:03:01:38
HG04187	SAS	HG04185	T1K-four-field	C	two_field	complete	1	1	0	1	C*07:02:01:01	C*04:376
HG04187	SAS	HG04185	T1K-four-field	C	four_field	complete	1	0	0	1	C*07:02:01:01	C*04:376
HG04187	SAS	HG04185	T1K-four-field	DPA1	two_field	complete	1	1	1	2	DPA1*02:01:01:01	DPA1*02:01:01:02
HG04187	SAS	HG04185	T1K-four-field	DPA1	four_field	complete	0	0	0	0	DPA1*02:01:01:01	DPA1*02:01:01:02
HG04187	SAS	HG04185	T1K-four-field	DPB1	two_field	complete	1	1	1	2	DPB1*17:01:01:01	DPB1*09:01:01:01
HG04187	SAS	HG04185	T1K-four-field	DPB1	four_field	complete	1	1	1	2	DPB1*17:01:01:01	DPB1*09:01:01:01
HG04187	SAS	HG04185	T1K-four-field	DQA1	two_field	complete	1	1	1	2	DQA1*05:01:01:01	DQA1*05:09:01:02,HLA-DQA1*05:09:01:03
HG04187	SAS	HG04185	T1K-four-field	DQA1	four_field	complete	0	0	0	0	DQA1*05:01:01:01	DQA1*05:09:01:02,HLA-DQA1*05:09:01:03
HG04187	SAS	HG04185	T1K-four-field	DQB1	two_field	complete	1	1	1	2	DQB1*02:07:01	DQB1*03:01:01:73
HG04187	SAS	HG04185	T1K-four-field	DQB1	four_field	complete	0	0	0	0	DQB1*02:07:01	DQB1*03:01:01:73
HG04187	SAS	HG04185	T1K-four-field	DRB1	two_field	complete	1	1	1	2	DRB1*03:01:01:03	DRB1*11:01:01:10
HG04187	SAS	HG04185	T1K-four-field	DRB1	four_field	complete	0	0	0	0	DRB1*03:01:01:03	DRB1*11:01:01:10
NA18570	EAS	NA18570	T1K-four-field	A	two_field	complete	1	1	1	2	A*02:06:01:01	A*02:01:01:127
NA18570	EAS	NA18570	T1K-four-field	A	four_field	complete	1	1	0	1	A*02:06:01:01	A*02:01:01:127
NA18570	EAS	NA18570	T1K-four-field	B	two_field	complete	1	1	0	1	B*15:11:01:01	B*15:542
NA18570	EAS	NA18570	T1K-four-field	B	four_field	complete	1	0	0	1	B*15:11:01:01	B*15:542
NA18570	EAS	NA18570	T1K-four-field	C	two_field	complete	1	1	1	2	C*03:03:01:01	C*03:03:01:01
NA18570	EAS	NA18570	T1K-four-field	C	four_field	complete	1	1	1	2	C*03:03:01:01	C*03:03:01:01
NA18570	EAS	NA18570	T1K-four-field	DPA1	two_field	complete	1	1	1	2	DPA1*01:03:01:03	DPA1*02:02:02:01
NA18570	EAS	NA18570	T1K-four-field	DPA1	four_field	complete	0	0	0	0	DPA1*01:03:01:03	DPA1*02:02:02:01
NA18570	EAS	NA18570	T1K-four-field	DPB1	two_field	complete	1	1	1	2	DPB1*02:01:02:30	DPB1*03:01:01:01
NA18570	EAS	NA18570	T1K-four-field	DPB1	four_field	complete	0	0	0	0	DPB1*02:01:02:30	DPB1*03:01:01:01
NA18570	EAS	NA18570	T1K-four-field	DQA1	two_field	complete	1	1	0	1	DQA1*03:01:01:01	DQA1*03:01:01:01
NA18570	EAS	NA18570	T1K-four-field	DQA1	four_field	complete	1	1	0	1	DQA1*03:01:01:01	DQA1*03:01:01:01
NA18570	EAS	NA18570	T1K-four-field	DQB1	two_field	complete	1	1	1	2	DQB1*03:02:01:01	DQB1*03:01:01:01
NA18570	EAS	NA18570	T1K-four-field	DQB1	four_field	complete	1	1	0	1	DQB1*03:02:01:01	DQB1*03:01:01:01
NA18570	EAS	NA18570	T1K-four-field	DRB1	two_field	complete	1	1	1	2	DRB1*11:01:01:10	DRB1*04:04:01:06
NA18570	EAS	NA18570	T1K-four-field	DRB1	four_field	complete	0	0	0	0	DRB1*11:01:01:10	DRB1*04:04:01:06
NA18940	EAS	NA18940	T1K-four-field	A	two_field	complete	1	1	1	2	A*24:02:01:01	A*24:02:01:01
NA18940	EAS	NA18940	T1K-four-field	A	four_field	complete	1	1	1	2	A*24:02:01:01	A*24:02:01:01
NA18940	EAS	NA18940	T1K-four-field	B	two_field	complete	1	1	1	2	B*46:01:01:01	B*52:01:01:01
NA18940	EAS	NA18940	T1K-four-field	B	four_field	complete	1	1	0	1	B*46:01:01:01	B*52:01:01:01
NA18940	EAS	NA18940	T1K-four-field	C	two_field	complete	1	1	1	2	C*01:03:01	C*12:02:02:01
NA18940	EAS	NA18940	T1K-four-field	C	four_field	complete	0	0	0	0	C*01:03:01	C*12:02:02:01
NA18940	EAS	NA18940	T1K-four-field	DPA1	two_field	complete	1	1	1	2	DPA1*01:03:01:05	DPA1*01:03:01:01
NA18940	EAS	NA18940	T1K-four-field	DPA1	four_field	complete	1	1	0	0	DPA1*01:03:01:05	DPA1*01:03:01:01
NA18940	EAS	NA18940	T1K-four-field	DPB1	two_field	complete	1	1	1	2	DPB1*02:01:02:05	DPB1*04:02:01:01
NA18940	EAS	NA18940	T1K-four-field	DPB1	four_field	complete	0	0	0	0	DPB1*02:01:02:05	DPB1*04:02:01:01
NA18940	EAS	NA18940	T1K-four-field	DQA1	two_field	complete	1	1	1	2	DQA1*01:03:01:01	DQA1*04:01:01:01
NA18940	EAS	NA18940	T1K-four-field	DQA1	four_field	complete	1	1	0	1	DQA1*01:03:01:01	DQA1*04:01:01:01
NA18940	EAS	NA18940	T1K-four-field	DQB1	two_field	complete	1	1	1	2	DQB1*06:01:01:01	DQB1*04:02:01:07
NA18940	EAS	NA18940	T1K-four-field	DQB1	four_field	complete	1	1	1	2	DQB1*06:01:01:01	DQB1*04:02:01:07
NA18940	EAS	NA18940	T1K-four-field	DRB1	two_field	complete	1	1	1	2	DRB1*08:02:01:03	DRB1*15:02:01:06
NA18940	EAS	NA18940	T1K-four-field	DRB1	four_field	complete	0	0	0	0	DRB1*08:02:01:03	DRB1*15:02:01:06
NA21144	SAS	NA21144	T1K-four-field	A	two_field	complete	1	1	1	2	A*33:03:01:01	A*02:01:01:01
NA21144	SAS	NA21144	T1K-four-field	A	four_field	complete	1	1	1	2	A*33:03:01:01	A*02:01:01:01
NA21144	SAS	NA21144	T1K-four-field	B	two_field	complete	1	1	0	1	B*57:01:01:01	B*58:01:01:01,HLA-B*58:01:01:17,HLA-B*58:120
NA21144	SAS	NA21144	T1K-four-field	B	four_field	complete	0	0	0	0	B*57:01:01:01	B*58:01:01:01,HLA-B*58:01:01:17,HLA-B*58:120
NA21144	SAS	NA21144	T1K-four-field	C	two_field	complete	1	1	1	2	C*03:02:02:01	C*06:02:01:01,HLA-C*06:02:01:103
NA21144	SAS	NA21144	T1K-four-field	C	four_field	complete	1	1	0	0	C*03:02:02:01	C*06:02:01:01,HLA-C*06:02:01:103
NA21144	SAS	NA21144	T1K-four-field	DPA1	two_field	complete	1	1	1	2	DPA1*01:03:01:02	DPA1*02:01:01:02
NA21144	SAS	NA21144	T1K-four-field	DPA1	four_field	complete	0	0	0	0	DPA1*01:03:01:02	DPA1*02:01:01:02
NA21144	SAS	NA21144	T1K-four-field	DPB1	two_field	complete	1	1	1	2	DPB1*04:01:01:01	DPB1*09:01:01:01
NA21144	SAS	NA21144	T1K-four-field	DPB1	four_field	complete	1	1	1	2	DPB1*04:01:01:01	DPB1*09:01:01:01
NA21144	SAS	NA21144	T1K-four-field	DQA1	two_field	complete	1	1	1	2	DQA1*05:01:01:01	DQA1*02:01:01:01
NA21144	SAS	NA21144	T1K-four-field	DQA1	four_field	complete	0	0	0	0	DQA1*05:01:01:01	DQA1*02:01:01:01
NA21144	SAS	NA21144	T1K-four-field	DQB1	two_field	complete	1	1	1	2	DQB1*03:03:02:01	DQB1*02:01:01:01
NA21144	SAS	NA21144	T1K-four-field	DQB1	four_field	complete	1	1	1	2	DQB1*03:03:02:01	DQB1*02:01:01:01
NA21144	SAS	NA21144	T1K-four-field	DRB1	two_field	complete	1	1	1	2	DRB1*07:01:01:01	DRB1*03:01:01:03
NA21144	SAS	NA21144	T1K-four-field	DRB1	four_field	complete	1	1	0	1	DRB1*07:01:01:01	DRB1*03:01:01:03
HG00558	EAS	HG00556	T1K-four-field	A	two_field	complete	1	1	1	2	A*02:01:01:01	A*01:01:01:01
HG00558	EAS	HG00556	T1K-four-field	A	four_field	complete	1	1	1	2	A*02:01:01:01	A*01:01:01:01
HG00558	EAS	HG00556	T1K-four-field	B	two_field	complete	1	1	1	2	B*40:01:02:01	B*37:01:01:01
HG00558	EAS	HG00556	T1K-four-field	B	four_field	complete	1	1	0	1	B*40:01:02:01	B*37:01:01:01
HG00558	EAS	HG00556	T1K-four-field	C	two_field	complete	1	1	1	2	C*06:02:01:01,HLA-C*06:02:01:10	C*07:02:01:01
HG00558	EAS	HG00556	T1K-four-field	C	four_field	complete	1	1	0	0	C*06:02:01:01,HLA-C*06:02:01:10	C*07:02:01:01
HG00558	EAS	HG00556	T1K-four-field	DPA1	two_field	complete	1	1	1	2	DPA1*02:02:02:01	DPA1*02:02:02:01
HG00558	EAS	HG00556	T1K-four-field	DPA1	four_field	complete	0	0	0	0	DPA1*02:02:02:01	DPA1*02:02:02:01
HG00558	EAS	HG00556	T1K-four-field	DPB1	two_field	complete	1	1	1	2	DPB1*05:01:01:01	DPB1*02:01:02:29
HG00558	EAS	HG00556	T1K-four-field	DPB1	four_field	complete	1	1	1	2	DPB1*05:01:01:01	DPB1*02:01:02:29
HG00558	EAS	HG00556	T1K-four-field	DQA1	two_field	complete	1	1	1	2	DQA1*01:05:01:01	DQA1*03:02:01:01
HG00558	EAS	HG00556	T1K-four-field	DQA1	four_field	complete	1	1	0	1	DQA1*01:05:01:01	DQA1*03:02:01:01
HG00558	EAS	HG00556	T1K-four-field	DQB1	two_field	complete	1	1	1	2	DQB1*05:01:01:01	DQB1*03:03:02:02
HG00558	EAS	HG00556	T1K-four-field	DQB1	four_field	complete	1	1	0	1	DQB1*05:01:01:01	DQB1*03:03:02:02
HG00558	EAS	HG00556	T1K-four-field	DRB1	two_field	complete	1	1	1	2	DRB1*09:01:02:01	DRB1*10:01:01:03
HG00558	EAS	HG00556	T1K-four-field	DRB1	four_field	complete	0	0	0	0	DRB1*09:01:02:01	DRB1*10:01:01:03
HG02165	EAS	HG02165	T1K-four-field	A	two_field	complete	1	1	1	2	A*11:02:01:01	A*02:07:01:01
HG02165	EAS	HG02165	T1K-four-field	A	four_field	complete	1	1	1	2	A*11:02:01:01	A*02:07:01:01
HG02165	EAS	HG02165	T1K-four-field	B	two_field	complete	1	1	1	2	B*27:04:01:01	B*46:01:01:01
HG02165	EAS	HG02165	T1K-four-field	B	four_field	complete	1	1	1	2	B*27:04:01:01	B*46:01:01:01
HG02165	EAS	HG02165	T1K-four-field	C	two_field	complete	1	1	1	2	C*01:02:01:01	C*12:02:02:01
HG02165	EAS	HG02165	T1K-four-field	C	four_field	complete	0	0	0	0	C*01:02:01:01	C*12:02:02:01
HG02165	EAS	HG02165	T1K-four-field	DPA1	two_field	complete	1	1	1	2	DPA1*02:02:02:01	DPA1*02:02:02:01
HG02165	EAS	HG02165	T1K-four-field	DPA1	four_field	complete	0	0	0	0	DPA1*02:02:02:01	DPA1*02:02:02:01
HG02165	EAS	HG02165	T1K-four-field	DPB1	two_field	complete	1	1	1	2	DPB1*05:01:01:01	DPB1*02:02:01:03
HG02165	EAS	HG02165	T1K-four-field	DPB1	four_field	complete	1	1	0	1	DPB1*05:01:01:01	DPB1*02:02:01:03
HG02165	EAS	HG02165	T1K-four-field	DQA1	two_field	complete	1	1	1	2	DQA1*01:04:01:01	DQA1*01:04:01:01
HG02165	EAS	HG02165	T1K-four-field	DQA1	four_field	complete	1	1	1	2	DQA1*01:04:01:01	DQA1*01:04:01:01
HG02165	EAS	HG02165	T1K-four-field	DQB1	two_field	complete	1	1	1	2	DQB1*05:02:01:01	DQB1*05:02:01:01
HG02165	EAS	HG02165	T1K-four-field	DQB1	four_field	complete	1	1	1	2	DQB1*05:02:01:01	DQB1*05:02:01:01
HG02165	EAS	HG02165	T1K-four-field	DRB1	two_field	complete	1	1	1	2	DRB1*14:54:01:01	DRB1*14:54:01:01
HG02165	EAS	HG02165	T1K-four-field	DRB1	four_field	complete	1	1	0	0	DRB1*14:54:01:01	DRB1*14:54:01:01
HG02523	EAS	HG02521	T1K-four-field	A	two_field	complete	1	1	1	2	A*11:01:01:01	A*02:07:01:01
HG02523	EAS	HG02521	T1K-four-field	A	four_field	complete	1	1	1	2	A*11:01:01:01	A*02:07:01:01
HG02523	EAS	HG02521	T1K-four-field	B	two_field	complete	1	1	1	2	B*07:05:01:01	B*46:01:01:01
HG02523	EAS	HG02521	T1K-four-field	B	four_field	complete	1	1	1	2	B*07:05:01:01	B*46:01:01:01
HG02523	EAS	HG02521	T1K-four-field	C	two_field	complete	1	1	1	2	C*01:02:01:01	C*15:05:02:01
HG02523	EAS	HG02521	T1K-four-field	C	four_field	complete	0	0	0	0	C*01:02:01:01	C*15:05:02:01
HG02523	EAS	HG02521	T1K-four-field	DPA1	two_field	complete	1	1	1	2	DPA1*02:02:02:01	DPA1*01:03:01:02
HG02523	EAS	HG02521	T1K-four-field	DPA1	four_field	complete	0	0	0	0	DPA1*02:02:02:01	DPA1*01:03:01:02
HG02523	EAS	HG02521	T1K-four-field	DPB1	two_field	complete	1	1	1	2	DPB1*04:01:01:40	DPB1*05:01:01:20
HG02523	EAS	HG02521	T1K-four-field	DPB1	four_field	complete	1	1	0	0	DPB1*04:01:01:40	DPB1*05:01:01:20
HG02523	EAS	HG02521	T1K-four-field	DQA1	two_field	complete	1	1	1	2	DQA1*01:05:01:01	DQA1*03:02:01:01
HG02523	EAS	HG02521	T1K-four-field	DQA1	four_field	complete	1	1	0	1	DQA1*01:05:01:01	DQA1*03:02:01:01
HG02523	EAS	HG02521	T1K-four-field	DQB1	two_field	complete	1	1	1	2	DQB1*03:03:02:02	DQB1*05:01:01:01
HG02523	EAS	HG02521	T1K-four-field	DQB1	four_field	complete	1	1	0	1	DQB1*03:03:02:02	DQB1*05:01:01:01
HG02523	EAS	HG02521	T1K-four-field	DRB1	two_field	complete	1	1	1	2	DRB1*09:01:02:01	DRB1*10:01:01:03
HG02523	EAS	HG02521	T1K-four-field	DRB1	four_field	complete	0	0	0	0	DRB1*09:01:02:01	DRB1*10:01:01:03
HG02738	SAS	HG02736	T1K-four-field	A	two_field	complete	1	1	1	2	A*26:01:01:01	A*23:01:01:01
HG02738	SAS	HG02736	T1K-four-field	A	four_field	complete	1	1	1	2	A*26:01:01:01	A*23:01:01:01
HG02738	SAS	HG02736	T1K-four-field	B	two_field	complete	1	1	1	2	B*08:01:01:01	B*50:01:01:01
HG02738	SAS	HG02736	T1K-four-field	B	four_field	complete	1	1	0	1	B*08:01:01:01	B*50:01:01:01
HG02738	SAS	HG02736	T1K-four-field	C	two_field	complete	1	1	1	2	C*06:02:01:02	C*07:02:01:01
HG02738	SAS	HG02736	T1K-four-field	C	four_field	complete	1	1	1	2	C*06:02:01:02	C*07:02:01:01
HG02738	SAS	HG02736	T1K-four-field	DPA1	two_field	complete	1	1	1	2	DPA1*01:03:01:05	DPA1*02:01:01:02
HG02738	SAS	HG02736	T1K-four-field	DPA1	four_field	complete	0	0	0	0	DPA1*01:03:01:05	DPA1*02:01:01:02
HG02738	SAS	HG02736	T1K-four-field	DPB1	two_field	complete	1	1	1	2	DPB1*14:01:01:01	DPB1*04:02:01:01
HG02738	SAS	HG02736	T1K-four-field	DPB1	four_field	complete	1	1	0	1	DPB1*14:01:01:01	DPB1*04:02:01:01
HG02738	SAS	HG02736	T1K-four-field	DQA1	two_field	complete	1	1	1	2	DQA1*05:01:01:01	DQA1*05:01:01:01
HG02738	SAS	HG02736	T1K-four-field	DQA1	four_field	complete	0	0	0	0	DQA1*05:01:01:01	DQA1*05:01:01:01
HG02738	SAS	HG02736	T1K-four-field	DQB1	two_field	complete	1	1	1	2	DQB1*02:01:01:01	DQB1*02:01:01:01
HG02738	SAS	HG02736	T1K-four-field	DQB1	four_field	complete	1	1	1	2	DQB1*02:01:01:01	DQB1*02:01:01:01
HG02738	SAS	HG02736	T1K-four-field	DRB1	two_field	complete	1	1	1	2	DRB1*03:01:01:03	DRB1*03:01:01:03
HG02738	SAS	HG02736	T1K-four-field	DRB1	four_field	complete	1	1	1	2	DRB1*03:01:01:03	DRB1*03:01:01:03
HG03688	SAS	HG03688	T1K-four-field	A	two_field	complete	1	1	1	2	A*68:01:02:01	A*02:11:01:01
HG03688	SAS	HG03688	T1K-four-field	A	four_field	complete	1	1	1	2	A*68:01:02:01	A*02:11:01:01
HG03688	SAS	HG03688	T1K-four-field	B	two_field	complete	1	1	1	2	B*35:01:01:01	B*52:01:01:01
HG03688	SAS	HG03688	T1K-four-field	B	four_field	complete	1	1	0	1	B*35:01:01:01	B*52:01:01:01
HG03688	SAS	HG03688	T1K-four-field	C	two_field	complete	1	1	1	2	C*04:01:01:01	C*05:01:01:02
HG03688	SAS	HG03688	T1K-four-field	C	four_field	complete	1	1	0	1	C*04:01:01:01	C*05:01:01:02
HG03688	SAS	HG03688	T1K-four-field	DPA1	two_field	complete	1	1	1	2	DPA1*02:07:01:01	DPA1*01:03:01:69
HG03688	SAS	HG03688	T1K-four-field	DPA1	four_field	complete	1	1	0	1	DPA1*02:07:01:01	DPA1*01:03:01:69
HG03688	SAS	HG03688	T1K-four-field	DPB1	two_field	complete	1	1	1	2	DPB1*04:01:01:171	DPB1*04:02:01:01
HG03688	SAS	HG03688	T1K-four-field	DPB1	four_field	complete	1	1	0	1	DPB1*04:01:01:171	DPB1*04:02:01:01
HG03688	SAS	HG03688	T1K-four-field	DQA1	two_field	complete	1	1	1	2	DQA1*01:03:01:01	DQA1*03:01:01:01
HG03688	SAS	HG03688	T1K-four-field	DQA1	four_field	complete	1	1	1	2	DQA1*01:03:01:01	DQA1*03:01:01:01
HG03688	SAS	HG03688	T1K-four-field	DQB1	two_field	complete	1	1	1	2	DQB1*03:02:01:01	DQB1*06:01:01:01
HG03688	SAS	HG03688	T1K-four-field	DQB1	four_field	complete	1	1	1	2	DQB1*03:02:01:01	DQB1*06:01:01:01
HG03688	SAS	HG03688	T1K-four-field	DRB1	two_field	complete	1	1	1	2	DRB1*15:01:01:03	DRB1*04:03:01:01,HLA-DRB1*04:03:01:02,HLA-DRB1*04:03:01:03
HG03688	SAS	HG03688	T1K-four-field	DRB1	four_field	complete	0	0	0	0	DRB1*15:01:01:03	DRB1*04:03:01:01,HLA-DRB1*04:03:01:02,HLA-DRB1*04:03:01:03
HG03927	SAS	HG03925	T1K-four-field	A	two_field	complete	1	1	1	2	A*24:02:01:01	A*31:01:02:01
HG03927	SAS	HG03925	T1K-four-field	A	four_field	complete	1	1	1	2	A*24:02:01:01	A*31:01:02:01
HG03927	SAS	HG03925	T1K-four-field	B	two_field	complete	1	1	1	2	B*52:01:01:01	B*15:08:01:01
HG03927	SAS	HG03925	T1K-four-field	B	four_field	complete	1	1	1	2	B*52:01:01:01	B*15:08:01:01
HG03927	SAS	HG03925	T1K-four-field	C	two_field	complete	1	1	1	2	C*01:02:01:01	C*12:02:02:01
HG03927	SAS	HG03925	T1K-four-field	C	four_field	complete	1	1	1	2	C*01:02:01:01	C*12:02:02:01
HG03927	SAS	HG03925	T1K-four-field	DPA1	two_field	complete	1	1	1	2	DPA1*01:03:01:05	DPA1*01:03:01:01
HG03927	SAS	HG03925	T1K-four-field	DPA1	four_field	complete	1	1	1	2	DPA1*01:03:01:05	DPA1*01:03:01:01
HG03927	SAS	HG03925	T1K-four-field	DPB1	two_field	complete	1	1	1	2	DPB1*02:01:02:01	DPB1*04:02:01:01
HG03927	SAS	HG03925	T1K-four-field	DPB1	four_field	complete	1	1	0	1	DPB1*02:01:02:01	DPB1*04:02:01:01
HG03927	SAS	HG03925	T1K-four-field	DQA1	two_field	complete	1	1	1	2	DQA1*01:04:02:01	DQA1*02:01:01:01
HG03927	SAS	HG03925	T1K-four-field	DQA1	four_field	complete	0	0	0	0	DQA1*01:04:02:01	DQA1*02:01:01:01
HG03927	SAS	HG03925	T1K-four-field	DQB1	two_field	complete	1	1	1	2	DQB1*03:03:02:01	DQB1*05:03:01:01
HG03927	SAS	HG03925	T1K-four-field	DQB1	four_field	complete	1	1	1	2	DQB1*03:03:02:01	DQB1*05:03:01:01
HG03927	SAS	HG03925	T1K-four-field	DRB1	two_field	complete	1	1	1	2	DRB1*07:01:01:01	DRB1*14:04:01:02,HLA-DRB1*14:04:01:03
HG03927	SAS	HG03925	T1K-four-field	DRB1	four_field	complete	0	0	0	0	DRB1*07:01:01:01	DRB1*14:04:01:02,HLA-DRB1*14:04:01:03
NA18952	EAS	NA18952	T1K-four-field	A	two_field	complete	1	1	1	2	A*31:01:02:01	A*24:02:01:01
NA18952	EAS	NA18952	T1K-four-field	A	four_field	complete	1	1	1	2	A*31:01:02:01	A*24:02:01:01
NA18952	EAS	NA18952	T1K-four-field	B	two_field	complete	1	1	1	2	B*51:01:01:01,HLA-B*51:01:01:80	B*07:02:01:01
NA18952	EAS	NA18952	T1K-four-field	B	four_field	complete	1	1	0	1	B*51:01:01:01,HLA-B*51:01:01:80	B*07:02:01:01
NA18952	EAS	NA18952	T1K-four-field	C	two_field	complete	1	1	1	2	C*07:02:01:03	C*14:02:01:01
NA18952	EAS	NA18952	T1K-four-field	C	four_field	complete	1	1	1	2	C*07:02:01:03	C*14:02:01:01
NA18952	EAS	NA18952	T1K-four-field	DPA1	two_field	complete	1	1	1	2	DPA1*02:02:02:01	DPA1*02:01:01:01
NA18952	EAS	NA18952	T1K-four-field	DPA1	four_field	complete	0	0	0	0	DPA1*02:02:02:01	DPA1*02:01:01:01
NA18952	EAS	NA18952	T1K-four-field	DPB1	two_field	complete	1	1	1	2	DPB1*05:01:01:01	DPB1*05:01:01:01
NA18952	EAS	NA18952	T1K-four-field	DPB1	four_field	complete	0	0	0	0	DPB1*05:01:01:01	DPB1*05:01:01:01
NA18952	EAS	NA18952	T1K-four-field	DQA1	two_field	complete	1	1	1	2	DQA1*01:04:01:01	DQA1*03:02:01:01
NA18952	EAS	NA18952	T1K-four-field	DQA1	four_field	complete	1	1	0	1	DQA1*01:04:01:01	DQA1*03:02:01:01
NA18952	EAS	NA18952	T1K-four-field	DQB1	two_field	complete	1	1	1	2	DQB1*05:03:01:04	DQB1*03:03:02:02
NA18952	EAS	NA18952	T1K-four-field	DQB1	four_field	complete	1	1	0	1	DQB1*05:03:01:04	DQB1*03:03:02:02
NA18952	EAS	NA18952	T1K-four-field	DRB1	two_field	complete	1	1	1	2	DRB1*09:01:02:01	DRB1*14:54:01:09
NA18952	EAS	NA18952	T1K-four-field	DRB1	four_field	complete	0	0	0	0	DRB1*09:01:02:01	DRB1*14:54:01:09
NA21106	SAS	NA21106	T1K-four-field	A	two_field	complete	1	1	1	2	A*11:01:01:01	A*32:01:01:01
NA21106	SAS	NA21106	T1K-four-field	A	four_field	complete	1	1	1	2	A*11:01:01:01	A*32:01:01:01
NA21106	SAS	NA21106	T1K-four-field	B	two_field	complete	1	1	1	2	B*57:01:01:01	B*52:01:01:01
NA21106	SAS	NA21106	T1K-four-field	B	four_field	complete	1	1	0	1	B*57:01:01:01	B*52:01:01:01
NA21106	SAS	NA21106	T1K-four-field	C	two_field	complete	1	1	1	2	C*06:02:01:01	C*12:02:02:01
NA21106	SAS	NA21106	T1K-four-field	C	four_field	complete	1	1	1	2	C*06:02:01:01	C*12:02:02:01
NA21106	SAS	NA21106	T1K-four-field	DPA1	two_field	complete	1	1	1	2	DPA1*01:03:01:01	DPA1*01:03:01:01
NA21106	SAS	NA21106	T1K-four-field	DPA1	four_field	complete	1	1	1	2	DPA1*01:03:01:01	DPA1*01:03:01:01
NA21106	SAS	NA21106	T1K-four-field	DPB1	two_field	complete	1	1	1	2	DPB1*02:01:02:77	DPB1*02:01:02:01
NA21106	SAS	NA21106	T1K-four-field	DPB1	four_field	complete	0	0	0	0	DPB1*02:01:02:77	DPB1*02:01:02:01
NA21106	SAS	NA21106	T1K-four-field	DQA1	two_field	complete	1	1	1	2	DQA1*01:03:01:01	DQA1*01:03:01:01
NA21106	SAS	NA21106	T1K-four-field	DQA1	four_field	complete	1	1	1	2	DQA1*01:03:01:01	DQA1*01:03:01:01
NA21106	SAS	NA21106	T1K-four-field	DQB1	two_field	complete	1	1	1	2	DQB1*06:01:01:01	DQB1*06:01:01:01
NA21106	SAS	NA21106	T1K-four-field	DQB1	four_field	complete	1	1	1	2	DQB1*06:01:01:01	DQB1*06:01:01:01
NA21106	SAS	NA21106	T1K-four-field	DRB1	two_field	complete	1	1	1	2	DRB1*15:01:01:03	DRB1*15:02:01:03
NA21106	SAS	NA21106	T1K-four-field	DRB1	four_field	complete	0	0	0	0	DRB1*15:01:01:03	DRB1*15:02:01:03
HG00609	EAS	HG00607	T1K-four-field	A	two_field	complete	1	1	1	2	A*24:02:01:01	A*26:01:01:01
HG00609	EAS	HG00607	T1K-four-field	A	four_field	complete	1	1	1	2	A*24:02:01:01	A*26:01:01:01
HG00609	EAS	HG00607	T1K-four-field	B	two_field	complete	1	1	1	2	B*40:01:02:50	B*40:01:02:01
HG00609	EAS	HG00607	T1K-four-field	B	four_field	complete	1	1	0	1	B*40:01:02:50	B*40:01:02:01
HG00609	EAS	HG00607	T1K-four-field	C	two_field	complete	1	1	1	2	C*07:02:01:01	C*03:04:01:01
HG00609	EAS	HG00607	T1K-four-field	C	four_field	complete	1	1	0	0	C*07:02:01:01	C*03:04:01:01
HG00609	EAS	HG00607	T1K-four-field	DPA1	two_field	complete	1	1	1	2	DPA1*02:02:02:01	DPA1*02:02:02:01
HG00609	EAS	HG00607	T1K-four-field	DPA1	four_field	complete	0	0	0	0	DPA1*02:02:02:01	DPA1*02:02:02:01
HG00609	EAS	HG00607	T1K-four-field	DPB1	two_field	complete	1	1	1	2	DPB1*05:01:01:01	DPB1*02:01:02:30
HG00609	EAS	HG00607	T1K-four-field	DPB1	four_field	complete	0	0	0	0	DPB1*05:01:01:01	DPB1*02:01:02:30
HG00609	EAS	HG00607	T1K-four-field	DQA1	two_field	complete	1	1	1	2	DQA1*01:02:01:01	DQA1*03:02:01:01
HG00609	EAS	HG00607	T1K-four-field	DQA1	four_field	complete	1	1	0	1	DQA1*01:02:01:01	DQA1*03:02:01:01
HG00609	EAS	HG00607	T1K-four-field	DQB1	two_field	complete	1	1	1	2	DQB1*03:03:02:02	DQB1*06:02:01:01
HG00609	EAS	HG00607	T1K-four-field	DQB1	four_field	complete	1	1	1	2	DQB1*03:03:02:02	DQB1*06:02:01:01
HG00609	EAS	HG00607	T1K-four-field	DRB1	two_field	complete	1	1	1	2	DRB1*09:01:02:01	DRB1*15:01:01:05
HG00609	EAS	HG00607	T1K-four-field	DRB1	four_field	complete	0	0	0	0	DRB1*09:01:02:01	DRB1*15:01:01:05
HG02074	EAS	HG02074	T1K-four-field	A	two_field	complete	1	1	1	2	A*11:01:01:07	A*02:07:01:01
HG02074	EAS	HG02074	T1K-four-field	A	four_field	complete	0	0	0	0	A*11:01:01:07	A*02:07:01:01
HG02074	EAS	HG02074	T1K-four-field	B	two_field	complete	1	1	1	2	B*46:01:01:01	B*15:12:01
HG02074	EAS	HG02074	T1K-four-field	B	four_field	complete	0	0	0	0	B*46:01:01:01	B*15:12:01
HG02074	EAS	HG02074	T1K-four-field	C	two_field	complete	1	1	1	2	C*03:03:01:01	C*01:02:01:01
HG02074	EAS	HG02074	T1K-four-field	C	four_field	complete	1	1	1	2	C*03:03:01:01	C*01:02:01:01
HG02074	EAS	HG02074	T1K-four-field	DPA1	two_field	complete	1	1	1	2	DPA1*02:02:02:01	DPA1*02:02:02:01
HG02074	EAS	HG02074	T1K-four-field	DPA1	four_field	complete	0	0	0	0	DPA1*02:02:02:01	DPA1*02:02:02:01
HG02074	EAS	HG02074	T1K-four-field	DPB1	two_field	complete	1	1	1	2	DPB1*05:01:01:01	DPB1*05:01:01:01
HG02074	EAS	HG02074	T1K-four-field	DPB1	four_field	complete	1	1	0	1	DPB1*05:01:01:01	DPB1*05:01:01:01
HG02074	EAS	HG02074	T1K-four-field	DQA1	two_field	complete	1	1	1	2	DQA1*03:02:01:01	DQA1*01:04:01:01
HG02074	EAS	HG02074	T1K-four-field	DQA1	four_field	complete	1	1	0	1	DQA1*03:02:01:01	DQA1*01:04:01:01
HG02074	EAS	HG02074	T1K-four-field	DQB1	two_field	complete	1	1	1	2	DQB1*03:03:02:02	DQB1*05:02:01:01
HG02074	EAS	HG02074	T1K-four-field	DQB1	four_field	complete	1	1	1	2	DQB1*03:03:02:02	DQB1*05:02:01:01
HG02074	EAS	HG02074	T1K-four-field	DRB1	two_field	complete	1	1	1	2	DRB1*09:01:02:01	DRB1*14:54:01:01
HG02074	EAS	HG02074	T1K-four-field	DRB1	four_field	complete	0	0	0	0	DRB1*09:01:02:01	DRB1*14:54:01:01
HG03017	SAS	HG03015	T1K-four-field	A	two_field	complete	1	1	1	2	A*24:02:01:01	A*11:01:01:01
HG03017	SAS	HG03015	T1K-four-field	A	four_field	complete	1	1	1	2	A*24:02:01:01	A*11:01:01:01
HG03017	SAS	HG03015	T1K-four-field	B	two_field	complete	1	1	1	2	B*15:08:01:01	B*15:02:01:01
HG03017	SAS	HG03015	T1K-four-field	B	four_field	complete	0	0	0	0	B*15:08:01:01	B*15:02:01:01
HG03017	SAS	HG03015	T1K-four-field	C	two_field	complete	1	1	1	2	C*01:02:01:01	C*08:01:01:01
HG03017	SAS	HG03015	T1K-four-field	C	four_field	complete	1	1	1	2	C*01:02:01:01	C*08:01:01:01
HG03017	SAS	HG03015	T1K-four-field	DPA1	two_field	complete	1	1	1	2	DPA1*04:01:01:01	DPA1*01:03:01:05
HG03017	SAS	HG03015	T1K-four-field	DPA1	four_field	complete	0	0	0	0	DPA1*04:01:01:01	DPA1*01:03:01:05
HG03017	SAS	HG03015	T1K-four-field	DPB1	two_field	complete	1	1	1	2	DPB1*04:02:01:01	DPB1*296:01
HG03017	SAS	HG03015	T1K-four-field	DPB1	four_field	complete	0	0	0	0	DPB1*04:02:01:01	DPB1*296:01
HG03017	SAS	HG03015	T1K-four-field	DQA1	two_field	complete	1	1	1	2	DQA1*01:02:01:01	DQA1*04:01:01:01
HG03017	SAS	HG03015	T1K-four-field	DQA1	four_field	complete	1	1	0	0	DQA1*01:02:01:01	DQA1*04:01:01:01
HG03017	SAS	HG03015	T1K-four-field	DQB1	two_field	complete	1	1	1	2	DQB1*06:01:01:01	DQB1*04:02:01:04
HG03017	SAS	HG03015	T1K-four-field	DQB1	four_field	complete	1	1	1	2	DQB1*06:01:01:01	DQB1*04:02:01:04
HG03017	SAS	HG03015	T1K-four-field	DRB1	two_field	complete	1	1	1	2	DRB1*08:02:01:03	DRB1*15:01:01:03
HG03017	SAS	HG03015	T1K-four-field	DRB1	four_field	complete	0	0	0	0	DRB1*08:02:01:03	DRB1*15:01:01:03
HG03784	SAS	HG03784	T1K-four-field	A	two_field	complete	1	1	1	2	A*02:09:01:01	A*02:11:01:01
HG03784	SAS	HG03784	T1K-four-field	A	four_field	complete	0	0	0	0	A*02:09:01:01	A*02:11:01:01
HG03784	SAS	HG03784	T1K-four-field	B	two_field	complete	1	1	1	2	B*35:03:01:01	B*35:01:01:01
HG03784	SAS	HG03784	T1K-four-field	B	four_field	complete	1	1	0	1	B*35:03:01:01	B*35:01:01:01
HG03784	SAS	HG03784	T1K-four-field	C	two_field	complete	1	1	1	2	C*03:04:01:01	C*04:01:01:01,HLA-C*04:01:01:32,HLA-C*04:01:01:129
HG03784	SAS	HG03784	T1K-four-field	C	four_field	complete	1	1	0	0	C*03:04:01:01	C*04:01:01:01,HLA-C*04:01:01:32,HLA-C*04:01:01:129
HG03784	SAS	HG03784	T1K-four-field	DPA1	two_field	complete	1	1	1	2	DPA1*01:03:01:156	DPA1*01:03:01:01
HG03784	SAS	HG03784	T1K-four-field	DPA1	four_field	complete	0	0	0	0	DPA1*01:03:01:156	DPA1*01:03:01:01
HG03784	SAS	HG03784	T1K-four-field	DPB1	two_field	complete	1	1	1	2	DPB1*04:02:01:01	DPB1*02:01:02:01,HLA-DPB1*02:01:02:05
HG03784	SAS	HG03784	T1K-four-field	DPB1	four_field	complete	0	0	0	0	DPB1*04:02:01:01	DPB1*02:01:02:01,HLA-DPB1*02:01:02:05
HG03784	SAS	HG03784	T1K-four-field	DQA1	two_field	complete	1	1	0	1	DQA1*01:04:02:01	DQA1*01:04:02:01
HG03784	SAS	HG03784	T1K-four-field	DQA1	four_field	complete	0	0	0	0	DQA1*01:04:02:01	DQA1*01:04:02:01
HG03784	SAS	HG03784	T1K-four-field	DQB1	two_field	complete	1	1	1	2	DQB1*03:01:01:73	DQB1*05:03:01:01
HG03784	SAS	HG03784	T1K-four-field	DQB1	four_field	complete	1	1	0	1	DQB1*03:01:01:73	DQB1*05:03:01:01
HG03784	SAS	HG03784	T1K-four-field	DRB1	two_field	complete	1	1	1	2	DRB1*12:01:01:01,HLA-DRB1*12:01:01:04	DRB1*14:04:01:02
HG03784	SAS	HG03784	T1K-four-field	DRB1	four_field	complete	0	0	0	0	DRB1*12:01:01:01,HLA-DRB1*12:01:01:04	DRB1*14:04:01:02
HG04157	SAS	HG04155	T1K-four-field	A	two_field	complete	1	1	1	2	A*33:03:01:01	A*01:01:01:01
HG04157	SAS	HG04155	T1K-four-field	A	four_field	complete	1	1	1	2	A*33:03:01:01	A*01:01:01:01
HG04157	SAS	HG04155	T1K-four-field	B	two_field	complete	1	1	1	2	B*44:03:02:01	B*40:06:01:02
HG04157	SAS	HG04155	T1K-four-field	B	four_field	complete	0	0	0	0	B*44:03:02:01	B*40:06:01:02
HG04157	SAS	HG04155	T1K-four-field	C	two_field	complete	1	1	1	2	C*07:06:01:01	C*06:02:01:01
HG04157	SAS	HG04155	T1K-four-field	C	four_field	complete	1	1	1	2	C*07:06:01:01	C*06:02:01:01
HG04157	SAS	HG04155	T1K-four-field	DPA1	two_field	complete	1	1	1	2	DPA1*01:03:01:16	DPA1*02:01:01:26
HG04157	SAS	HG04155	T1K-four-field	DPA1	four_field	complete	0	0	0	0	DPA1*01:03:01:16	DPA1*02:01:01:26
HG04157	SAS	HG04155	T1K-four-field	DPB1	two_field	complete	1	1	1	2	DPB1*13:01:01:01	DPB1*16:01:01:01
HG04157	SAS	HG04155	T1K-four-field	DPB1	four_field	complete	1	1	1	2	DPB1*13:01:01:01	DPB1*16:01:01:01
HG04157	SAS	HG04155	T1K-four-field	DQA1	two_field	complete	1	1	1	2	DQA1*01:03:01:01	DQA1*02:01:01:01
HG04157	SAS	HG04155	T1K-four-field	DQA1	four_field	complete	1	1	1	2	DQA1*01:03:01:01	DQA1*02:01:01:01
HG04157	SAS	HG04155	T1K-four-field	DQB1	two_field	complete	1	1	1	2	DQB1*02:02:01:01	DQB1*06:01:01:01
HG04157	SAS	HG04155	T1K-four-field	DQB1	four_field	complete	1	1	1	2	DQB1*02:02:01:01	DQB1*06:01:01:01
HG04157	SAS	HG04155	T1K-four-field	DRB1	two_field	complete	1	1	1	2	DRB1*07:01:01:01	DRB1*15:02:01:09
HG04157	SAS	HG04155	T1K-four-field	DRB1	four_field	complete	0	0	0	0	DRB1*07:01:01:01	DRB1*15:02:01:09
HG04204	SAS	HG03642	T1K-four-field	A	two_field	complete	1	1	1	2	A*01:01:01:01	A*24:02:01:05
HG04204	SAS	HG03642	T1K-four-field	A	four_field	complete	1	1	1	2	A*01:01:01:01	A*24:02:01:05
HG04204	SAS	HG03642	T1K-four-field	B	two_field	complete	1	1	1	2	B*44:03:02:01	B*56:01:01:02
HG04204	SAS	HG03642	T1K-four-field	B	four_field	complete	0	0	0	0	B*44:03:02:01	B*56:01:01:02
HG04204	SAS	HG03642	T1K-four-field	C	two_field	complete	1	1	1	2	C*07:06:01:01	C*03:03:01:01
HG04204	SAS	HG03642	T1K-four-field	C	four_field	complete	0	0	0	0	C*07:06:01:01	C*03:03:01:01
HG04204	SAS	HG03642	T1K-four-field	DPA1	two_field	complete	1	1	1	2	DPA1*01:03:01:02	DPA1*02:01:01:02
HG04204	SAS	HG03642	T1K-four-field	DPA1	four_field	complete	0	0	0	0	DPA1*01:03:01:02	DPA1*02:01:01:02
HG04204	SAS	HG03642	T1K-four-field	DPB1	two_field	complete	1	1	1	2	DPB1*14:01:01:01	DPB1*04:01:01:01
HG04204	SAS	HG03642	T1K-four-field	DPB1	four_field	complete	1	1	1	2	DPB1*14:01:01:01	DPB1*04:01:01:01
HG04204	SAS	HG03642	T1K-four-field	DQA1	two_field	complete	1	1	1	2	DQA1*01:03:01:01	DQA1*02:01:01:01
HG04204	SAS	HG03642	T1K-four-field	DQA1	four_field	complete	1	1	1	2	DQA1*01:03:01:01	DQA1*02:01:01:01
HG04204	SAS	HG03642	T1K-four-field	DQB1	two_field	complete	1	1	1	2	DQB1*02:02:01:01	DQB1*06:01:01:01
HG04204	SAS	HG03642	T1K-four-field	DQB1	four_field	complete	1	1	1	2	DQB1*02:02:01:01	DQB1*06:01:01:01
HG04204	SAS	HG03642	T1K-four-field	DRB1	two_field	complete	1	1	1	2	DRB1*07:01:01:01	DRB1*15:02:01:05
HG04204	SAS	HG03642	T1K-four-field	DRB1	four_field	complete	0	0	0	0	DRB1*07:01:01:01	DRB1*15:02:01:05
NA18747	EAS	NA18747	T1K-four-field	A	two_field	complete	1	1	1	2	A*02:01:01:01	A*01:01:01:01
NA18747	EAS	NA18747	T1K-four-field	A	four_field	complete	1	1	1	2	A*02:01:01:01	A*01:01:01:01
NA18747	EAS	NA18747	T1K-four-field	B	two_field	complete	1	1	1	2	B*15:27:01:01	B*35:03:01:01
NA18747	EAS	NA18747	T1K-four-field	B	four_field	complete	1	1	1	2	B*15:27:01:01	B*35:03:01:01
NA18747	EAS	NA18747	T1K-four-field	C	two_field	complete	1	1	1	2	C*04:01:01:01	C*04:01:01:01
NA18747	EAS	NA18747	T1K-four-field	C	four_field	complete	1	1	0	0	C*04:01:01:01	C*04:01:01:01
NA18747	EAS	NA18747	T1K-four-field	DPA1	two_field	complete	1	1	1	2	DPA1*02:02:02:01	DPA1*02:02:02:01
NA18747	EAS	NA18747	T1K-four-field	DPA1	four_field	complete	0	0	0	0	DPA1*02:02:02:01	DPA1*02:02:02:01
NA18747	EAS	NA18747	T1K-four-field	DPB1	two_field	complete	1	1	1	2	DPB1*05:01:01:04	DPB1*02:01:02:30
NA18747	EAS	NA18747	T1K-four-field	DPB1	four_field	complete	1	1	0	1	DPB1*05:01:01:04	DPB1*02:01:02:30
NA18747	EAS	NA18747	T1K-four-field	DQA1	two_field	complete	1	1	1	2	DQA1*01:04:01:01	DQA1*01:02:01:01
NA18747	EAS	NA18747	T1K-four-field	DQA1	four_field	complete	1	1	0	1	DQA1*01:04:01:01	DQA1*01:02:01:01
NA18747	EAS	NA18747	T1K-four-field	DQB1	two_field	complete	1	1	1	2	DQB1*05:03:01:01	DQB1*06:02:01:01
NA18747	EAS	NA18747	T1K-four-field	DQB1	four_field	complete	1	1	0	1	DQB1*05:03:01:01	DQB1*06:02:01:01
NA18747	EAS	NA18747	T1K-four-field	DRB1	two_field	complete	1	1	1	2	DRB1*15:01:01:03	DRB1*14:05:01:03
NA18747	EAS	NA18747	T1K-four-field	DRB1	four_field	complete	0	0	0	0	DRB1*15:01:01:03	DRB1*14:05:01:03
NA19088	EAS	NA19088	T1K-four-field	A	two_field	complete	1	1	1	2	A*26:03:01:01	A*24:02:01:01
NA19088	EAS	NA19088	T1K-four-field	A	four_field	complete	1	1	1	2	A*26:03:01:01	A*24:02:01:01
NA19088	EAS	NA19088	T1K-four-field	B	two_field	complete	1	1	1	2	B*15:01:01:01	B*15:07:01:01
NA19088	EAS	NA19088	T1K-four-field	B	four_field	complete	0	0	0	0	B*15:01:01:01	B*15:07:01:01
NA19088	EAS	NA19088	T1K-four-field	C	two_field	complete	1	1	1	2	C*03:03:01:01	C*03:03:01:01
NA19088	EAS	NA19088	T1K-four-field	C	four_field	complete	1	1	1	2	C*03:03:01:01	C*03:03:01:01
NA19088	EAS	NA19088	T1K-four-field	DPA1	two_field	complete	1	1	1	2	DPA1*01:03:01:01	DPA1*01:03:01:01
NA19088	EAS	NA19088	T1K-four-field	DPA1	four_field	complete	1	1	0	1	DPA1*01:03:01:01	DPA1*01:03:01:01
NA19088	EAS	NA19088	T1K-four-field	DPB1	two_field	complete	1	1	1	2	DPB1*02:01:02:01	DPB1*02:01:02:77
NA19088	EAS	NA19088	T1K-four-field	DPB1	four_field	complete	0	0	0	0	DPB1*02:01:02:01	DPB1*02:01:02:77
NA19088	EAS	NA19088	T1K-four-field	DQA1	two_field	complete	1	1	1	2	DQA1*03:01:01:01	DQA1*05:03:01:02
NA19088	EAS	NA19088	T1K-four-field	DQA1	four_field	complete	1	1	1	2	DQA1*03:01:01:01	DQA1*05:03:01:02
NA19088	EAS	NA19088	T1K-four-field	DQB1	two_field	complete	1	1	1	2	DQB1*03:02:01:01	DQB1*03:01:01:01
NA19088	EAS	NA19088	T1K-four-field	DQB1	four_field	complete	1	1	0	1	DQB1*03:02:01:01	DQB1*03:01:01:01
NA19088	EAS	NA19088	T1K-four-field	DRB1	two_field	complete	1	1	1	2	DRB1*04:03:01:01,HLA-DRB1*04:03:01:02,HLA-DRB1*04:03:01:03	DRB1*14:03:01
NA19088	EAS	NA19088	T1K-four-field	DRB1	four_field	complete	0	0	0	0	DRB1*04:03:01:01,HLA-DRB1*04:03:01:02,HLA-DRB1*04:03:01:03	DRB1*14:03:01
HG01530	EUR	IBS011	T1K-four-field	A	two_field	complete	1	1	1	2	A*02:01:01:01	A*24:02:01:04
HG01530	EUR	IBS011	T1K-four-field	A	four_field	complete	1	1	1	2	A*02:01:01:01	A*24:02:01:04
HG01530	EUR	IBS011	T1K-four-field	B	two_field	complete	1	1	1	2	B*35:03:01:01	B*07:02:01:01
HG01530	EUR	IBS011	T1K-four-field	B	four_field	complete	0	0	0	0	B*35:03:01:01	B*07:02:01:01
HG01530	EUR	IBS011	T1K-four-field	C	two_field	complete	1	1	1	2	C*07:02:01:03	C*12:03:01:01
HG01530	EUR	IBS011	T1K-four-field	C	four_field	complete	1	1	1	2	C*07:02:01:03	C*12:03:01:01
HG01530	EUR	IBS011	T1K-four-field	DPA1	two_field	complete	1	1	1	2	DPA1*01:03:01:01	DPA1*01:03:01:05
HG01530	EUR	IBS011	T1K-four-field	DPA1	four_field	complete	1	1	1	2	DPA1*01:03:01:01	DPA1*01:03:01:05
HG01530	EUR	IBS011	T1K-four-field	DPB1	two_field	complete	1	1	1	2	DPB1*02:01:02:01	DPB1*04:02:01:01
HG01530	EUR	IBS011	T1K-four-field	DPB1	four_field	complete	1	1	0	0	DPB1*02:01:02:01	DPB1*04:02:01:01
HG01530	EUR	IBS011	T1K-four-field	DQA1	two_field	complete	1	1	1	2	DQA1*01:01:01:01	DQA1*02:01:01:01
HG01530	EUR	IBS011	T1K-four-field	DQA1	four_field	complete	1	1	1	2	DQA1*01:01:01:01	DQA1*02:01:01:01
HG01530	EUR	IBS011	T1K-four-field	DQB1	two_field	complete	1	1	1	2	DQB1*05:01:01:01	DQB1*02:02:01:01
HG01530	EUR	IBS011	T1K-four-field	DQB1	four_field	complete	1	1	0	1	DQB1*05:01:01:01	DQB1*02:02:01:01
HG01530	EUR	IBS011	T1K-four-field	DRB1	two_field	complete	1	1	1	2	DRB1*01:03:01:01	DRB1*07:01:01:01
HG01530	EUR	IBS011	T1K-four-field	DRB1	four_field	complete	1	1	1	2	DRB1*01:03:01:01	DRB1*07:01:01:01
NA20806	EUR	NA20806	T1K-four-field	A	two_field	complete	1	1	1	2	A*02:01:01:01	A*26:01:01:01
NA20806	EUR	NA20806	T1K-four-field	A	four_field	complete	1	1	1	2	A*02:01:01:01	A*26:01:01:01
NA20806	EUR	NA20806	T1K-four-field	B	two_field	complete	1	1	1	2	B*51:01:01:01	B*35:03:01:03
NA20806	EUR	NA20806	T1K-four-field	B	four_field	complete	1	1	1	2	B*51:01:01:01	B*35:03:01:03
NA20806	EUR	NA20806	T1K-four-field	C	two_field	complete	1	1	1	2	C*07:02:01:01	C*04:01:01:01,HLA-C*04:01:01:32,HLA-C*04:01:01:129
NA20806	EUR	NA20806	T1K-four-field	C	four_field	complete	1	1	0	1	C*07:02:01:01	C*04:01:01:01,HLA-C*04:01:01:32,HLA-C*04:01:01:129
NA20806	EUR	NA20806	T1K-four-field	DPA1	two_field	complete	1	1	1	2	DPA1*01:03:01:02	DPA1*01:03:01:02
NA20806	EUR	NA20806	T1K-four-field	DPA1	four_field	complete	1	1	0	1	DPA1*01:03:01:02	DPA1*01:03:01:02
NA20806	EUR	NA20806	T1K-four-field	DPB1	two_field	complete	1	1	1	2	DPB1*04:01:01:01	DPB1*04:01:01:04
NA20806	EUR	NA20806	T1K-four-field	DPB1	four_field	complete	1	1	0	1	DPB1*04:01:01:01	DPB1*04:01:01:04
NA20806	EUR	NA20806	T1K-four-field	DQA1	two_field	complete	1	1	1	2	DQA1*01:02:01:01	DQA1*01:02:01:01
NA20806	EUR	NA20806	T1K-four-field	DQA1	four_field	complete	1	1	1	2	DQA1*01:02:01:01	DQA1*01:02:01:01
NA20806	EUR	NA20806	T1K-four-field	DQB1	two_field	complete	1	1	1	2	DQB1*06:02:01:01	DQB1*06:02:01:01
NA20806	EUR	NA20806	T1K-four-field	DQB1	four_field	complete	1	1	1	2	DQB1*06:02:01:01	DQB1*06:02:01:01
NA20806	EUR	NA20806	T1K-four-field	DRB1	two_field	complete	1	1	1	2	DRB1*15:01:01:03	DRB1*15:01:01:06
NA20806	EUR	NA20806	T1K-four-field	DRB1	four_field	complete	1	1	0	0	DRB1*15:01:01:03	DRB1*15:01:01:06
HG00321	EUR	HG00321	T1K-four-field	A	two_field	complete	1	1	1	2	A*02:01:01:01	A*02:01:01:01
HG00321	EUR	HG00321	T1K-four-field	A	four_field	complete	1	1	1	2	A*02:01:01:01	A*02:01:01:01
HG00321	EUR	HG00321	T1K-four-field	B	two_field	complete	1	1	1	2	B*40:01:02:01,HLA-B*40:01:02:62	B*15:01:01:01
HG00321	EUR	HG00321	T1K-four-field	B	four_field	complete	1	1	0	1	B*40:01:02:01,HLA-B*40:01:02:62	B*15:01:01:01
HG00321	EUR	HG00321	T1K-four-field	C	two_field	complete	1	1	1	2	C*03:04:01:01	C*03:03:01:01
HG00321	EUR	HG00321	T1K-four-field	C	four_field	complete	1	1	1	2	C*03:04:01:01	C*03:03:01:01
HG00321	EUR	HG00321	T1K-four-field	DPA1	two_field	complete	1	1	1	2	DPA1*01:03:01:02	DPA1*01:03:01:02
HG00321	EUR	HG00321	T1K-four-field	DPA1	four_field	complete	1	1	1	2	DPA1*01:03:01:02	DPA1*01:03:01:02
HG00321	EUR	HG00321	T1K-four-field	DPB1	two_field	complete	1	1	1	2	DPB1*04:01:01:01	DPB1*04:01:01:01
HG00321	EUR	HG00321	T1K-four-field	DPB1	four_field	complete	1	1	1	2	DPB1*04:01:01:01	DPB1*04:01:01:01
HG00321	EUR	HG00321	T1K-four-field	DQA1	two_field	complete	1	1	1	2	DQA1*01:02:01:01	DQA1*04:01:01:01
HG00321	EUR	HG00321	T1K-four-field	DQA1	four_field	complete	1	1	0	1	DQA1*01:02:01:01	DQA1*04:01:01:01
HG00321	EUR	HG00321	T1K-four-field	DQB1	two_field	complete	1	1	1	2	DQB1*04:02:01:04	DQB1*05:03:01:01
HG00321	EUR	HG00321	T1K-four-field	DQB1	four_field	complete	1	1	1	2	DQB1*04:02:01:04	DQB1*05:03:01:01
HG00321	EUR	HG00321	T1K-four-field	DRB1	two_field	complete	1	1	1	2	DRB1*15:01:01:03	DRB1*08:01:01:01
HG00321	EUR	HG00321	T1K-four-field	DRB1	four_field	complete	0	0	0	0	DRB1*15:01:01:03	DRB1*08:01:01:01
HG00232	EUR	HG00232	T1K-four-field	A	two_field	complete	1	1	1	2	A*03:01:01:01	A*03:01:01:01
HG00232	EUR	HG00232	T1K-four-field	A	four_field	complete	1	1	1	2	A*03:01:01:01	A*03:01:01:01
HG00232	EUR	HG00232	T1K-four-field	B	two_field	complete	1	1	1	2	B*27:05:02:01	B*07:02:01:01
HG00232	EUR	HG00232	T1K-four-field	B	four_field	complete	0	0	0	0	B*27:05:02:01	B*07:02:01:01
HG00232	EUR	HG00232	T1K-four-field	C	two_field	complete	1	1	1	2	C*02:02:02:01	C*07:02:01:03
HG00232	EUR	HG00232	T1K-four-field	C	four_field	complete	1	1	1	2	C*02:02:02:01	C*07:02:01:03
HG00232	EUR	HG00232	T1K-four-field	DPA1	two_field	complete	1	1	1	2	DPA1*01:03:01:02	DPA1*01:03:01:03
HG00232	EUR	HG00232	T1K-four-field	DPA1	four_field	complete	1	1	1	2	DPA1*01:03:01:02	DPA1*01:03:01:03
HG00232	EUR	HG00232	T1K-four-field	DPB1	two_field	complete	1	1	1	2	DPB1*03:01:01:01	DPB1*04:01:01:14
HG00232	EUR	HG00232	T1K-four-field	DPB1	four_field	complete	1	1	1	2	DPB1*03:01:01:01	DPB1*04:01:01:14
HG00232	EUR	HG00232	T1K-four-field	DQA1	two_field	complete	1	1	1	2	DQA1*01:04:01:01	DQA1*01:02:01:01
HG00232	EUR	HG00232	T1K-four-field	DQA1	four_field	complete	0	0	0	0	DQA1*01:04:01:01	DQA1*01:02:01:01
HG00232	EUR	HG00232	T1K-four-field	DQB1	two_field	complete	1	1	1	2	DQB1*06:02:01:01	DQB1*05:03:01:01
HG00232	EUR	HG00232	T1K-four-field	DQB1	four_field	complete	1	1	1	2	DQB1*06:02:01:01	DQB1*05:03:01:01
HG00232	EUR	HG00232	T1K-four-field	DRB1	two_field	complete	1	1	1	2	DRB1*15:01:01:01	DRB1*14:54:01:03,HLA-DRB1*14:54:01:09
HG00232	EUR	HG00232	T1K-four-field	DRB1	four_field	complete	0	0	0	0	DRB1*15:01:01:01	DRB1*14:54:01:03,HLA-DRB1*14:54:01:09
HG01786	EUR	IBS054	T1K-four-field	A	two_field	complete	1	1	1	2	A*03:01:01:01	A*02:01:01:01
HG01786	EUR	IBS054	T1K-four-field	A	four_field	complete	1	1	1	2	A*03:01:01:01	A*02:01:01:01
HG01786	EUR	IBS054	T1K-four-field	B	two_field	complete	1	1	1	2	B*15:17:01:01	B*44:02:01:01
HG01786	EUR	IBS054	T1K-four-field	B	four_field	complete	0	0	0	0	B*15:17:01:01	B*44:02:01:01
HG01786	EUR	IBS054	T1K-four-field	C	two_field	complete	1	1	1	2	C*07:01:02:01	C*05:01:01:02
HG01786	EUR	IBS054	T1K-four-field	C	four_field	complete	0	0	0	0	C*07:01:02:01	C*05:01:01:02
HG01786	EUR	IBS054	T1K-four-field	DPA1	two_field	complete	1	1	1	2	DPA1*01:03:01:02	DPA1*01:03:01:02
HG01786	EUR	IBS054	T1K-four-field	DPA1	four_field	complete	1	1	0	0	DPA1*01:03:01:02	DPA1*01:03:01:02
HG01786	EUR	IBS054	T1K-four-field	DPB1	two_field	complete	1	1	1	2	DPB1*04:01:01:04	DPB1*04:01:01:01
HG01786	EUR	IBS054	T1K-four-field	DPB1	four_field	complete	1	1	0	1	DPB1*04:01:01:04	DPB1*04:01:01:01
HG01786	EUR	IBS054	T1K-four-field	DQA1	two_field	complete	1	1	0	1	DQA1*01:02:01:04	DQA1*01:02:01:04
HG01786	EUR	IBS054	T1K-four-field	DQA1	four_field	complete	0	0	0	0	DQA1*01:02:01:04	DQA1*01:02:01:04
HG01786	EUR	IBS054	T1K-four-field	DQB1	two_field	complete	1	1	1	2	DQB1*06:04:01:01	DQB1*03:01:01:73
HG01786	EUR	IBS054	T1K-four-field	DQB1	four_field	complete	1	1	0	1	DQB1*06:04:01:01	DQB1*03:01:01:73
HG01786	EUR	IBS054	T1K-four-field	DRB1	two_field	complete	1	1	1	2	DRB1*13:02:01:09	DRB1*11:01:01:07
HG01786	EUR	IBS054	T1K-four-field	DRB1	four_field	complete	0	0	0	0	DRB1*13:02:01:09	DRB1*11:01:01:07
NA20503	EUR	NA20503	T1K-four-field	A	two_field	complete	1	1	1	2	A*01:01:01:01	A*02:01:01:01
NA20503	EUR	NA20503	T1K-four-field	A	four_field	complete	1	1	1	2	A*01:01:01:01	A*02:01:01:01
NA20503	EUR	NA20503	T1K-four-field	B	two_field	complete	1	1	1	2	B*35:01:01:01	B*35:01:01:01
NA20503	EUR	NA20503	T1K-four-field	B	four_field	complete	1	1	0	0	B*35:01:01:01	B*35:01:01:01
NA20503	EUR	NA20503	T1K-four-field	C	two_field	complete	1	1	1	2	C*04:01:01:06	C*04:01:01:145
NA20503	EUR	NA20503	T1K-four-field	C	four_field	complete	0	0	0	0	C*04:01:01:06	C*04:01:01:145
NA20503	EUR	NA20503	T1K-four-field	DPA1	two_field	complete	1	1	1	2	DPA1*01:03:01:02	DPA1*01:03:01:05
NA20503	EUR	NA20503	T1K-four-field	DPA1	four_field	complete	1	1	0	1	DPA1*01:03:01:02	DPA1*01:03:01:05
NA20503	EUR	NA20503	T1K-four-field	DPB1	two_field	complete	1	1	1	2	DPB1*04:01:01:01	DPB1*04:02:01:01
NA20503	EUR	NA20503	T1K-four-field	DPB1	four_field	complete	1	1	0	1	DPB1*04:01:01:01	DPB1*04:02:01:01
NA20503	EUR	NA20503	T1K-four-field	DQA1	two_field	complete	1	1	1	2	DQA1*01:01:01:01	DQA1*05:05:01:19,HLA-DQA1*05:05:01:53
NA20503	EUR	NA20503	T1K-four-field	DQA1	four_field	complete	1	1	0	1	DQA1*01:01:01:01	DQA1*05:05:01:19,HLA-DQA1*05:05:01:53
NA20503	EUR	NA20503	T1K-four-field	DQB1	two_field	complete	1	1	1	2	DQB1*05:01:01:01	DQB1*03:01:01:73
NA20503	EUR	NA20503	T1K-four-field	DQB1	four_field	complete	1	1	0	0	DQB1*05:01:01:01	DQB1*03:01:01:73
NA20503	EUR	NA20503	T1K-four-field	DRB1	two_field	complete	1	1	1	2	DRB1*01:01:01:01	DRB1*11:04:01:01
NA20503	EUR	NA20503	T1K-four-field	DRB1	four_field	complete	0	0	0	0	DRB1*01:01:01:01	DRB1*11:04:01:01
HG00344	EUR	HG00344	T1K-four-field	A	two_field	complete	1	1	1	2	A*02:01:01:01	A*03:01:01:01
HG00344	EUR	HG00344	T1K-four-field	A	four_field	complete	1	1	1	2	A*02:01:01:01	A*03:01:01:01
HG00344	EUR	HG00344	T1K-four-field	B	two_field	complete	1	1	1	2	B*07:02:01:01	B*07:02:01:01
HG00344	EUR	HG00344	T1K-four-field	B	four_field	complete	1	1	1	2	B*07:02:01:01	B*07:02:01:01
HG00344	EUR	HG00344	T1K-four-field	C	two_field	complete	1	1	1	2	C*07:02:01:03	C*07:02:01:03
HG00344	EUR	HG00344	T1K-four-field	C	four_field	complete	1	1	0	1	C*07:02:01:03	C*07:02:01:03
HG00344	EUR	HG00344	T1K-four-field	DPA1	two_field	complete	1	1	1	2	DPA1*02:06:01:01	DPA1*01:03:01:02
HG00344	EUR	HG00344	T1K-four-field	DPA1	four_field	complete	0	0	0	0	DPA1*02:06:01:01	DPA1*01:03:01:02
HG00344	EUR	HG00344	T1K-four-field	DPB1	two_field	complete	1	1	1	2	DPB1*04:01:01:03	DPB1*05:01:01:01
HG00344	EUR	HG00344	T1K-four-field	DPB1	four_field	complete	1	1	1	2	DPB1*04:01:01:03	DPB1*05:01:01:01
HG00344	EUR	HG00344	T1K-four-field	DQA1	two_field	complete	1	1	1	2	DQA1*01:02:01:01	DQA1*01:02:01:01
HG00344	EUR	HG00344	T1K-four-field	DQA1	four_field	complete	1	1	1	2	DQA1*01:02:01:01	DQA1*01:02:01:01
HG00344	EUR	HG00344	T1K-four-field	DQB1	two_field	complete	1	1	1	2	DQB1*06:02:01:01	DQB1*06:02:01:01
HG00344	EUR	HG00344	T1K-four-field	DQB1	four_field	complete	1	1	1	2	DQB1*06:02:01:01	DQB1*06:02:01:01
HG00344	EUR	HG00344	T1K-four-field	DRB1	two_field	complete	1	1	1	2	DRB1*15:01:01:03	DRB1*15:01:01:03
HG00344	EUR	HG00344	T1K-four-field	DRB1	four_field	complete	0	0	0	0	DRB1*15:01:01:03	DRB1*15:01:01:03
HG00128	EUR	HG00128	T1K-four-field	A	two_field	complete	1	1	1	2	A*02:01:01:01	A*02:01:01:01
HG00128	EUR	HG00128	T1K-four-field	A	four_field	complete	1	1	1	2	A*02:01:01:01	A*02:01:01:01
HG00128	EUR	HG00128	T1K-four-field	B	two_field	complete	1	1	1	2	B*14:02:01:01	B*27:05:02:01
HG00128	EUR	HG00128	T1K-four-field	B	four_field	complete	0	0	0	0	B*14:02:01:01	B*27:05:02:01
HG00128	EUR	HG00128	T1K-four-field	C	two_field	complete	1	1	1	2	C*02:02:02:01	C*08:02:01:01
HG00128	EUR	HG00128	T1K-four-field	C	four_field	complete	1	1	1	2	C*02:02:02:01	C*08:02:01:01
HG00128	EUR	HG00128	T1K-four-field	DPA1	two_field	complete	1	1	1	2	DPA1*02:01:01:02	DPA1*01:03:01:02
HG00128	EUR	HG00128	T1K-four-field	DPA1	four_field	complete	0	0	0	0	DPA1*02:01:01:02	DPA1*01:03:01:02
HG00128	EUR	HG00128	T1K-four-field	DPB1	two_field	complete	1	1	1	2	DPB1*10:01:01:01	DPB1*04:01:01:01
HG00128	EUR	HG00128	T1K-four-field	DPB1	four_field	complete	1	1	1	2	DPB1*10:01:01:01	DPB1*04:01:01:01
HG00128	EUR	HG00128	T1K-four-field	DQA1	two_field	complete	1	1	0	1	DQA1*01:01:01:01	DQA1*01:01:01:07
HG00128	EUR	HG00128	T1K-four-field	DQA1	four_field	complete	1	1	0	1	DQA1*01:01:01:01	DQA1*01:01:01:07
HG00128	EUR	HG00128	T1K-four-field	DQB1	two_field	complete	1	1	1	2	DQB1*05:01:01:01	DQB1*03:01:01:73
HG00128	EUR	HG00128	T1K-four-field	DQB1	four_field	complete	1	1	0	0	DQB1*05:01:01:01	DQB1*03:01:01:73
HG00128	EUR	HG00128	T1K-four-field	DRB1	two_field	complete	1	1	1	2	DRB1*01:01:01:01	DRB1*12:01:01:04
HG00128	EUR	HG00128	T1K-four-field	DRB1	four_field	complete	0	0	0	0	DRB1*01:01:01:01	DRB1*12:01:01:04
HG01784	EUR	IBS053	T1K-four-field	A	two_field	complete	1	1	1	2	A*23:01:01:01	A*02:01:01:01
HG01784	EUR	IBS053	T1K-four-field	A	four_field	complete	1	1	1	2	A*23:01:01:01	A*02:01:01:01
HG01784	EUR	IBS053	T1K-four-field	B	two_field	complete	1	1	1	2	B*44:03:01:01	B*44:02:01:01
HG01784	EUR	IBS053	T1K-four-field	B	four_field	complete	0	0	0	0	B*44:03:01:01	B*44:02:01:01
HG01784	EUR	IBS053	T1K-four-field	C	two_field	complete	1	1	1	2	C*04:01:01:01	C*05:01:01:02
HG01784	EUR	IBS053	T1K-four-field	C	four_field	complete	1	1	0	1	C*04:01:01:01	C*05:01:01:02
HG01784	EUR	IBS053	T1K-four-field	DPA1	two_field	complete	1	1	1	2	DPA1*01:03:01:02	DPA1*01:03:01:12
HG01784	EUR	IBS053	T1K-four-field	DPA1	four_field	complete	0	0	0	0	DPA1*01:03:01:02	DPA1*01:03:01:12
HG01784	EUR	IBS053	T1K-four-field	DPB1	two_field	complete	1	1	1	2	DPB1*04:01:01:05	DPB1*104:01:01:01
HG01784	EUR	IBS053	T1K-four-field	DPB1	four_field	complete	1	1	0	1	DPB1*04:01:01:05	DPB1*104:01:01:01
HG01784	EUR	IBS053	T1K-four-field	DQA1	two_field	complete	1	1	1	2	DQA1*03:03:01:01	DQA1*03:03:01:01
HG01784	EUR	IBS053	T1K-four-field	DQA1	four_field	complete	0	0	0	0	DQA1*03:03:01:01	DQA1*03:03:01:01
HG01784	EUR	IBS053	T1K-four-field	DQB1	two_field	complete	1	1	1	2	DQB1*02:02:01:02	DQB1*03:01:01:73
HG01784	EUR	IBS053	T1K-four-field	DQB1	four_field	complete	1	1	0	1	DQB1*02:02:01:02	DQB1*03:01:01:73
HG01784	EUR	IBS053	T1K-four-field	DRB1	two_field	complete	1	1	1	2	DRB1*04:01:01:01,HLA-DRB1*04:01:01:03	DRB1*04:05:01:06
HG01784	EUR	IBS053	T1K-four-field	DRB1	four_field	complete	0	0	0	0	DRB1*04:01:01:01,HLA-DRB1*04:01:01:03	DRB1*04:05:01:06
NA20809	EUR	NA20809	T1K-four-field	A	two_field	complete	1	1	1	2	A*29:02:01:01	A*03:01:01:01
NA20809	EUR	NA20809	T1K-four-field	A	four_field	complete	1	1	1	2	A*29:02:01:01	A*03:01:01:01
NA20809	EUR	NA20809	T1K-four-field	B	two_field	complete	1	1	1	2	B*07:02:01:01	B*44:03:01:01
NA20809	EUR	NA20809	T1K-four-field	B	four_field	complete	0	0	0	0	B*07:02:01:01	B*44:03:01:01
NA20809	EUR	NA20809	T1K-four-field	C	two_field	complete	1	1	1	2	C*07:02:01:03	C*16:01:01:01
NA20809	EUR	NA20809	T1K-four-field	C	four_field	complete	1	1	1	2	C*07:02:01:03	C*16:01:01:01
NA20809	EUR	NA20809	T1K-four-field	DPA1	two_field	complete	1	1	1	2	DPA1*01:03:01:02	DPA1*01:03:01:02
NA20809	EUR	NA20809	T1K-four-field	DPA1	four_field	complete	1	1	1	2	DPA1*01:03:01:02	DPA1*01:03:01:02
NA20809	EUR	NA20809	T1K-four-field	DPB1	two_field	complete	1	1	1	2	DPB1*04:01:01:01	DPB1*04:01:01:01
NA20809	EUR	NA20809	T1K-four-field	DPB1	four_field	complete	1	1	1	2	DPB1*04:01:01:01	DPB1*04:01:01:01
NA20809	EUR	NA20809	T1K-four-field	DQA1	two_field	complete	1	1	1	2	DQA1*01:01:01:01	DQA1*03:01:01:01
NA20809	EUR	NA20809	T1K-four-field	DQA1	four_field	complete	1	1	1	2	DQA1*01:01:01:01	DQA1*03:01:01:01
NA20809	EUR	NA20809	T1K-four-field	DQB1	two_field	complete	1	1	1	2	DQB1*03:02:01:02	DQB1*05:01:01:01
NA20809	EUR	NA20809	T1K-four-field	DQB1	four_field	complete	1	1	0	1	DQB1*03:02:01:02	DQB1*05:01:01:01
NA20809	EUR	NA20809	T1K-four-field	DRB1	two_field	complete	1	1	1	2	DRB1*01:01:01:01	DRB1*04:04:01:04,HLA-DRB1*04:04:01:15
NA20809	EUR	NA20809	T1K-four-field	DRB1	four_field	complete	0	0	0	0	DRB1*01:01:01:01	DRB1*04:04:01:04,HLA-DRB1*04:04:01:15
HG00272	EUR	HG00272	T1K-four-field	A	two_field	complete	1	1	1	2	A*32:01:01:01	A*01:01:01:01
HG00272	EUR	HG00272	T1K-four-field	A	four_field	complete	1	1	1	2	A*32:01:01:01	A*01:01:01:01
HG00272	EUR	HG00272	T1K-four-field	B	two_field	complete	1	1	1	2	B*08:01:01:01	B*15:01:01:01
HG00272	EUR	HG00272	T1K-four-field	B	four_field	complete	1	1	1	2	B*08:01:01:01	B*15:01:01:01
HG00272	EUR	HG00272	T1K-four-field	C	two_field	complete	1	1	1	2	C*07:01:01:01	C*03:03:01:01
HG00272	EUR	HG00272	T1K-four-field	C	four_field	complete	1	1	1	2	C*07:01:01:01	C*03:03:01:01
HG00272	EUR	HG00272	T1K-four-field	DPA1	two_field	complete	1	1	1	2	DPA1*02:01:02:02	DPA1*01:03:01:02
HG00272	EUR	HG00272	T1K-four-field	DPA1	four_field	complete	0	0	0	0	DPA1*02:01:02:02	DPA1*01:03:01:02
HG00272	EUR	HG00272	T1K-four-field	DPB1	two_field	complete	1	1	1	2	DPB1*04:01:01:40	DPB1*01:01:01:31
HG00272	EUR	HG00272	T1K-four-field	DPB1	four_field	complete	1	1	0	0	DPB1*04:01:01:40	DPB1*01:01:01:31
HG00272	EUR	HG00272	T1K-four-field	DQA1	two_field	complete	1	1	1	2	DQA1*05:01:01:02	DQA1*01:03:01:01
HG00272	EUR	HG00272	T1K-four-field	DQA1	four_field	complete	1	1	0	1	DQA1*05:01:01:02	DQA1*01:03:01:01
HG00272	EUR	HG00272	T1K-four-field	DQB1	two_field	complete	1	1	1	2	DQB1*02:01:01:01	DQB1*06:03:01:01
HG00272	EUR	HG00272	T1K-four-field	DQB1	four_field	complete	1	1	1	2	DQB1*02:01:01:01	DQB1*06:03:01:01
HG00272	EUR	HG00272	T1K-four-field	DRB1	two_field	complete	1	1	1	2	DRB1*03:01:01:01	DRB1*13:01:01:02
HG00272	EUR	HG00272	T1K-four-field	DRB1	four_field	complete	0	0	0	0	DRB1*03:01:01:01	DRB1*13:01:01:02
HG00133	EUR	HG00133	T1K-four-field	A	two_field	complete	1	1	1	2	A*32:01:01:01	A*02:01:01:01
HG00133	EUR	HG00133	T1K-four-field	A	four_field	complete	1	1	1	2	A*32:01:01:01	A*02:01:01:01
HG00133	EUR	HG00133	T1K-four-field	B	two_field	complete	1	1	1	2	B*44:02:01:01	B*53:01:01:01
HG00133	EUR	HG00133	T1K-four-field	B	four_field	complete	0	0	0	0	B*44:02:01:01	B*53:01:01:01
HG00133	EUR	HG00133	T1K-four-field	C	two_field	complete	1	1	1	2	C*04:01:01:01	C*05:01:01:02
HG00133	EUR	HG00133	T1K-four-field	C	four_field	complete	1	1	0	1	C*04:01:01:01	C*05:01:01:02
HG00133	EUR	HG00133	T1K-four-field	DPA1	two_field	complete	1	1	1	2	DPA1*01:03:01:02	DPA1*01:03:01:02
HG00133	EUR	HG00133	T1K-four-field	DPA1	four_field	complete	1	1	0	1	DPA1*01:03:01:02	DPA1*01:03:01:02
HG00133	EUR	HG00133	T1K-four-field	DPB1	two_field	complete	1	1	1	2	DPB1*104:01:01:01	DPB1*04:01:01:01
HG00133	EUR	HG00133	T1K-four-field	DPB1	four_field	complete	1	1	0	1	DPB1*104:01:01:01	DPB1*04:01:01:01
HG00133	EUR	HG00133	T1K-four-field	DQA1	two_field	complete	1	1	1	2	DQA1*03:01:01:01	DQA1*01:02:01:04
HG00133	EUR	HG00133	T1K-four-field	DQA1	four_field	complete	0	0	0	0	DQA1*03:01:01:01	DQA1*01:02:01:04
HG00133	EUR	HG00133	T1K-four-field	DQB1	two_field	complete	1	1	1	2	DQB1*03:02:01:02	DQB1*06:04:01:01
HG00133	EUR	HG00133	T1K-four-field	DQB1	four_field	complete	1	1	1	2	DQB1*03:02:01:02	DQB1*06:04:01:01
HG00133	EUR	HG00133	T1K-four-field	DRB1	two_field	complete	1	1	1	2	DRB1*04:04:01:04,HLA-DRB1*04:04:01:15	DRB1*13:02:01:05,HLA-DRB1*13:02:01:07
HG00133	EUR	HG00133	T1K-four-field	DRB1	four_field	complete	0	0	0	0	DRB1*04:04:01:04,HLA-DRB1*04:04:01:15	DRB1*13:02:01:05,HLA-DRB1*13:02:01:07
NA20805	EUR	NA20805	T1K-four-field	A	two_field	complete	1	1	1	2	A*30:02:01:01	A*24:02:01:01
NA20805	EUR	NA20805	T1K-four-field	A	four_field	complete	1	1	1	2	A*30:02:01:01	A*24:02:01:01
NA20805	EUR	NA20805	T1K-four-field	B	two_field	complete	1	1	1	2	B*18:01:01:01	B*44:02:01:01
NA20805	EUR	NA20805	T1K-four-field	B	four_field	complete	1	1	0	1	B*18:01:01:01	B*44:02:01:01
NA20805	EUR	NA20805	T1K-four-field	C	two_field	complete	1	1	1	2	C*05:37	C*16:04:01:01
NA20805	EUR	NA20805	T1K-four-field	C	four_field	complete	0	0	0	0	C*05:37	C*16:04:01:01
NA20805	EUR	NA20805	T1K-four-field	DPA1	two_field	complete	1	1	1	2	DPA1*01:03:01:02	DPA1*01:03:01:01
NA20805	EUR	NA20805	T1K-four-field	DPA1	four_field	complete	1	1	0	1	DPA1*01:03:01:02	DPA1*01:03:01:01
NA20805	EUR	NA20805	T1K-four-field	DPB1	two_field	complete	1	1	1	2	DPB1*04:01:01:01	DPB1*02:01:02:01
NA20805	EUR	NA20805	T1K-four-field	DPB1	four_field	complete	1	1	1	2	DPB1*04:01:01:01	DPB1*02:01:02:01
NA20805	EUR	NA20805	T1K-four-field	DQA1	two_field	complete	1	1	0	1	DQA1*05:01:01:01	DQA1*05:01:01:01
NA20805	EUR	NA20805	T1K-four-field	DQA1	four_field	complete	1	1	0	1	DQA1*05:01:01:01	DQA1*05:01:01:01
NA20805	EUR	NA20805	T1K-four-field	DQB1	two_field	complete	1	1	1	2	DQB1*03:03:02:01	DQB1*03:01:01:01
NA20805	EUR	NA20805	T1K-four-field	DQB1	four_field	complete	1	1	0	1	DQB1*03:03:02:01	DQB1*03:01:01:01
NA20805	EUR	NA20805	T1K-four-field	DRB1	two_field	complete	1	1	1	2	DRB1*03:01:01:02	DRB1*11:04:01:03
NA20805	EUR	NA20805	T1K-four-field	DRB1	four_field	complete	0	0	0	0	DRB1*03:01:01:02	DRB1*11:04:01:03
HG00320	EUR	HG00320	T1K-four-field	A	two_field	complete	1	1	1	2	A*03:01:01:01	A*30:01:01:01
HG00320	EUR	HG00320	T1K-four-field	A	four_field	complete	1	1	1	2	A*03:01:01:01	A*30:01:01:01
HG00320	EUR	HG00320	T1K-four-field	B	two_field	complete	1	1	0	1	B*15:01:01:01,HLA-B*15:01:01:05,HLA-B*15:01:01:06,HLA-B*15:01:01:55,HLA-B*15:01:84,HLA-B*15:542,HLA-B*15:632	B*35:01:01:01
HG00320	EUR	HG00320	T1K-four-field	B	four_field	complete	1	0	0	0	B*15:01:01:01,HLA-B*15:01:01:05,HLA-B*15:01:01:06,HLA-B*15:01:01:55,HLA-B*15:01:84,HLA-B*15:542,HLA-B*15:632	B*35:01:01:01
HG00320	EUR	HG00320	T1K-four-field	C	two_field	complete	1	1	1	2	C*03:03:01:01	C*03:03:01:01
HG00320	EUR	HG00320	T1K-four-field	C	four_field	complete	1	1	1	2	C*03:03:01:01	C*03:03:01:01
HG00320	EUR	HG00320	T1K-four-field	DPA1	two_field	complete	1	1	1	2	DPA1*01:03:01:02	DPA1*01:03:01:02
HG00320	EUR	HG00320	T1K-four-field	DPA1	four_field	complete	1	1	1	2	DPA1*01:03:01:02	DPA1*01:03:01:02
HG00320	EUR	HG00320	T1K-four-field	DPB1	two_field	complete	1	1	1	2	DPB1*04:01:01:01	DPB1*04:01:01:01
HG00320	EUR	HG00320	T1K-four-field	DPB1	four_field	complete	1	1	1	2	DPB1*04:01:01:01	DPB1*04:01:01:01
HG00320	EUR	HG00320	T1K-four-field	DQA1	two_field	complete	1	1	1	2	DQA1*04:01:01:01	DQA1*04:01:01:01
HG00320	EUR	HG00320	T1K-four-field	DQA1	four_field	complete	1	1	0	0	DQA1*04:01:01:01	DQA1*04:01:01:01
HG00320	EUR	HG00320	T1K-four-field	DQB1	two_field	complete	1	1	1	2	DQB1*04:02:01:04	DQB1*04:02:01:04
HG00320	EUR	HG00320	T1K-four-field	DQB1	four_field	complete	1	1	1	2	DQB1*04:02:01:04	DQB1*04:02:01:04
HG00320	EUR	HG00320	T1K-four-field	DRB1	two_field	complete	1	1	1	2	DRB1*08:01:01:01	DRB1*08:01:01:01
HG00320	EUR	HG00320	T1K-four-field	DRB1	four_field	complete	0	0	0	0	DRB1*08:01:01:01	DRB1*08:01:01:01
HG00140	EUR	HG00140	T1K-four-field	A	two_field	complete	1	1	1	2	A*31:01:02:01	A*01:01:01:01
HG00140	EUR	HG00140	T1K-four-field	A	four_field	complete	1	1	1	2	A*31:01:02:01	A*01:01:01:01
HG00140	EUR	HG00140	T1K-four-field	B	two_field	complete	1	1	1	2	B*57:01:01:01	B*40:01:02:01,HLA-B*40:01:02:62
HG00140	EUR	HG00140	T1K-four-field	B	four_field	complete	1	1	0	1	B*57:01:01:01	B*40:01:02:01,HLA-B*40:01:02:62
HG00140	EUR	HG00140	T1K-four-field	C	two_field	complete	1	1	1	2	C*06:02:01:01	C*03:04:01:01,HLA-C*03:04:114
HG00140	EUR	HG00140	T1K-four-field	C	four_field	complete	1	0	0	1	C*06:02:01:01	C*03:04:01:01,HLA-C*03:04:114
HG00140	EUR	HG00140	T1K-four-field	DPA1	two_field	complete	1	1	1	2	DPA1*01:03:01:02	DPA1*01:03:01:05
HG00140	EUR	HG00140	T1K-four-field	DPA1	four_field	complete	0	0	0	0	DPA1*01:03:01:02	DPA1*01:03:01:05
HG00140	EUR	HG00140	T1K-four-field	DPB1	two_field	complete	1	1	1	2	DPB1*04:02:01:01	DPB1*04:01:01:01
HG00140	EUR	HG00140	T1K-four-field	DPB1	four_field	complete	1	1	0	1	DPB1*04:02:01:01	DPB1*04:01:01:01
HG00140	EUR	HG00140	T1K-four-field	DQA1	two_field	complete	1	1	1	2	DQA1*05:01:01:02	DQA1*01:01:01:01
HG00140	EUR	HG00140	T1K-four-field	DQA1	four_field	complete	1	1	1	2	DQA1*05:01:01:02	DQA1*01:01:01:01
HG00140	EUR	HG00140	T1K-four-field	DQB1	two_field	complete	1	1	1	2	DQB1*02:01:01:01	DQB1*05:01:01:01
HG00140	EUR	HG00140	T1K-four-field	DQB1	four_field	complete	1	1	0	1	DQB1*02:01:01:01	DQB1*05:01:01:01
HG00140	EUR	HG00140	T1K-four-field	DRB1	two_field	complete	1	1	1	2	DRB1*01:01:01:01	DRB1*03:01:01:01
HG00140	EUR	HG00140	T1K-four-field	DRB1	four_field	complete	0	0	0	0	DRB1*01:01:01:01	DRB1*03:01:01:01
NA20762	EUR	NA20762	T1K-four-field	A	two_field	complete	1	1	1	2	A*33:01:01:01	A*02:01:01:01
NA20762	EUR	NA20762	T1K-four-field	A	four_field	complete	1	1	1	2	A*33:01:01:01	A*02:01:01:01
NA20762	EUR	NA20762	T1K-four-field	B	two_field	complete	1	1	1	2	B*38:01:01:01	B*35:01:01:01
NA20762	EUR	NA20762	T1K-four-field	B	four_field	complete	1	1	0	1	B*38:01:01:01	B*35:01:01:01
NA20762	EUR	NA20762	T1K-four-field	C	two_field	complete	1	1	1	2	C*04:01:01:06	C*12:03:01:01
NA20762	EUR	NA20762	T1K-four-field	C	four_field	complete	0	0	0	0	C*04:01:01:06	C*12:03:01:01
NA20762	EUR	NA20762	T1K-four-field	DPA1	two_field	complete	1	1	1	2	DPA1*01:03:01:01	DPA1*01:03:01:01
NA20762	EUR	NA20762	T1K-four-field	DPA1	four_field	complete	0	0	0	0	DPA1*01:03:01:01	DPA1*01:03:01:01
NA20762	EUR	NA20762	T1K-four-field	DPB1	two_field	complete	1	1	1	2	DPB1*02:01:02:03	DPB1*02:01:02:04
NA20762	EUR	NA20762	T1K-four-field	DPB1	four_field	complete	1	1	0	1	DPB1*02:01:02:03	DPB1*02:01:02:04
NA20762	EUR	NA20762	T1K-four-field	DQA1	two_field	complete	1	1	1	2	DQA1*01:04:01:01	DQA1*01:01:01:01
NA20762	EUR	NA20762	T1K-four-field	DQA1	four_field	complete	1	1	0	1	DQA1*01:04:01:01	DQA1*01:01:01:01
NA20762	EUR	NA20762	T1K-four-field	DQB1	two_field	complete	1	1	1	2	DQB1*05:03:01:01	DQB1*05:01:01:01
NA20762	EUR	NA20762	T1K-four-field	DQB1	four_field	complete	1	1	0	1	DQB1*05:03:01:01	DQB1*05:01:01:01
NA20762	EUR	NA20762	T1K-four-field	DRB1	two_field	complete	1	1	1	2	DRB1*01:01:01:01	DRB1*14:01:01:02
NA20762	EUR	NA20762	T1K-four-field	DRB1	four_field	complete	0	0	0	0	DRB1*01:01:01:01	DRB1*14:01:01:02
HG03516	AFR	NG107	T1K-four-field	A	two_field	complete	1	1	1	2	A*30:01:01:01	A*36:01:01:01
HG03516	AFR	NG107	T1K-four-field	A	four_field	complete	1	1	1	2	A*30:01:01:01	A*36:01:01:01
HG03516	AFR	NG107	T1K-four-field	B	two_field	complete	1	1	1	2	B*52:01:02:01	B*53:01:01:01
HG03516	AFR	NG107	T1K-four-field	B	four_field	complete	0	0	0	0	B*52:01:02:01	B*53:01:01:01
HG03516	AFR	NG107	T1K-four-field	C	two_field	complete	1	1	1	2	C*16:01:01:01	C*04:01:01:95
HG03516	AFR	NG107	T1K-four-field	C	four_field	complete	1	1	0	1	C*16:01:01:01	C*04:01:01:95
HG03516	AFR	NG107	T1K-four-field	DPA1	two_field	complete	0	0	0	0	DPA1*01:03:01:69	DPA1*03:01:01:01
HG03516	AFR	NG107	T1K-four-field	DPA1	four_field	complete	0	0	0	0	DPA1*01:03:01:69	DPA1*03:01:01:01
HG03516	AFR	NG107	T1K-four-field	DPB1	two_field	complete	1	1	1	2	DPB1*105:01:01:06	DPB1*02:01:02:09
HG03516	AFR	NG107	T1K-four-field	DPB1	four_field	complete	1	1	1	2	DPB1*105:01:01:06	DPB1*02:01:02:09
HG03516	AFR	NG107	T1K-four-field	DQA1	two_field	complete	1	1	1	2	DQA1*01:02:01:01	DQA1*01:03:01:01
HG03516	AFR	NG107	T1K-four-field	DQA1	four_field	complete	1	1	0	0	DQA1*01:02:01:01	DQA1*01:03:01:01
HG03516	AFR	NG107	T1K-four-field	DQB1	two_field	complete	1	1	1	2	DQB1*05:01:01:01	DQB1*06:02:01:01
HG03516	AFR	NG107	T1K-four-field	DQB1	four_field	complete	1	1	0	0	DQB1*05:01:01:01	DQB1*06:02:01:01
HG03516	AFR	NG107	T1K-four-field	DRB1	two_field	complete	1	1	1	2	DRB1*11:01:02:03	DRB1*13:01:01:10
HG03516	AFR	NG107	T1K-four-field	DRB1	four_field	complete	0	0	0	0	DRB1*11:01:02:03	DRB1*13:01:01:10
NA19185	AFR	Y039	T1K-four-field	A	two_field	complete	1	1	1	2	A*30:02:01:02	A*30:01:01:01
NA19185	AFR	Y039	T1K-four-field	A	four_field	complete	1	1	1	2	A*30:02:01:02	A*30:01:01:01
NA19185	AFR	Y039	T1K-four-field	B	two_field	complete	1	1	1	2	B*42:01:01:01	B*52:01:02:01
NA19185	AFR	Y039	T1K-four-field	B	four_field	complete	0	0	0	0	B*42:01:01:01	B*52:01:02:01
NA19185	AFR	Y039	T1K-four-field	C	two_field	complete	1	1	1	2	C*16:01:01:01	C*17:01:01:02
NA19185	AFR	Y039	T1K-four-field	C	four_field	complete	1	1	1	2	C*16:01:01:01	C*17:01:01:02
NA19185	AFR	Y039	T1K-four-field	DPA1	two_field	complete	1	1	1	2	DPA1*01:03:01:02	DPA1*02:02:02:01
NA19185	AFR	Y039	T1K-four-field	DPA1	four_field	complete	0	0	0	0	DPA1*01:03:01:02	DPA1*02:02:02:01
NA19185	AFR	Y039	T1K-four-field	DPB1	two_field	complete	1	1	1	2	DPB1*01:01:01:01	DPB1*02:01:19:01
NA19185	AFR	Y039	T1K-four-field	DPB1	four_field	complete	1	1	0	1	DPB1*01:01:01:01	DPB1*02:01:19:01
NA19185	AFR	Y039	T1K-four-field	DQA1	two_field	complete	1	1	1	2	DQA1*01:03:01:01	DQA1*04:01:01:01
NA19185	AFR	Y039	T1K-four-field	DQA1	four_field	complete	1	1	0	0	DQA1*01:03:01:01	DQA1*04:01:01:01
NA19185	AFR	Y039	T1K-four-field	DQB1	two_field	complete	1	1	1	2	DQB1*04:02:01:04	DQB1*05:01:01:01
NA19185	AFR	Y039	T1K-four-field	DQB1	four_field	complete	1	1	0	0	DQB1*04:02:01:04	DQB1*05:01:01:01
NA19185	AFR	Y039	T1K-four-field	DRB1	two_field	complete	1	1	1	2	DRB1*03:02:01:01	DRB1*13:01:01:10
NA19185	AFR	Y039	T1K-four-field	DRB1	four_field	complete	0	0	0	0	DRB1*03:02:01:01	DRB1*13:01:01:10
HG02984	AFR	GB97	T1K-four-field	A	two_field	complete	1	1	1	2	A*02:01:01:01	A*02:02:01:02
HG02984	AFR	GB97	T1K-four-field	A	four_field	complete	1	1	1	2	A*02:01:01:01	A*02:02:01:02
HG02984	AFR	GB97	T1K-four-field	B	two_field	complete	1	1	1	2	B*58:01:01:01	B*58:01:01:01
HG02984	AFR	GB97	T1K-four-field	B	four_field	complete	0	0	0	0	B*58:01:01:01	B*58:01:01:01
HG02984	AFR	GB97	T1K-four-field	C	two_field	complete	1	1	1	2	C*07:18:01:01	C*07:18:01:01
HG02984	AFR	GB97	T1K-four-field	C	four_field	complete	0	0	0	0	C*07:18:01:01	C*07:18:01:01
HG02984	AFR	GB97	T1K-four-field	DPA1	two_field	complete	1	1	1	2	DPA1*01:03:01:02	DPA1*02:01:01:01
HG02984	AFR	GB97	T1K-four-field	DPA1	four_field	complete	0	0	0	0	DPA1*01:03:01:02	DPA1*02:01:01:01
HG02984	AFR	GB97	T1K-four-field	DPB1	two_field	complete	1	1	1	2	DPB1*17:01:01:01	DPB1*02:01:19:01
HG02984	AFR	GB97	T1K-four-field	DPB1	four_field	complete	1	1	1	2	DPB1*17:01:01:01	DPB1*02:01:19:01
HG02984	AFR	GB97	T1K-four-field	DQA1	two_field	complete	1	1	1	2	DQA1*01:02:01:01	DQA1*01:05:01:02
HG02984	AFR	GB97	T1K-four-field	DQA1	four_field	complete	0	0	0	0	DQA1*01:02:01:01	DQA1*01:05:01:02
HG02984	AFR	GB97	T1K-four-field	DQB1	two_field	complete	1	1	1	2	DQB1*05:01:01:01	DQB1*05:02:01:08
HG02984	AFR	GB97	T1K-four-field	DQB1	four_field	complete	0	0	0	0	DQB1*05:01:01:01	DQB1*05:02:01:08
HG02984	AFR	GB97	T1K-four-field	DRB1	two_field	complete	1	1	1	2	DRB1*10:01:01:03	DRB1*11:01:02:04
HG02984	AFR	GB97	T1K-four-field	DRB1	four_field	complete	0	0	0	0	DRB1*10:01:01:03	DRB1*11:01:02:04
HG01960	AFR	BB11	T1K-four-field	A	two_field	complete	1	1	1	2	A*03:01:01:05	A*34:02:01:01
HG01960	AFR	BB11	T1K-four-field	A	four_field	complete	1	1	1	2	A*03:01:01:05	A*34:02:01:01
HG01960	AFR	BB11	T1K-four-field	B	two_field	complete	1	1	1	2	B*35:01:01:01	B*35:01:01:01
HG01960	AFR	BB11	T1K-four-field	B	four_field	complete	0	0	0	0	B*35:01:01:01	B*35:01:01:01
HG01960	AFR	BB11	T1K-four-field	C	two_field	complete	1	1	1	2	C*04:01:01:01	C*04:01:01:01
HG01960	AFR	BB11	T1K-four-field	C	four_field	complete	1	1	0	0	C*04:01:01:01	C*04:01:01:01
HG01960	AFR	BB11	T1K-four-field	DPA1	two_field	complete	1	1	1	2	DPA1*02:01:02:02	DPA1*01:03:01:02
HG01960	AFR	BB11	T1K-four-field	DPA1	four_field	complete	0	0	0	0	DPA1*02:01:02:02	DPA1*01:03:01:02
HG01960	AFR	BB11	T1K-four-field	DPB1	two_field	complete	1	1	1	2	DPB1*01:01:01:01	DPB1*104:01:01:01
HG01960	AFR	BB11	T1K-four-field	DPB1	four_field	complete	0	0	0	0	DPB1*01:01:01:01	DPB1*104:01:01:01
HG01960	AFR	BB11	T1K-four-field	DQA1	two_field	complete	1	1	1	2	DQA1*01:02:01:04	DQA1*02:01:01:01
HG01960	AFR	BB11	T1K-four-field	DQA1	four_field	complete	0	0	0	0	DQA1*01:02:01:04	DQA1*02:01:01:01
HG01960	AFR	BB11	T1K-four-field	DQB1	two_field	complete	1	1	1	2	DQB1*02:02:01:01	DQB1*05:01:01:01
HG01960	AFR	BB11	T1K-four-field	DQB1	four_field	complete	1	1	0	1	DQB1*02:02:01:01	DQB1*05:01:01:01
HG01960	AFR	BB11	T1K-four-field	DRB1	two_field	complete	1	1	1	2	DRB1*07:01:01:01	DRB1*13:01:01:10
HG01960	AFR	BB11	T1K-four-field	DRB1	four_field	complete	0	0	0	0	DRB1*07:01:01:01	DRB1*13:01:01:10
NA20282	AFR	2469	T1K-four-field	A	two_field	complete	1	1	1	2	A*23:01:01:01	A*03:01:01:05
NA20282	AFR	2469	T1K-four-field	A	four_field	complete	1	1	1	2	A*23:01:01:01	A*03:01:01:05
NA20282	AFR	2469	T1K-four-field	B	two_field	complete	1	1	1	2	B*81:01:01:01	B*53:01:01:01
NA20282	AFR	2469	T1K-four-field	B	four_field	complete	0	0	0	0	B*81:01:01:01	B*53:01:01:01
NA20282	AFR	2469	T1K-four-field	C	two_field	complete	1	1	1	2	C*04:01:01:32	C*08:04:01:01
NA20282	AFR	2469	T1K-four-field	C	four_field	complete	0	0	0	0	C*04:01:01:32	C*08:04:01:01
NA20282	AFR	2469	T1K-four-field	DPA1	two_field	complete	1	1	0	1	DPA1*02:01:01:01	DPA1*02:38Q
NA20282	AFR	2469	T1K-four-field	DPA1	four_field	complete	0	0	0	0	DPA1*02:01:01:01	DPA1*02:38Q
NA20282	AFR	2469	T1K-four-field	DPB1	two_field	complete	1	1	1	2	DPB1*01:01:01:01	DPB1*11:01:01:01
NA20282	AFR	2469	T1K-four-field	DPB1	four_field	complete	1	1	0	1	DPB1*01:01:01:01	DPB1*11:01:01:01
NA20282	AFR	2469	T1K-four-field	DQA1	two_field	complete	1	1	1	2	DQA1*05:05:01:19,HLA-DQA1*05:05:01:53	DQA1*04:01:01:01
NA20282	AFR	2469	T1K-four-field	DQA1	four_field	complete	1	1	0	0	DQA1*05:05:01:19,HLA-DQA1*05:05:01:53	DQA1*04:01:01:01
NA20282	AFR	2469	T1K-four-field	DQB1	two_field	complete	1	1	1	2	DQB1*04:02:01:04	DQB1*03:01:04:01
NA20282	AFR	2469	T1K-four-field	DQB1	four_field	complete	1	1	0	0	DQB1*04:02:01:04	DQB1*03:01:04:01
NA20282	AFR	2469	T1K-four-field	DRB1	two_field	complete	1	1	1	2	DRB1*08:04:01:07	DRB1*03:02:01:01
NA20282	AFR	2469	T1K-four-field	DRB1	four_field	complete	0	0	0	0	DRB1*08:04:01:07	DRB1*03:02:01:01
NA19468	AFR	NA19468	T1K-four-field	A	two_field	complete	1	1	1	2	A*74:01:01:01	A*66:01:01:01
NA19468	AFR	NA19468	T1K-four-field	A	four_field	complete	1	1	1	2	A*74:01:01:01	A*66:01:01:01
NA19468	AFR	NA19468	T1K-four-field	B	two_field	complete	1	1	1	2	B*81:01:01:01	B*81:01:01:01
NA19468	AFR	NA19468	T1K-four-field	B	four_field	complete	1	1	1	2	B*81:01:01:01	B*81:01:01:01
NA19468	AFR	NA19468	T1K-four-field	C	two_field	complete	1	1	1	2	C*18:01:01:01	C*18:01:01:01
NA19468	AFR	NA19468	T1K-four-field	C	four_field	complete	1	1	0	0	C*18:01:01:01	C*18:01:01:01
NA19468	AFR	NA19468	T1K-four-field	DPA1	two_field	complete	1	1	1	2	DPA1*02:01:01:01	DPA1*02:01:08:03
NA19468	AFR	NA19468	T1K-four-field	DPA1	four_field	complete	0	0	0	0	DPA1*02:01:01:01	DPA1*02:01:08:03
NA19468	AFR	NA19468	T1K-four-field	DPB1	two_field	complete	1	1	1	2	DPB1*11:01:01:01	DPB1*01:01:01:01
NA19468	AFR	NA19468	T1K-four-field	DPB1	four_field	complete	1	1	1	2	DPB1*11:01:01:01	DPB1*01:01:01:01
NA19468	AFR	NA19468	T1K-four-field	DQA1	two_field	complete	1	1	1	2	DQA1*01:03:01:01	DQA1*01:05:01:01
NA19468	AFR	NA19468	T1K-four-field	DQA1	four_field	complete	0	0	0	0	DQA1*01:03:01:01	DQA1*01:05:01:01
NA19468	AFR	NA19468	T1K-four-field	DQB1	two_field	complete	1	1	1	2	DQB1*05:01:01:01	DQB1*06:02:01:01
NA19468	AFR	NA19468	T1K-four-field	DQB1	four_field	complete	1	1	0	0	DQB1*05:01:01:01	DQB1*06:02:01:01
NA19468	AFR	NA19468	T1K-four-field	DRB1	two_field	complete	1	1	1	2	DRB1*10:01:01:03	DRB1*13:01:01:10
NA19468	AFR	NA19468	T1K-four-field	DRB1	four_field	complete	0	0	0	0	DRB1*10:01:01:03	DRB1*13:01:01:10
HG03453	AFR	SL50	T1K-four-field	A	two_field	complete	1	1	1	2	A*66:03:01:02	A*74:01:01:01
HG03453	AFR	SL50	T1K-four-field	A	four_field	complete	1	1	1	2	A*66:03:01:02	A*74:01:01:01
HG03453	AFR	SL50	T1K-four-field	B	two_field	complete	1	1	1	2	B*53:01:01:01	B*15:10:01:01
HG03453	AFR	SL50	T1K-four-field	B	four_field	complete	0	0	0	0	B*53:01:01:01	B*15:10:01:01
HG03453	AFR	SL50	T1K-four-field	C	two_field	complete	1	1	1	2	C*03:04:02:01	C*06:02:01:01
HG03453	AFR	SL50	T1K-four-field	C	four_field	complete	0	0	0	0	C*03:04:02:01	C*06:02:01:01
HG03453	AFR	SL50	T1K-four-field	DPA1	two_field	complete	1	1	1	2	DPA1*02:01:07:01	DPA1*02:01:08:03
HG03453	AFR	SL50	T1K-four-field	DPA1	four_field	complete	1	1	1	2	DPA1*02:01:07:01	DPA1*02:01:08:03
HG03453	AFR	SL50	T1K-four-field	DPB1	two_field	complete	1	1	1	2	DPB1*13:01:01:03	DPB1*01:01:01:01
HG03453	AFR	SL50	T1K-four-field	DPB1	four_field	complete	0	0	0	0	DPB1*13:01:01:03	DPB1*01:01:01:01
HG03453	AFR	SL50	T1K-four-field	DQA1	two_field	complete	1	1	1	2	DQA1*05:01:01:01	DQA1*03:03:01:01
HG03453	AFR	SL50	T1K-four-field	DQA1	four_field	complete	0	0	0	0	DQA1*05:01:01:01	DQA1*03:03:01:01
HG03453	AFR	SL50	T1K-four-field	DQB1	two_field	complete	1	1	1	2	DQB1*02:02:01:02	DQB1*02:01:01:01
HG03453	AFR	SL50	T1K-four-field	DQB1	four_field	complete	1	1	1	2	DQB1*02:02:01:02	DQB1*02:01:01:01
HG03453	AFR	SL50	T1K-four-field	DRB1	two_field	complete	1	1	1	2	DRB1*03:01:01:02	DRB1*09:01:02:06
HG03453	AFR	SL50	T1K-four-field	DRB1	four_field	complete	0	0	0	0	DRB1*03:01:01:02	DRB1*09:01:02:06
HG03369	AFR	NG98	T1K-four-field	A	two_field	complete	1	1	1	2	A*03:01:01:01	A*30:01:01:01
HG03369	AFR	NG98	T1K-four-field	A	four_field	complete	1	1	1	2	A*03:01:01:01	A*30:01:01:01
HG03369	AFR	NG98	T1K-four-field	B	two_field	complete	1	1	1	2	B*35:01:01:01	B*52:01:02:01
HG03369	AFR	NG98	T1K-four-field	B	four_field	complete	0	0	0	0	B*35:01:01:01	B*52:01:02:01
HG03369	AFR	NG98	T1K-four-field	C	two_field	complete	1	1	1	2	C*16:01:01:01	C*04:01:01:01,HLA-C*04:01:01:32,HLA-C*04:01:01:129
HG03369	AFR	NG98	T1K-four-field	C	four_field	complete	1	1	0	1	C*16:01:01:01	C*04:01:01:01,HLA-C*04:01:01:32,HLA-C*04:01:01:129
HG03369	AFR	NG98	T1K-four-field	DPA1	two_field	complete	1	1	1	2	DPA1*02:02:02:01	DPA1*01:03:01:02
HG03369	AFR	NG98	T1K-four-field	DPA1	four_field	complete	0	0	0	0	DPA1*02:02:02:01	DPA1*01:03:01:02
HG03369	AFR	NG98	T1K-four-field	DPB1	two_field	complete	1	1	1	2	DPB1*01:01:01:01	DPB1*18:01:01:01
HG03369	AFR	NG98	T1K-four-field	DPB1	four_field	complete	0	0	0	0	DPB1*01:01:01:01	DPB1*18:01:01:01
HG03369	AFR	NG98	T1K-four-field	DQA1	two_field	complete	1	1	1	2	DQA1*01:02:01:04	DQA1*01:03:01:01
HG03369	AFR	NG98	T1K-four-field	DQA1	four_field	complete	1	1	0	1	DQA1*01:02:01:04	DQA1*01:03:01:01
HG03369	AFR	NG98	T1K-four-field	DQB1	two_field	complete	1	1	1	2	DQB1*05:01:01:01	DQB1*05:02:01:04
HG03369	AFR	NG98	T1K-four-field	DQB1	four_field	complete	1	1	0	1	DQB1*05:01:01:01	DQB1*05:02:01:04
HG03369	AFR	NG98	T1K-four-field	DRB1	two_field	complete	1	1	1	2	DRB1*13:02:01:01	DRB1*13:01:01:10
HG03369	AFR	NG98	T1K-four-field	DRB1	four_field	complete	0	0	0	0	DRB1*13:02:01:01	DRB1*13:01:01:10
NA19159	AFR	Y056	T1K-four-field	A	two_field	complete	1	1	1	2	A*23:01:01:01	A*03:01:01:05
NA19159	AFR	Y056	T1K-four-field	A	four_field	complete	1	1	1	2	A*23:01:01:01	A*03:01:01:05
NA19159	AFR	Y056	T1K-four-field	B	two_field	complete	1	1	1	2	B*57:02:01:01	B*52:01:02:01
NA19159	AFR	Y056	T1K-four-field	B	four_field	complete	0	0	0	0	B*57:02:01:01	B*52:01:02:01
NA19159	AFR	Y056	T1K-four-field	C	two_field	complete	1	1	1	2	C*18:02:01:01	C*16:01:01:01
NA19159	AFR	Y056	T1K-four-field	C	four_field	complete	1	1	1	2	C*18:02:01:01	C*16:01:01:01
NA19159	AFR	Y056	T1K-four-field	DPA1	two_field	complete	1	1	1	2	DPA1*01:03:01:03	DPA1*02:02:02:01
NA19159	AFR	Y056	T1K-four-field	DPA1	four_field	complete	0	0	0	0	DPA1*01:03:01:03	DPA1*02:02:02:01
NA19159	AFR	Y056	T1K-four-field	DPB1	two_field	complete	1	1	1	2	DPB1*01:01:01:31	DPB1*03:01:01:02
NA19159	AFR	Y056	T1K-four-field	DPB1	four_field	complete	1	1	0	0	DPB1*01:01:01:31	DPB1*03:01:01:02
NA19159	AFR	Y056	T1K-four-field	DQA1	two_field	complete	1	1	1	2	DQA1*01:03:01:01	DQA1*02:01:01:01
NA19159	AFR	Y056	T1K-four-field	DQA1	four_field	complete	1	1	0	1	DQA1*01:03:01:01	DQA1*02:01:01:01
NA19159	AFR	Y056	T1K-four-field	DQB1	two_field	complete	1	1	1	2	DQB1*06:03:01:01	DQB1*02:02:01:01
NA19159	AFR	Y056	T1K-four-field	DQB1	four_field	complete	1	1	0	1	DQB1*06:03:01:01	DQB1*02:02:01:01
NA19159	AFR	Y056	T1K-four-field	DRB1	two_field	complete	0	0	0	0	DRB1*07:01:01:01	DRB1*13:01:01:10
NA19159	AFR	Y056	T1K-four-field	DRB1	four_field	complete	0	0	0	0	DRB1*07:01:01:01	DRB1*13:01:01:10
HG02809	AFR	GB63	T1K-four-field	A	two_field	complete	1	1	1	2	A*26:01:01:13	A*30:02:01:02
HG02809	AFR	GB63	T1K-four-field	A	four_field	complete	1	1	1	2	A*26:01:01:13	A*30:02:01:02
HG02809	AFR	GB63	T1K-four-field	B	two_field	complete	1	1	1	2	B*08:01:01:01	B*57:03:01:02
HG02809	AFR	GB63	T1K-four-field	B	four_field	complete	0	0	0	0	B*08:01:01:01	B*57:03:01:02
HG02809	AFR	GB63	T1K-four-field	C	two_field	complete	1	1	1	2	C*07:28	C*03:04:01:01,HLA-C*03:04:01:68
HG02809	AFR	GB63	T1K-four-field	C	four_field	complete	0	0	0	0	C*07:28	C*03:04:01:01,HLA-C*03:04:01:68
HG02809	AFR	GB63	T1K-four-field	DPA1	two_field	complete	1	1	1	2	DPA1*02:01:01:01	DPA1*02:01:01:01
HG02809	AFR	GB63	T1K-four-field	DPA1	four_field	complete	0	0	0	0	DPA1*02:01:01:01	DPA1*02:01:01:01
HG02809	AFR	GB63	T1K-four-field	DPB1	two_field	complete	1	1	1	2	DPB1*131:01:01:01	DPB1*17:01:01:01
HG02809	AFR	GB63	T1K-four-field	DPB1	four_field	complete	1	1	1	2	DPB1*131:01:01:01	DPB1*17:01:01:01
HG02809	AFR	GB63	T1K-four-field	DQA1	two_field	complete	1	1	1	2	DQA1*03:03:01:01	DQA1*05:05:01:53
HG02809	AFR	GB63	T1K-four-field	DQA1	four_field	complete	0	0	0	0	DQA1*03:03:01:01	DQA1*05:05:01:53
HG02809	AFR	GB63	T1K-four-field	DQB1	two_field	complete	1	1	1	2	DQB1*03:02:01:01	DQB1*03:19:01:01
HG02809	AFR	GB63	T1K-four-field	DQB1	four_field	complete	1	1	1	2	DQB1*03:02:01:01	DQB1*03:19:01:01
HG02809	AFR	GB63	T1K-four-field	DRB1	two_field	complete	1	1	1	2	DRB1*13:04	DRB1*04:01:01:01
HG02809	AFR	GB63	T1K-four-field	DRB1	four_field	complete	0	0	0	0	DRB1*13:04	DRB1*04:01:01:01
HG02145	AFR	BB20	T1K-four-field	A	two_field	complete	1	1	1	2	A*01:01:01:01	A*33:01:01:01
HG02145	AFR	BB20	T1K-four-field	A	four_field	complete	1	1	1	2	A*01:01:01:01	A*33:01:01:01
HG02145	AFR	BB20	T1K-four-field	B	two_field	complete	1	1	1	2	B*78:01:01:02	B*15:18:01:01
HG02145	AFR	BB20	T1K-four-field	B	four_field	complete	0	0	0	0	B*78:01:01:02	B*15:18:01:01
HG02145	AFR	BB20	T1K-four-field	C	two_field	complete	1	1	1	2	C*16:01:01:01	C*07:01:01:01
HG02145	AFR	BB20	T1K-four-field	C	four_field	complete	1	1	0	1	C*16:01:01:01	C*07:01:01:01
HG02145	AFR	BB20	T1K-four-field	DPA1	two_field	complete	1	1	1	2	DPA1*02:01:01:01	DPA1*02:02:02:01
HG02145	AFR	BB20	T1K-four-field	DPA1	four_field	complete	0	0	0	0	DPA1*02:01:01:01	DPA1*02:02:02:01
HG02145	AFR	BB20	T1K-four-field	DPB1	two_field	complete	1	1	1	2	DPB1*01:01:01:01	DPB1*131:01:01:01
HG02145	AFR	BB20	T1K-four-field	DPB1	four_field	complete	1	1	0	1	DPB1*01:01:01:01	DPB1*131:01:01:01
HG02145	AFR	BB20	T1K-four-field	DQA1	two_field	complete	1	1	1	2	DQA1*01:02:01:01	DQA1*01:03:01:01
HG02145	AFR	BB20	T1K-four-field	DQA1	four_field	complete	1	1	0	0	DQA1*01:02:01:01	DQA1*01:03:01:01
HG02145	AFR	BB20	T1K-four-field	DQB1	two_field	complete	1	1	1	2	DQB1*06:02:01:01	DQB1*06:03:01:01,HLA-DQB1*06:03:01:10
HG02145	AFR	BB20	T1K-four-field	DQB1	four_field	complete	1	1	0	1	DQB1*06:02:01:01	DQB1*06:03:01:01,HLA-DQB1*06:03:01:10
HG02145	AFR	BB20	T1K-four-field	DRB1	two_field	complete	1	1	1	2	DRB1*13:01:01:10	DRB1*15:03:01:01
HG02145	AFR	BB20	T1K-four-field	DRB1	four_field	complete	0	0	0	0	DRB1*13:01:01:10	DRB1*15:03:01:01
NA19909	AFR	2427	T1K-four-field	A	two_field	complete	1	1	1	2	A*30:01:01:01	A*30:01:01:01
NA19909	AFR	2427	T1K-four-field	A	four_field	complete	1	1	1	2	A*30:01:01:01	A*30:01:01:01
NA19909	AFR	2427	T1K-four-field	B	two_field	complete	1	1	1	2	B*42:01:01:01	B*42:01:01:01
NA19909	AFR	2427	T1K-four-field	B	four_field	complete	1	1	1	2	B*42:01:01:01	B*42:01:01:01
NA19909	AFR	2427	T1K-four-field	C	two_field	complete	1	1	1	2	C*17:01:01:02	C*17:01:01:02
NA19909	AFR	2427	T1K-four-field	C	four_field	complete	1	1	1	2	C*17:01:01:02	C*17:01:01:02
NA19909	AFR	2427	T1K-four-field	DPA1	two_field	complete	1	1	1	2	DPA1*02:02:02:01	DPA1*02:02:02:01
NA19909	AFR	2427	T1K-four-field	DPA1	four_field	complete	0	0	0	0	DPA1*02:02:02:01	DPA1*02:02:02:01
NA19909	AFR	2427	T1K-four-field	DPB1	two_field	complete	1	1	1	2	DPB1*01:01:01:01	DPB1*01:01:01:01
NA19909	AFR	2427	T1K-four-field	DPB1	four_field	complete	1	1	0	0	DPB1*01:01:01:01	DPB1*01:01:01:01
NA19909	AFR	2427	T1K-four-field	DQA1	two_field	complete	1	1	1	2	DQA1*04:01:01:01	DQA1*04:01:01:01
NA19909	AFR	2427	T1K-four-field	DQA1	four_field	complete	1	1	0	0	DQA1*04:01:01:01	DQA1*04:01:01:01
NA19909	AFR	2427	T1K-four-field	DQB1	two_field	complete	1	1	1	2	DQB1*04:02:01:04	DQB1*04:02:01:04
NA19909	AFR	2427	T1K-four-field	DQB1	four_field	complete	1	1	0	0	DQB1*04:02:01:04	DQB1*04:02:01:04
NA19909	AFR	2427	T1K-four-field	DRB1	two_field	complete	1	1	1	2	DRB1*03:02:01:01	DRB1*03:02:01:01
NA19909	AFR	2427	T1K-four-field	DRB1	four_field	complete	0	0	0	0	DRB1*03:02:01:01	DRB1*03:02:01:01
NA19338	AFR	NA19338	T1K-four-field	A	two_field	complete	1	1	1	2	A*30:02:01:01	A*01:01:01:01
NA19338	AFR	NA19338	T1K-four-field	A	four_field	complete	1	1	1	2	A*30:02:01:01	A*01:01:01:01
NA19338	AFR	NA19338	T1K-four-field	B	two_field	complete	1	1	1	2	B*14:02:01:01	B*81:01:01:01
NA19338	AFR	NA19338	T1K-four-field	B	four_field	complete	1	1	1	2	B*14:02:01:01	B*81:01:01:01
NA19338	AFR	NA19338	T1K-four-field	C	two_field	complete	1	1	1	2	C*08:02:01:01	C*18:01:01:01
NA19338	AFR	NA19338	T1K-four-field	C	four_field	complete	1	1	0	1	C*08:02:01:01	C*18:01:01:01
NA19338	AFR	NA19338	T1K-four-field	DPA1	two_field	complete	1	1	1	2	DPA1*02:01:01:01	DPA1*02:01:08:05
NA19338	AFR	NA19338	T1K-four-field	DPA1	four_field	complete	0	0	0	0	DPA1*02:01:01:01	DPA1*02:01:08:05
NA19338	AFR	NA19338	T1K-four-field	DPB1	two_field	complete	1	1	1	2	DPB1*01:01:01:01	DPB1*17:01:01:01
NA19338	AFR	NA19338	T1K-four-field	DPB1	four_field	complete	1	1	1	2	DPB1*01:01:01:01	DPB1*17:01:01:01
NA19338	AFR	NA19338	T1K-four-field	DQA1	two_field	complete	1	1	1	2	DQA1*01:02:01:01	DQA1*01:02:01:04
NA19338	AFR	NA19338	T1K-four-field	DQA1	four_field	complete	1	1	0	1	DQA1*01:02:01:01	DQA1*01:02:01:04
NA19338	AFR	NA19338	T1K-four-field	DQB1	two_field	complete	1	1	1	2	DQB1*06:09:01:01	DQB1*06:02:01:01
NA19338	AFR	NA19338	T1K-four-field	DQB1	four_field	complete	1	1	1	2	DQB1*06:09:01:01	DQB1*06:02:01:01
NA19338	AFR	NA19338	T1K-four-field	DRB1	two_field	complete	1	1	1	2	DRB1*15:03:01:02	DRB1*13:02:01:01,HLA-DRB1*13:02:01:03,HLA-DRB1*13:02:01:04,HLA-DRB1*13:02:01:14
NA19338	AFR	NA19338	T1K-four-field	DRB1	four_field	complete	0	0	0	0	DRB1*15:03:01:02	DRB1*13:02:01:01,HLA-DRB1*13:02:01:03,HLA-DRB1*13:02:01:04,HLA-DRB1*13:02:01:14
HG03209	AFR	SL17	T1K-four-field	A	two_field	complete	1	1	1	2	A*30:02:01:01	A*01:01:01:01
HG03209	AFR	SL17	T1K-four-field	A	four_field	complete	1	1	1	2	A*30:02:01:01	A*01:01:01:01
HG03209	AFR	SL17	T1K-four-field	B	two_field	complete	1	1	1	2	B*50:01:01:01	B*27:03:01:01
HG03209	AFR	SL17	T1K-four-field	B	four_field	complete	0	0	0	0	B*50:01:01:01	B*27:03:01:01
HG03209	AFR	SL17	T1K-four-field	C	two_field	complete	1	1	1	2	C*07:18:01:01	C*06:02:01:01
HG03209	AFR	SL17	T1K-four-field	C	four_field	complete	0	0	0	0	C*07:18:01:01	C*06:02:01:01
HG03209	AFR	SL17	T1K-four-field	DPA1	two_field	complete	1	1	1	2	DPA1*02:01:01:01	DPA1*03:05:02Q
HG03209	AFR	SL17	T1K-four-field	DPA1	four_field	complete	0	0	0	0	DPA1*02:01:01:01	DPA1*03:05:02Q
HG03209	AFR	SL17	T1K-four-field	DPB1	two_field	complete	1	1	1	2	DPB1*584:01:02:01	DPB1*01:01:01:01
HG03209	AFR	SL17	T1K-four-field	DPB1	four_field	complete	0	0	0	0	DPB1*584:01:02:01	DPB1*01:01:01:01
HG03209	AFR	SL17	T1K-four-field	DQA1	two_field	complete	1	1	1	2	DQA1*01:02:01:01	DQA1*03:03:01:01
HG03209	AFR	SL17	T1K-four-field	DQA1	four_field	complete	1	1	0	1	DQA1*01:02:01:01	DQA1*03:03:01:01
HG03209	AFR	SL17	T1K-four-field	DQB1	two_field	complete	1	1	1	2	DQB1*03:02:01:01	DQB1*06:02:01:01
HG03209	AFR	SL17	T1K-four-field	DQB1	four_field	complete	0	0	0	0	DQB1*03:02:01:01	DQB1*06:02:01:01
HG03209	AFR	SL17	T1K-four-field	DRB1	two_field	complete	1	1	1	2	DRB1*08:06:01:01	DRB1*04:05:01:05,HLA-DRB1*04:05:01:07,HLA-DRB1*04:05:01:09
HG03209	AFR	SL17	T1K-four-field	DRB1	four_field	complete	0	0	0	0	DRB1*08:06:01:01	DRB1*04:05:01:05,HLA-DRB1*04:05:01:07,HLA-DRB1*04:05:01:09
HG02976	AFR	NG24	T1K-four-field	A	two_field	complete	1	1	1	2	A*03:01:01:01	A*01:01:01:01
HG02976	AFR	NG24	T1K-four-field	A	four_field	complete	1	1	1	2	A*03:01:01:01	A*01:01:01:01
HG02976	AFR	NG24	T1K-four-field	B	two_field	complete	1	1	1	2	B*15:10:01:01	B*15:03:01:02
HG02976	AFR	NG24	T1K-four-field	B	four_field	complete	0	0	0	0	B*15:10:01:01	B*15:03:01:02
HG02976	AFR	NG24	T1K-four-field	C	two_field	complete	1	1	1	2	C*04:01:01:01	C*02:10:01:01
HG02976	AFR	NG24	T1K-four-field	C	four_field	complete	0	0	0	0	C*04:01:01:01	C*02:10:01:01
HG02976	AFR	NG24	T1K-four-field	DPA1	two_field	complete	1	1	1	2	DPA1*01:03:01:01	DPA1*02:01:01:01
HG02976	AFR	NG24	T1K-four-field	DPA1	four_field	complete	0	0	0	0	DPA1*01:03:01:01	DPA1*02:01:01:01
HG02976	AFR	NG24	T1K-four-field	DPB1	two_field	complete	1	1	1	2	DPB1*02:01:02:09	DPB1*17:01:01:01
HG02976	AFR	NG24	T1K-four-field	DPB1	four_field	complete	1	1	0	1	DPB1*02:01:02:09	DPB1*17:01:01:01
HG02976	AFR	NG24	T1K-four-field	DQA1	two_field	complete	1	1	1	2	DQA1*01:02:01:01	DQA1*01:02:01:01
HG02976	AFR	NG24	T1K-four-field	DQA1	four_field	complete	1	1	0	0	DQA1*01:02:01:01	DQA1*01:02:01:01
HG02976	AFR	NG24	T1K-four-field	DQB1	two_field	complete	1	1	1	2	DQB1*06:02:01:01	DQB1*06:02:01:01
HG02976	AFR	NG24	T1K-four-field	DQB1	four_field	complete	1	1	0	1	DQB1*06:02:01:01	DQB1*06:02:01:01
HG02976	AFR	NG24	T1K-four-field	DRB1	two_field	complete	0	0	0	0	DRB1*15:03:01:02	DRB1*11:01:02:03
HG02976	AFR	NG24	T1K-four-field	DRB1	four_field	complete	0	0	0	0	DRB1*15:03:01:02	DRB1*11:01:02:03
NA18879	AFR	Y021	T1K-four-field	A	two_field	complete	1	1	1	2	A*03:01:01:05	A*23:17:01:01
NA18879	AFR	Y021	T1K-four-field	A	four_field	complete	1	1	1	2	A*03:01:01:05	A*23:17:01:01
NA18879	AFR	Y021	T1K-four-field	B	two_field	complete	1	1	0	1	B*42:01:01:01	B*35:01:01:01,HLA-B*35:01:01:17,HLA-B*35:615
NA18879	AFR	Y021	T1K-four-field	B	four_field	complete	0	0	0	0	B*42:01:01:01	B*35:01:01:01,HLA-B*35:01:01:17,HLA-B*35:615
NA18879	AFR	Y021	T1K-four-field	C	two_field	complete	1	1	0	1	C*17:01:01:02	C*04:30
NA18879	AFR	Y021	T1K-four-field	C	four_field	complete	1	0	0	1	C*17:01:01:02	C*04:30
NA18879	AFR	Y021	T1K-four-field	DPA1	two_field	complete	1	1	1	2	DPA1*02:02:02:01	DPA1*02:02:02:01
NA18879	AFR	Y021	T1K-four-field	DPA1	four_field	complete	0	0	0	0	DPA1*02:02:02:01	DPA1*02:02:02:01
NA18879	AFR	Y021	T1K-four-field	DPB1	two_field	complete	1	1	1	2	DPB1*01:01:01:01	DPB1*01:01:01:01
NA18879	AFR	Y021	T1K-four-field	DPB1	four_field	complete	0	0	0	0	DPB1*01:01:01:01	DPB1*01:01:01:01
NA18879	AFR	Y021	T1K-four-field	DQA1	two_field	complete	1	1	1	2	DQA1*01:05:01:02	DQA1*01:03:01:01
NA18879	AFR	Y021	T1K-four-field	DQA1	four_field	complete	0	0	0	0	DQA1*01:05:01:02	DQA1*01:03:01:01
NA18879	AFR	Y021	T1K-four-field	DQB1	two_field	complete	1	1	1	2	DQB1*06:03:01:01	DQB1*05:01:01:01
NA18879	AFR	Y021	T1K-four-field	DQB1	four_field	complete	1	1	0	0	DQB1*06:03:01:01	DQB1*05:01:01:01
NA18879	AFR	Y021	T1K-four-field	DRB1	two_field	complete	1	1	1	2	DRB1*13:01:01:10	DRB1*03:02:01:01
NA18879	AFR	Y021	T1K-four-field	DRB1	four_field	complete	0	0	0	0	DRB1*13:01:01:10	DRB1*03:02:01:01
