donor	family	stratum	method	gene	state	eligible	called	correct	allele_matches	allele1	allele2	exclusion_reason
HG00096	HG00096	EUR	T1K-four-field	A	complete	1	1	1	2	A*29:02:01:01	A*01:01:01:01	
HG00096	HG00096	EUR	T1K-four-field	B	complete	1	1	1	2	B*08:01:01:01	B*44:03:01:01	
HG00096	HG00096	EUR	T1K-four-field	C	complete	1	1	1	2	C*07:01:01:01	C*16:01:01:01	
HG00096	HG00096	EUR	T1K-four-field	DRB1	complete	1	1	1	2	DRB1*03:01:01:01	DRB1*07:01:01:01	
HG00096	HG00096	EUR	T1K-four-field	DQB1	complete	1	1	1	2	DQB1*02:01:01:01	DQB1*02:02:01:01	
HG00100	HG00100	EUR	T1K-four-field	A	complete	1	1	1	2	A*01:01:01:01	A*01:01:01:01	
HG00100	HG00100	EUR	T1K-four-field	B	complete	1	1	1	2	B*57:01:01:01	B*08:01:01:01	
HG00100	HG00100	EUR	T1K-four-field	C	complete	1	1	1	2	C*07:01:01:01	C*06:02:01:01	
HG00100	HG00100	EUR	T1K-four-field	DRB1	complete	1	1	1	2	DRB1*07:01:01:01	DRB1*03:01:01:01	
HG00100	HG00100	EUR	T1K-four-field	DQB1	complete	1	1	1	2	DQB1*02:01:01:01	DQB1*03:03:02:01	
HG00101	HG00101	EUR	T1K-four-field	A	complete	1	1	1	2	A*11:01:01:01	A*32:01:01:01	
HG00101	HG00101	EUR	T1K-four-field	B	complete	1	1	1	2	B*27:05:02:01	B*57:01:01:01	
HG00101	HG00101	EUR	T1K-four-field	C	complete	1	1	1	2	C*02:02:02:01	C*06:02:01:01,HLA-C*06:02:01:10	
HG00101	HG00101	EUR	T1K-four-field	DRB1	complete	1	1	1	2	DRB1*15:01:01:03	DRB1*04:04:01:05	
HG00101	HG00101	EUR	T1K-four-field	DQB1	complete	1	1	1	2	DQB1*06:02:01:01	DQB1*03:02:01:02	
HG00102	HG00102	EUR	T1K-four-field	A	complete	1	1	1	2	A*01:01:01:01	A*01:01:01:01	
HG00102	HG00102	EUR	T1K-four-field	B	complete	1	1	1	2	B*08:01:01:01	B*07:02:01:01	
HG00102	HG00102	EUR	T1K-four-field	C	complete	1	1	1	2	C*07:02:01:03	C*07:01:01:01	
HG00102	HG00102	EUR	T1K-four-field	DRB1	complete	1	1	1	2	DRB1*01:01:01:01	DRB1*12:01:01:03,HLA-DRB1*12:01:01:08,HLA-DRB1*12:01:01:10,HLA-DRB1*12:01:01:14	
HG00102	HG00102	EUR	T1K-four-field	DQB1	complete	1	1	1	2	DQB1*05:01:01:01	DQB1*03:01:01:73	
HG00103	HG00103	EUR	T1K-four-field	A	complete	1	1	1	2	A*11:01:01:01	A*02:01:01:01	
HG00103	HG00103	EUR	T1K-four-field	B	complete	1	1	1	2	B*40:01:02:01,HLA-B*40:01:02:62	B*35:01:01:01	
HG00103	HG00103	EUR	T1K-four-field	C	complete	1	1	1	2	C*03:04:01:01	C*04:01:01:01,HLA-C*04:01:01:32,HLA-C*04:01:01:129,HLA-C*04:01:01:173	
HG00103	HG00103	EUR	T1K-four-field	DRB1	complete	1	1	1	2	DRB1*13:02:01:05,HLA-DRB1*13:02:01:07	DRB1*01:01:01:01	
HG00103	HG00103	EUR	T1K-four-field	DQB1	complete	1	1	1	2	DQB1*05:01:01:01	DQB1*06:04:01:01	
HG00105	HG00105	EUR	T1K-four-field	A	complete	1	1	1	2	A*03:01:01:01	A*02:01:01:01	
HG00105	HG00105	EUR	T1K-four-field	B	complete	1	1	1	2	B*44:03:01:01	B*07:02:01:01,HLA-B*07:02:01:79,HLA-B*07:02:01:97	
HG00105	HG00105	EUR	T1K-four-field	C	complete	1	1	1	2	C*04:01:01:01,HLA-C*04:01:01:32	C*07:02:01:139	
HG00105	HG00105	EUR	T1K-four-field	DRB1	complete	1	1	1	2	DRB1*15:01:01:03	DRB1*07:01:01:01	
HG00105	HG00105	EUR	T1K-four-field	DQB1	complete	1	1	1	2	DQB1*06:03:01:01	DQB1*02:02:01:01	
HG00106	HG00106	EUR	T1K-four-field	A	complete	1	1	1	2	A*01:01:01:01	A*11:01:01:01	
HG00106	HG00106	EUR	T1K-four-field	B	complete	1	1	1	2	B*08:01:01:01	B*35:03:01:03,HLA-B*35:03:01:14	
HG00106	HG00106	EUR	T1K-four-field	C	complete	1	1	1	2	C*07:01:01:01	C*04:01:01:01,HLA-C*04:01:01:32	
HG00106	HG00106	EUR	T1K-four-field	DRB1	complete	1	1	1	2	DRB1*03:01:01:01	DRB1*11:01:01:01	
HG00106	HG00106	EUR	T1K-four-field	DQB1	complete	1	1	1	2	DQB1*02:01:01:01	DQB1*03:01:01:01	
HG00107	HG00107	EUR	T1K-four-field	A	complete	1	1	1	2	A*03:01:01:01	A*03:01:01:01	
HG00107	HG00107	EUR	T1K-four-field	B	complete	1	1	1	2	B*40:01:02:01	B*07:02:01:01	
HG00107	HG00107	EUR	T1K-four-field	C	complete	1	1	1	2	C*03:04:01:01,HLA-C*03:04:01:56	C*07:02:01:03	
HG00107	HG00107	EUR	T1K-four-field	DRB1	complete	1	1	1	2	DRB1*15:01:01:01	DRB1*15:01:01:26	
HG00107	HG00107	EUR	T1K-four-field	DQB1	complete	1	1	1	2	DQB1*06:02:01:01	DQB1*06:02:01:01	
HG00108	HG00108	EUR	T1K-four-field	A	complete	1	1	1	2	A*03:01:01:01	A*24:02:01:01	
HG00108	HG00108	EUR	T1K-four-field	B	complete	1	1	1	2	B*35:02:01:01	B*40:01:02:01	
HG00108	HG00108	EUR	T1K-four-field	C	complete	1	1	1	2	C*03:04:01:01	C*04:01:01:06	
HG00108	HG00108	EUR	T1K-four-field	DRB1	complete	1	1	1	2	DRB1*04:04:01:06	DRB1*11:04:01:09	
HG00108	HG00108	EUR	T1K-four-field	DQB1	complete	1	1	1	2	DQB1*03:02:01:01	DQB1*03:01:01:02	
HG00109	HG00109	EUR	T1K-four-field	A	complete	1	1	1	2	A*01:01:01:01	A*02:05:01:01	
HG00109	HG00109	EUR	T1K-four-field	B	complete	1	1	1	2	B*08:01:01:01	B*44:02:01:01	
HG00109	HG00109	EUR	T1K-four-field	C	complete	1	1	1	2	C*05:01:01:02	C*07:01:01:01	
HG00109	HG00109	EUR	T1K-four-field	DRB1	complete	1	1	1	2	DRB1*15:01:01:01	DRB1*03:01:01:01	
HG00109	HG00109	EUR	T1K-four-field	DQB1	complete	1	1	1	2	DQB1*06:02:01:01	DQB1*02:01:01:01	
HG00110	HG00110	EUR	T1K-four-field	A	complete	1	1	1	2	A*11:01:01:01	A*02:01:01:01	
HG00110	HG00110	EUR	T1K-four-field	B	complete	1	1	1	2	B*44:02:01:01	B*55:01:01:01,HLA-B*55:01:35	
HG00110	HG00110	EUR	T1K-four-field	C	complete	1	1	1	2	C*05:01:01:02	C*03:03:01:01	
HG00110	HG00110	EUR	T1K-four-field	DRB1	complete	1	1	1	2	DRB1*04:01:01:01,HLA-DRB1*04:01:01:03	DRB1*13:01:01:20	
HG00110	HG00110	EUR	T1K-four-field	DQB1	complete	1	1	1	2	DQB1*06:03:01:01	DQB1*03:01:01:73	
HG00111	HG00111	EUR	T1K-four-field	A	complete	1	1	1	2	A*11:01:01:01	A*30:02:01:01	
HG00111	HG00111	EUR	T1K-four-field	B	complete	1	1	1	2	B*27:05:02:01	B*57:01:01:01	
HG00111	HG00111	EUR	T1K-four-field	C	complete	1	1	1	2	C*02:02:02:01	C*05:01:01:01	
HG00111	HG00111	EUR	T1K-four-field	DRB1	complete	1	1	1	2	DRB1*07:01:01:01	DRB1*04:03:01:01	
HG00111	HG00111	EUR	T1K-four-field	DQB1	complete	1	1	1	2	DQB1*03:02:01:02	DQB1*03:03:02:01	
HG00112	HG00112	EUR	T1K-four-field	A	complete	1	1	1	2	A*02:01:01:01	A*24:02:01:01	
HG00112	HG00112	EUR	T1K-four-field	B	complete	1	1	1	2	B*14:02:01:01,HLA-B*14:02:01:02	B*51:01:01:01	
HG00112	HG00112	EUR	T1K-four-field	C	complete	1	1	1	2	C*14:02:01:01	C*08:02:01:01	
HG00112	HG00112	EUR	T1K-four-field	DRB1	complete	1	1	1	2	DRB1*08:01:01:01	DRB1*13:03:01:01,HLA-DRB1*13:03:01:04,HLA-DRB1*13:03:01:05	
HG00112	HG00112	EUR	T1K-four-field	DQB1	complete	1	1	1	2	DQB1*04:02:01:04	DQB1*03:01:01:01	
HG00113	HG00113	EUR	T1K-four-field	A	complete	1	1	1	2	A*29:02:01:01	A*02:01:01:01	
HG00113	HG00113	EUR	T1K-four-field	B	complete	1	1	1	2	B*07:02:01:01	B*44:03:01:01	
HG00113	HG00113	EUR	T1K-four-field	C	complete	1	1	1	2	C*07:02:01:03	C*16:01:01:01	
HG00113	HG00113	EUR	T1K-four-field	DRB1	complete	1	1	1	2	DRB1*07:01:01:01	DRB1*15:01:01:01	
HG00113	HG00113	EUR	T1K-four-field	DQB1	complete	1	1	1	2	DQB1*02:02:01:01	DQB1*06:02:01:01	
HG00114	HG00114	EUR	T1K-four-field	A	complete	1	1	1	2	A*03:01:01:01	A*01:01:01:01	
HG00114	HG00114	EUR	T1K-four-field	B	complete	1	1	1	2	B*08:01:01:01	B*07:02:01:01,HLA-B*07:02:01:72	
HG00114	HG00114	EUR	T1K-four-field	C	complete	1	1	1	2	C*07:02:01:79	C*07:01:01:109	
HG00114	HG00114	EUR	T1K-four-field	DRB1	complete	1	1	1	2	DRB1*03:01:01:01	DRB1*15:01:01:01,HLA-DRB1*15:01:01:06,HLA-DRB1*15:01:01:25	
HG00114	HG00114	EUR	T1K-four-field	DQB1	complete	1	1	1	2	DQB1*02:01:01:01	DQB1*06:02:01:01	
HG00115	HG00115	EUR	T1K-four-field	A	complete	1	1	1	2	A*11:01:01:01	A*03:01:01:01	
HG00115	HG00115	EUR	T1K-four-field	B	complete	1	1	1	2	B*27:05:02:01	B*27:05:02:01	
HG00115	HG00115	EUR	T1K-four-field	C	complete	1	1	1	2	C*01:02:01:01	C*01:02:01:01	
HG00115	HG00115	EUR	T1K-four-field	DRB1	complete	1	1	1	2	DRB1*01:01:01:01	DRB1*01:01:01:01	
HG00115	HG00115	EUR	T1K-four-field	DQB1	complete	1	1	1	2	DQB1*05:01:01:01	DQB1*05:01:01:01	
HG00116	HG00116	EUR	T1K-four-field	A	complete	1	1	1	2	A*29:02:01:01	A*01:01:01:01	
HG00116	HG00116	EUR	T1K-four-field	B	complete	1	1	1	2	B*14:02:01:02	B*07:02:01:01	
HG00116	HG00116	EUR	T1K-four-field	C	complete	1	1	1	2	C*07:02:01:03	C*08:02:01:01	
HG00116	HG00116	EUR	T1K-four-field	DRB1	complete	1	1	1	2	DRB1*01:01:01:01	DRB1*13:02:01:03	
HG00116	HG00116	EUR	T1K-four-field	DQB1	complete	1	1	1	2	DQB1*05:01:01:01	DQB1*06:09:01:01	
HG00117	HG00117	EUR	T1K-four-field	A	complete	1	1	1	2	A*01:01:01:01	A*11:01:01:01	
HG00117	HG00117	EUR	T1K-four-field	B	complete	1	1	1	2	B*08:01:01:01	B*55:01:01:01	
HG00117	HG00117	EUR	T1K-four-field	C	complete	1	1	1	2	C*07:01:01:01	C*03:03:01:01	
HG00117	HG00117	EUR	T1K-four-field	DRB1	complete	1	1	1	2	DRB1*03:01:01:01	DRB1*04:07:01:01	
HG00117	HG00117	EUR	T1K-four-field	DQB1	complete	1	1	1	2	DQB1*02:01:01:01	DQB1*03:01:01:01	
HG00118	HG00118	EUR	T1K-four-field	A	complete	1	1	1	2	A*24:02:01:01	A*02:01:01:01	
HG00118	HG00118	EUR	T1K-four-field	B	complete	1	1	1	2	B*07:02:01:01	B*40:01:02:01	
HG00118	HG00118	EUR	T1K-four-field	C	complete	1	1	1	2	C*07:02:01:03	C*03:04:01:01	
HG00118	HG00118	EUR	T1K-four-field	DRB1	complete	1	1	1	2	DRB1*15:01:01:03	DRB1*15:01:01:01	
HG00118	HG00118	EUR	T1K-four-field	DQB1	complete	1	1	1	2	DQB1*06:02:01:01	DQB1*06:02:01:01	
HG00119	HG00119	EUR	T1K-four-field	A	complete	1	1	1	2	A*03:01:01:01	A*26:01:01:01	
HG00119	HG00119	EUR	T1K-four-field	B	complete	1	1	1	2	B*38:01:01:01	B*35:03:01:03	
HG00119	HG00119	EUR	T1K-four-field	C	complete	1	1	0	1	C*04:01:01:01,HLA-C*04:01:01:84Q,HLA-C*04:01:01:152,HLA-C*04:275:01:02,HLA-C*04:391	C*12:03:01:01	
HG00119	HG00119	EUR	T1K-four-field	DRB1	complete	1	1	1	2	DRB1*03:01:01:01	DRB1*14:01:01:02	
HG00119	HG00119	EUR	T1K-four-field	DQB1	complete	1	1	1	2	DQB1*02:01:01:01	DQB1*05:03:01:01	
HG00120	HG00120	EUR	T1K-four-field	A	complete	1	1	1	2	A*01:01:01:01	A*02:01:01:01	
HG00120	HG00120	EUR	T1K-four-field	B	complete	1	1	1	2	B*27:05:02:01	B*08:01:01:01	
HG00120	HG00120	EUR	T1K-four-field	C	complete	1	1	1	2	C*07:01:01:01	C*02:02:02:01	
HG00120	HG00120	EUR	T1K-four-field	DRB1	complete	1	1	1	2	DRB1*15:01:01:01	DRB1*03:01:01:01	
HG00120	HG00120	EUR	T1K-four-field	DQB1	complete	1	1	1	2	DQB1*06:02:01:01	DQB1*06:02:01:01	
HG00121	HG00121	EUR	T1K-four-field	A	complete	1	1	1	2	A*24:02:01:01	A*03:01:01:01	
HG00121	HG00121	EUR	T1K-four-field	B	complete	1	1	1	2	B*40:01:02:01	B*07:02:01:54	
HG00121	HG00121	EUR	T1K-four-field	C	complete	1	1	1	2	C*07:02:01:03	C*03:04:01:01	
HG00121	HG00121	EUR	T1K-four-field	DRB1	complete	1	1	1	2	DRB1*15:01:01:03	DRB1*04:04:01:06	
HG00121	HG00121	EUR	T1K-four-field	DQB1	complete	1	1	1	2	DQB1*03:02:01:01	DQB1*06:02:01:01	
HG00122	HG00122	EUR	T1K-four-field	A	complete	1	1	1	2	A*02:01:01:01	A*01:01:01:01	
HG00122	HG00122	EUR	T1K-four-field	B	complete	1	1	1	2	B*14:01:01:01	B*57:01:01:01	
HG00122	HG00122	EUR	T1K-four-field	C	complete	1	1	1	2	C*08:02:01:01	C*06:02:01:01	
HG00122	HG00122	EUR	T1K-four-field	DRB1	complete	1	1	1	2	DRB1*07:01:01:01	DRB1*07:01:01:01	
HG00122	HG00122	EUR	T1K-four-field	DQB1	complete	1	1	1	2	DQB1*02:02:01:01	DQB1*03:03:02:01	
HG00123	HG00123	EUR	T1K-four-field	A	complete	1	1	1	2	A*11:01:01:01	A*01:01:01:01	
HG00123	HG00123	EUR	T1K-four-field	B	complete	1	1	1	2	B*57:01:01:01	B*44:03:01:01	
HG00123	HG00123	EUR	T1K-four-field	C	complete	1	1	1	2	C*05:01:01:02	C*06:02:01:01	
HG00123	HG00123	EUR	T1K-four-field	DRB1	complete	1	1	1	2	DRB1*07:01:01:01	DRB1*07:01:01:01	
HG00123	HG00123	EUR	T1K-four-field	DQB1	complete	1	1	1	2	DQB1*03:03:02:01	DQB1*02:02:01:01	
HG00125	HG00125	EUR	T1K-four-field	A	complete	1	1	1	2	A*24:02:01:01	A*02:01:01:01	
HG00125	HG00125	EUR	T1K-four-field	B	complete	1	1	1	2	B*14:02:01:01,HLA-B*14:02:01:02	B*44:02:01:01	
HG00125	HG00125	EUR	T1K-four-field	C	complete	1	1	1	2	C*05:01:01:02	C*08:02:01:01	
HG00125	HG00125	EUR	T1K-four-field	DRB1	complete	1	1	1	2	DRB1*04:01:01:01,HLA-DRB1*04:01:01:03	DRB1*13:03:01:03	
HG00125	HG00125	EUR	T1K-four-field	DQB1	complete	1	1	0	1	DQB1*03:01:01:73	DQB1*03:276N	
HG00127	HG00127	EUR	T1K-four-field	A	complete	1	1	1	2	A*26:01:01:01	A*26:01:01:01	
HG00127	HG00127	EUR	T1K-four-field	B	complete	1	1	1	2	B*45:01:01:01	B*38:01:01:01	
HG00127	HG00127	EUR	T1K-four-field	C	complete	1	1	1	2	C*06:02:01:03	C*12:03:01:01	
HG00127	HG00127	EUR	T1K-four-field	DRB1	complete	1	1	1	2	DRB1*04:01:01:06	DRB1*04:03:01:02	
HG00127	HG00127	EUR	T1K-four-field	DQB1	complete	1	1	1	2	DQB1*03:02:01:01	DQB1*03:04:01:01	
HG00129	HG00129	EUR	T1K-four-field	A	complete	1	1	1	2	A*01:01:01:01	A*02:01:01:01,HLA-A*02:01:01:18,HLA-A*02:01:01:107,HLA-A*02:01:01:118,HLA-A*02:01:01:233	
HG00129	HG00129	EUR	T1K-four-field	B	complete	1	1	1	2	B*13:02:01:01	B*35:01:01:01	
HG00129	HG00129	EUR	T1K-four-field	C	complete	1	1	1	2	C*06:02:01:01	C*04:01:01:01,HLA-C*04:01:01:32,HLA-C*04:01:01:129	
HG00129	HG00129	EUR	T1K-four-field	DRB1	complete	1	1	1	2	DRB1*07:01:01:01	DRB1*01:01:01:01	
HG00129	HG00129	EUR	T1K-four-field	DQB1	complete	1	1	1	2	DQB1*02:02:01:01	DQB1*05:01:01:01	
HG00130	HG00130	EUR	T1K-four-field	A	complete	1	1	1	2	A*29:02:01:01	A*23:01:01:01	
HG00130	HG00130	EUR	T1K-four-field	B	complete	1	1	1	2	B*44:03:01:01	B*15:03:01:02	
HG00130	HG00130	EUR	T1K-four-field	C	complete	1	1	1	2	C*02:10:01:01	C*16:01:01:01	
HG00130	HG00130	EUR	T1K-four-field	DRB1	complete	1	1	1	2	DRB1*07:01:01:01	DRB1*10:01:01:01	
HG00130	HG00130	EUR	T1K-four-field	DQB1	complete	1	1	1	2	DQB1*05:01:01:01	DQB1*02:02:01:01,HLA-DQB1*02:02:01:03	
HG00131	HG00131	EUR	T1K-four-field	A	complete	1	1	1	2	A*01:01:01:01	A*03:01:01:01	
HG00131	HG00131	EUR	T1K-four-field	B	complete	1	1	1	2	B*57:01:01:01	B*37:01:01:01	
HG00131	HG00131	EUR	T1K-four-field	C	complete	1	1	1	2	C*06:02:01:01	C*06:02:01:01	
HG00131	HG00131	EUR	T1K-four-field	DRB1	complete	1	1	1	2	DRB1*07:01:01:01	DRB1*11:01:01:05	
HG00131	HG00131	EUR	T1K-four-field	DQB1	complete	1	1	1	2	DQB1*03:03:02:01	DQB1*03:01:01:01	
HG00132	HG00132	EUR	T1K-four-field	A	complete	1	1	1	2	A*68:01:01:02	A*02:01:01:01	
HG00132	HG00132	EUR	T1K-four-field	B	complete	1	1	1	2	B*35:03:01:03	B*44:02:01:01	
HG00132	HG00132	EUR	T1K-four-field	C	complete	1	1	1	2	C*05:01:01:02	C*04:01:01:01	
HG00132	HG00132	EUR	T1K-four-field	DRB1	complete	1	1	1	2	DRB1*01:01:01:01	DRB1*04:01:01:01,HLA-DRB1*04:01:01:03	
HG00132	HG00132	EUR	T1K-four-field	DQB1	complete	1	1	1	2	DQB1*05:01:01:01	DQB1*03:01:01:01	
HG00136	HG00136	EUR	T1K-four-field	A	complete	1	1	1	2	A*02:01:01:01	A*02:01:01:01	
HG00136	HG00136	EUR	T1K-four-field	B	complete	1	1	1	2	B*44:02:01:01	B*51:01:01:01,HLA-B*51:01:01:23,HLA-B*51:01:64	
HG00136	HG00136	EUR	T1K-four-field	C	complete	1	1	1	2	C*16:02:01:01	C*05:01:01:02	
HG00136	HG00136	EUR	T1K-four-field	DRB1	complete	1	1	1	2	DRB1*13:01:01:01,HLA-DRB1*13:01:01:03,HLA-DRB1*13:01:01:13,HLA-DRB1*13:01:01:20	DRB1*04:01:01:01,HLA-DRB1*04:01:01:03	
HG00136	HG00136	EUR	T1K-four-field	DQB1	complete	1	1	1	2	DQB1*06:03:01:01	DQB1*03:01:01:73	
HG00137	HG00137	EUR	T1K-four-field	A	complete	1	1	1	2	A*01:01:01:01	A*02:01:01:01	
HG00137	HG00137	EUR	T1K-four-field	B	complete	1	1	1	2	B*44:02:01:01	B*08:01:01:01	
HG00137	HG00137	EUR	T1K-four-field	C	complete	1	1	1	2	C*05:01:01:02	C*07:01:01:01	
HG00137	HG00137	EUR	T1K-four-field	DRB1	complete	1	1	1	2	DRB1*03:01:01:01	DRB1*13:01:01:02	
HG00137	HG00137	EUR	T1K-four-field	DQB1	complete	1	1	1	2	DQB1*02:01:01:01	DQB1*06:03:01:01	
HG00138	HG00138	EUR	T1K-four-field	A	complete	1	1	1	2	A*11:01:01:01	A*02:01:01:01	
HG00138	HG00138	EUR	T1K-four-field	B	complete	1	1	1	2	B*51:01:01:01	B*35:01:01:01	
HG00138	HG00138	EUR	T1K-four-field	C	complete	1	1	1	2	C*14:02:01:01	C*04:01:01:05	
HG00138	HG00138	EUR	T1K-four-field	DRB1	complete	1	1	1	2	DRB1*01:01:01:01	DRB1*13:01:01:03	
HG00138	HG00138	EUR	T1K-four-field	DQB1	complete	1	1	1	2	DQB1*05:01:01:01	DQB1*06:03:01:01	
HG00139	HG00139	EUR	T1K-four-field	A	complete	1	1	1	2	A*23:01:01:01	A*02:01:01:01	
HG00139	HG00139	EUR	T1K-four-field	B	complete	1	1	1	2	B*44:03:01:01	B*44:03:01:01	
HG00139	HG00139	EUR	T1K-four-field	C	complete	1	1	1	2	C*16:01:01:01	C*16:01:01:01	
HG00139	HG00139	EUR	T1K-four-field	DRB1	complete	1	1	1	2	DRB1*07:01:01:01	DRB1*07:01:01:01	
HG00139	HG00139	EUR	T1K-four-field	DQB1	complete	1	1	1	2	DQB1*02:02:01:01	DQB1*02:02:01:01	
HG00141	HG00141	EUR	T1K-four-field	A	complete	1	1	1	2	A*03:01:01:01	A*24:02:01:01	
HG00141	HG00141	EUR	T1K-four-field	B	complete	1	1	0	1	B*35:01:01:01	B*15:01:01:01,HLA-B*15:01:84,HLA-B*15:542,HLA-B*15:632	
HG00141	HG00141	EUR	T1K-four-field	C	complete	1	1	1	2	C*03:03:01:01	C*04:01:01:01	
HG00141	HG00141	EUR	T1K-four-field	DRB1	complete	1	1	1	2	DRB1*01:01:01:01	DRB1*04:01:01:05	
HG00141	HG00141	EUR	T1K-four-field	DQB1	complete	1	1	1	2	DQB1*03:02:01:01	DQB1*05:01:01:01	
HG00142	HG00142	EUR	T1K-four-field	A	complete	1	1	1	2	A*29:02:01:02	A*02:01:01:01	
HG00142	HG00142	EUR	T1K-four-field	B	complete	1	1	1	2	B*45:01:01:01	B*57:01:01:01	
HG00142	HG00142	EUR	T1K-four-field	C	complete	1	1	1	2	C*06:02:01:03	C*06:02:01:01	
HG00142	HG00142	EUR	T1K-four-field	DRB1	complete	1	1	1	2	DRB1*07:01:01:01	DRB1*04:01:01:01	
HG00142	HG00142	EUR	T1K-four-field	DQB1	complete	1	1	1	2	DQB1*03:03:02:01	DQB1*03:01:01:01	
HG00143	HG00143	EUR	T1K-four-field	A	complete	1	1	1	2	A*02:01:01:01	A*02:01:01:01	
HG00143	HG00143	EUR	T1K-four-field	B	complete	1	1	1	2	B*57:01:01:01	B*07:02:01:01	
HG00143	HG00143	EUR	T1K-four-field	C	complete	1	1	1	2	C*07:02:01:03	C*06:02:01:01,HLA-C*06:02:01:10	
HG00143	HG00143	EUR	T1K-four-field	DRB1	complete	1	1	1	2	DRB1*07:01:01:01	DRB1*15:01:01:01	
HG00143	HG00143	EUR	T1K-four-field	DQB1	complete	1	1	1	2	DQB1*03:03:02:01	DQB1*06:03:01:01	
HG00145	HG00145	EUR	T1K-four-field	A	complete	1	1	1	2	A*24:02:01:01	A*01:01:01:01	
HG00145	HG00145	EUR	T1K-four-field	B	complete	1	1	1	2	B*40:01:02:01,HLA-B*40:01:02:62	B*07:02:01:54	
HG00145	HG00145	EUR	T1K-four-field	C	complete	1	1	1	2	C*03:04:01:01	C*07:02:01:03	
HG00145	HG00145	EUR	T1K-four-field	DRB1	complete	1	1	1	2	DRB1*13:02:01:05,HLA-DRB1*13:02:01:09	DRB1*15:01:01:03	
HG00145	HG00145	EUR	T1K-four-field	DQB1	complete	1	1	1	2	DQB1*06:02:01:01	DQB1*06:04:01:01	
HG00148	HG00148	EUR	T1K-four-field	A	complete	1	1	1	2	A*11:01:01:01	A*02:01:01:01	
HG00148	HG00148	EUR	T1K-four-field	B	complete	1	1	1	2	B*44:02:01:01	B*40:01:02:01	
HG00148	HG00148	EUR	T1K-four-field	C	complete	1	1	1	2	C*05:01:01:02	C*03:04:01:01	
HG00148	HG00148	EUR	T1K-four-field	DRB1	complete	1	1	1	2	DRB1*04:01:01:01,HLA-DRB1*04:01:01:03	DRB1*13:02:01:02,HLA-DRB1*13:02:01:11	
HG00148	HG00148	EUR	T1K-four-field	DQB1	complete	1	1	1	2	DQB1*06:04:01:01	DQB1*03:01:01:73	
HG00149	HG00149	EUR	T1K-four-field	A	complete	1	1	1	2	A*02:01:01:01	A*02:01:01:01	
HG00149	HG00149	EUR	T1K-four-field	B	complete	1	1	1	2	B*44:03:01:01	B*13:02:01:01	
HG00149	HG00149	EUR	T1K-four-field	C	complete	1	1	1	2	C*06:02:01:01	C*16:01:01:01	
HG00149	HG00149	EUR	T1K-four-field	DRB1	complete	1	1	1	2	DRB1*01:01:01:01	DRB1*07:01:01:01	
HG00149	HG00149	EUR	T1K-four-field	DQB1	complete	1	1	1	2	DQB1*05:01:01:01	DQB1*02:02:01:01	
HG00150	HG00150	EUR	T1K-four-field	A	complete	1	1	1	2	A*11:01:01:01	A*02:01:01:01	
HG00150	HG00150	EUR	T1K-four-field	B	complete	1	1	1	2	B*27:05:02:01	B*51:01:01:01	
HG00150	HG00150	EUR	T1K-four-field	C	complete	1	1	1	2	C*02:02:02:01	C*15:02:01:01	
HG00150	HG00150	EUR	T1K-four-field	DRB1	complete	1	1	1	2	DRB1*14:54:01:09	DRB1*04:04:01:02,HLA-DRB1*04:04:01:03,HLA-DRB1*04:04:01:04,HLA-DRB1*04:04:01:05,HLA-DRB1*04:04:01:06,HLA-DRB1*04:04:01:07,HLA-DRB1*04:04:01:14,HLA-DRB1*04:04:01:15	
HG00150	HG00150	EUR	T1K-four-field	DQB1	complete	1	1	1	2	DQB1*03:02:01:01	DQB1*05:03:01:01	
HG00151	HG00151	EUR	T1K-four-field	A	complete	1	1	1	2	A*11:01:01:01	A*30:02:01:01	
HG00151	HG00151	EUR	T1K-four-field	B	complete	1	1	1	2	B*08:01:01:01	B*55:01:01:01,HLA-B*55:01:01:26	
HG00151	HG00151	EUR	T1K-four-field	C	complete	1	1	1	2	C*03:03:01:01	C*07:18:01:01	
HG00151	HG00151	EUR	T1K-four-field	DRB1	complete	1	1	1	2	DRB1*01:01:01:01	DRB1*03:01:01:02	
HG00151	HG00151	EUR	T1K-four-field	DQB1	complete	1	1	1	2	DQB1*05:01:01:01	DQB1*02:01:01:01	
HG00154	HG00154	EUR	T1K-four-field	A	complete	1	1	1	2	A*03:01:01:01	A*02:01:01:01	
HG00154	HG00154	EUR	T1K-four-field	B	complete	1	1	0	1	B*35:01:01:01,HLA-B*35:01:01:17,HLA-B*35:01:01:68,HLA-B*35:370,HLA-B*35:615	B*39:01:01:02L,HLA-B*39:01:01:06	
HG00154	HG00154	EUR	T1K-four-field	C	complete	1	1	1	2	C*04:01:01:01,HLA-C*04:01:01:32,HLA-C*04:01:01:129	C*12:03:01:01	
HG00154	HG00154	EUR	T1K-four-field	DRB1	complete	1	1	1	2	DRB1*04:04:01:04,HLA-DRB1*04:04:01:15	DRB1*01:01:01:01	
HG00154	HG00154	EUR	T1K-four-field	DQB1	complete	1	1	1	2	DQB1*03:02:01:02	DQB1*05:01:01:01	
HG00155	GBR001	EUR	T1K-four-field	A	complete	1	1	1	2	A*32:01:01:01	A*02:01:01:01	
HG00155	GBR001	EUR	T1K-four-field	B	complete	1	1	1	2	B*57:01:01:01	B*14:01:01:01	
HG00155	GBR001	EUR	T1K-four-field	C	complete	1	1	1	2	C*06:02:01:10	C*08:02:01:01	
HG00155	GBR001	EUR	T1K-four-field	DRB1	complete	1	1	1	2	DRB1*07:01:01:01	DRB1*07:01:01:01	
HG00155	GBR001	EUR	T1K-four-field	DQB1	complete	1	1	1	2	DQB1*03:03:02:01	DQB1*02:02:01:01	
HG00157	HG00157	EUR	T1K-four-field	A	complete	1	1	1	2	A*68:01:01:02	A*02:01:01:01	
HG00157	HG00157	EUR	T1K-four-field	B	complete	1	1	1	2	B*45:01:01:01	B*07:02:01:01	
HG00157	HG00157	EUR	T1K-four-field	C	complete	1	1	1	2	C*03:04:01:01	C*06:02:01:03	
HG00157	HG00157	EUR	T1K-four-field	DRB1	complete	1	1	1	2	DRB1*15:01:01:03	DRB1*04:05:01:01,HLA-DRB1*04:05:01:02,HLA-DRB1*04:05:01:05,HLA-DRB1*04:05:01:07,HLA-DRB1*04:05:01:09	
HG00157	HG00157	EUR	T1K-four-field	DQB1	complete	1	1	1	2	DQB1*03:02:01:01	DQB1*06:02:01:01	
HG00158	GBR003	EUR	T1K-four-field	A	complete	1	1	1	2	A*32:01:01:01	A*02:01:01:01,HLA-A*02:01:01:18,HLA-A*02:01:01:107,HLA-A*02:01:01:118,HLA-A*02:01:01:233	
HG00158	GBR003	EUR	T1K-four-field	B	complete	1	1	1	2	B*07:02:01:01	B*56:01:01:02	
HG00158	GBR003	EUR	T1K-four-field	C	complete	1	1	1	2	C*01:02:01:01,HLA-C*01:02:01:23,HLA-C*01:02:01:57	C*07:02:01:03	
HG00158	GBR003	EUR	T1K-four-field	DRB1	complete	1	1	1	2	DRB1*04:01:01:01	DRB1*15:01:01:03	
HG00158	GBR003	EUR	T1K-four-field	DQB1	complete	1	1	1	2	DQB1*03:02:01:01	DQB1*06:02:01:01	
HG00159	HG00159	EUR	T1K-four-field	A	complete	1	1	1	2	A*11:01:01:01	A*02:01:01:01	
HG00159	HG00159	EUR	T1K-four-field	B	complete	1	1	1	2	B*55:01:01:01,HLA-B*55:01:35	B*07:02:01:01	
HG00159	HG00159	EUR	T1K-four-field	C	complete	1	1	1	2	C*03:03:01:01	C*07:02:01:03	
HG00159	HG00159	EUR	T1K-four-field	DRB1	complete	1	1	1	2	DRB1*08:01:01:01	DRB1*15:01:01:03	
HG00159	HG00159	EUR	T1K-four-field	DQB1	complete	1	1	1	2	DQB1*04:02:01:04	DQB1*06:02:01:01	
HG00160	HG00160	EUR	T1K-four-field	A	complete	1	1	1	2	A*02:01:01:01	A*24:02:01:01	
HG00160	HG00160	EUR	T1K-four-field	B	complete	1	1	1	2	B*39:06:02:01	B*13:02:01:01	
HG00160	HG00160	EUR	T1K-four-field	C	complete	1	1	1	2	C*07:02:01:01	C*06:02:01:01	
HG00160	HG00160	EUR	T1K-four-field	DRB1	complete	1	1	1	2	DRB1*08:01:01:01	DRB1*07:01:01:01	
HG00160	HG00160	EUR	T1K-four-field	DQB1	complete	1	1	1	2	DQB1*02:02:01:01	DQB1*04:02:01:04	
HG00171	HG00171	EUR	T1K-four-field	A	complete	1	1	1	2	A*02:01:01:01	A*02:01:01:01	
HG00171	HG00171	EUR	T1K-four-field	B	complete	1	1	1	2	B*51:01:01:01	B*13:02:01:01,HLA-B*13:02:01:13	
HG00171	HG00171	EUR	T1K-four-field	C	complete	1	1	1	2	C*06:02:01:01	C*15:02:01:01	
HG00171	HG00171	EUR	T1K-four-field	DRB1	complete	1	1	1	2	DRB1*09:01:02:01	DRB1*07:01:01:01	
HG00171	HG00171	EUR	T1K-four-field	DQB1	complete	1	1	1	2	DQB1*03:03:02:02	DQB1*02:02:01:01	
HG00173	HG00173	EUR	T1K-four-field	A	complete	1	1	1	2	A*02:01:01:01	A*31:01:02:01	
HG00173	HG00173	EUR	T1K-four-field	B	complete	1	1	1	2	B*44:27:01:01	B*40:01:02:01,HLA-B*40:01:02:62	
HG00173	HG00173	EUR	T1K-four-field	C	complete	1	1	1	2	C*07:04:01:01	C*03:04:01:01	
HG00173	HG00173	EUR	T1K-four-field	DRB1	complete	1	1	1	2	DRB1*08:01:01:01	DRB1*16:01:01:01,HLA-DRB1*16:01:01:02	
HG00173	HG00173	EUR	T1K-four-field	DQB1	complete	1	1	1	2	DQB1*04:02:01:04	DQB1*05:02:01:01	
HG00174	HG00174	EUR	T1K-four-field	A	complete	1	1	1	2	A*02:01:01:01	A*23:01:01:01	
HG00174	HG00174	EUR	T1K-four-field	B	complete	1	1	1	2	B*38:01:01:01	B*15:01:01:04	
HG00174	HG00174	EUR	T1K-four-field	C	complete	1	1	1	2	C*12:03:01:01	C*04:01:01:06	
HG00174	HG00174	EUR	T1K-four-field	DRB1	complete	1	1	1	2	DRB1*08:01:01:01	DRB1*01:01:01:01	
HG00174	HG00174	EUR	T1K-four-field	DQB1	complete	1	1	1	2	DQB1*05:01:01:01	DQB1*04:02:01:04	
HG00176	HG00176	EUR	T1K-four-field	A	complete	1	1	1	2	A*02:01:01:01	A*01:01:01:01	
HG00176	HG00176	EUR	T1K-four-field	B	complete	1	1	0	1	B*35:01:01:01,HLA-B*35:370,HLA-B*35:615	B*15:01:01:01	
HG00176	HG00176	EUR	T1K-four-field	C	complete	1	1	1	2	C*03:03:01:01	C*04:01:01:05	
HG00176	HG00176	EUR	T1K-four-field	DRB1	complete	1	1	1	2	DRB1*04:01:01:05	DRB1*13:01:01:01	
HG00176	HG00176	EUR	T1K-four-field	DQB1	complete	1	1	1	2	DQB1*03:02:01:01	DQB1*06:03:01:01	
HG00177	HG00177	EUR	T1K-four-field	A	complete	1	1	1	2	A*02:01:01:01	A*02:01:01:01	
HG00177	HG00177	EUR	T1K-four-field	B	complete	1	1	1	2	B*40:01:02:01,HLA-B*40:01:02:62	B*13:02:01:01	
HG00177	HG00177	EUR	T1K-four-field	C	complete	1	1	1	2	C*03:04:01:01	C*06:02:01:01	
HG00177	HG00177	EUR	T1K-four-field	DRB1	complete	1	1	1	2	DRB1*07:01:01:01	DRB1*08:01:01:01	
HG00177	HG00177	EUR	T1K-four-field	DQB1	complete	1	1	1	2	DQB1*04:02:01:04	DQB1*02:02:01:01	
HG00178	HG00178	EUR	T1K-four-field	A	complete	1	1	1	2	A*03:01:01:01	A*01:01:01:01	
HG00178	HG00178	EUR	T1K-four-field	B	complete	1	1	1	2	B*08:01:01:01	B*07:02:01:01	
HG00178	HG00178	EUR	T1K-four-field	C	complete	1	1	1	2	C*07:02:01:79	C*07:01:01:109	
HG00178	HG00178	EUR	T1K-four-field	DRB1	complete	1	1	1	2	DRB1*15:01:01:03	DRB1*04:01:01:01,HLA-DRB1*04:01:01:03	
HG00178	HG00178	EUR	T1K-four-field	DQB1	complete	1	1	1	2	DQB1*06:02:01:01	DQB1*03:02:01:01	
HG00179	HG00179	EUR	T1K-four-field	A	complete	1	1	1	2	A*03:01:01:01	A*03:01:01:01	
HG00179	HG00179	EUR	T1K-four-field	B	complete	1	1	0	1	B*07:02:01:01	B*35:01:01:01,HLA-B*35:370,HLA-B*35:615	
HG00179	HG00179	EUR	T1K-four-field	C	complete	1	1	1	2	C*07:02:01:03	C*04:01:01:01,HLA-C*04:01:01:32	
HG00179	HG00179	EUR	T1K-four-field	DRB1	complete	1	1	1	2	DRB1*01:01:01:01	DRB1*15:01:01:01,HLA-DRB1*15:01:01:06,HLA-DRB1*15:01:01:25	
HG00179	HG00179	EUR	T1K-four-field	DQB1	complete	1	1	1	2	DQB1*05:01:01:01	DQB1*06:02:01:01	
HG00180	HG00180	EUR	T1K-four-field	A	complete	1	1	1	2	A*03:01:01:01	A*02:01:01:01	
HG00180	HG00180	EUR	T1K-four-field	B	complete	1	1	1	2	B*40:02:01:01	B*41:01:01:01	
HG00180	HG00180	EUR	T1K-four-field	C	complete	1	1	1	2	C*07:01:01:01	C*02:02:02:01	
HG00180	HG00180	EUR	T1K-four-field	DRB1	complete	1	1	1	2	DRB1*11:01:01:05	DRB1*11:01:02:03,HLA-DRB1*11:01:02:04	
HG00180	HG00180	EUR	T1K-four-field	DQB1	complete	1	1	1	2	DQB1*03:01:01:01	DQB1*03:01:01:73	
HG00181	HG00181	EUR	T1K-four-field	A	complete	1	1	1	2	A*69:01:01:01	A*02:01:01:127	
HG00181	HG00181	EUR	T1K-four-field	B	complete	1	1	1	2	B*55:01:01:01,HLA-B*55:01:35	B*15:01:01:04	
HG00181	HG00181	EUR	T1K-four-field	C	complete	1	1	1	2	C*03:03:01:01	C*04:01:01:06	
HG00181	HG00181	EUR	T1K-four-field	DRB1	complete	1	1	1	2	DRB1*15:01:01:03	DRB1*08:01:01:01	
HG00181	HG00181	EUR	T1K-four-field	DQB1	complete	1	1	1	2	DQB1*04:02:01:04	DQB1*06:03:01:01,HLA-DQB1*06:03:01:09,HLA-DQB1*06:03:01:10	
HG00182	HG00182	EUR	T1K-four-field	A	complete	1	1	1	2	A*32:01:01:01	A*02:01:01:01	
HG00182	HG00182	EUR	T1K-four-field	B	complete	1	1	0	1	B*35:01:01:01,HLA-B*35:01:01:17,HLA-B*35:370,HLA-B*35:615	B*44:02:01:01	
HG00182	HG00182	EUR	T1K-four-field	C	complete	1	1	1	2	C*05:01:01:02	C*04:01:01:01,HLA-C*04:01:01:26,HLA-C*04:01:01:88,HLA-C*04:01:01:142,HLA-C*04:01:01:173	
HG00182	HG00182	EUR	T1K-four-field	DRB1	complete	1	1	1	2	DRB1*01:01:01:01	DRB1*03:01:01:02	
HG00182	HG00182	EUR	T1K-four-field	DQB1	complete	1	1	1	2	DQB1*05:01:01:01	DQB1*02:01:01:01	
HG00183	HG00183	EUR	T1K-four-field	A	complete	1	1	0	1	A*11:01:01:01,HLA-A*11:01:130,HLA-A*11:328	A*02:01:01:01	
HG00183	HG00183	EUR	T1K-four-field	B	complete	1	1	1	2	B*55:01:01:01	B*40:02:01:01	
HG00183	HG00183	EUR	T1K-four-field	C	complete	1	1	1	2	C*02:02:02:01	C*03:03:01:01	
HG00183	HG00183	EUR	T1K-four-field	DRB1	complete	1	1	1	2	DRB1*11:01:01:05	DRB1*04:07:01:01	
HG00183	HG00183	EUR	T1K-four-field	DQB1	complete	1	1	0	1	DQB1*03:01:01:73	DQB1*03:276N	
HG00185	HG00185	EUR	T1K-four-field	A	complete	1	1	1	2	A*02:01:01:01	A*26:01:01:01	
HG00185	HG00185	EUR	T1K-four-field	B	complete	1	1	1	2	B*44:02:01:01	B*40:02:01:01	
HG00185	HG00185	EUR	T1K-four-field	C	complete	1	1	1	2	C*03:04:01:01	C*05:01:01:02	
HG00185	HG00185	EUR	T1K-four-field	DRB1	complete	1	1	1	2	DRB1*01:01:01:01	DRB1*13:02:01:05,HLA-DRB1*13:02:01:09	
HG00185	HG00185	EUR	T1K-four-field	DQB1	complete	1	1	1	2	DQB1*05:01:01:01	DQB1*06:04:01:01	
HG00186	HG00186	EUR	T1K-four-field	A	complete	1	1	1	2	A*32:01:01:01	A*02:01:01:01	
HG00186	HG00186	EUR	T1K-four-field	B	complete	1	1	1	2	B*27:05:02:01	B*15:18:01:01	
HG00186	HG00186	EUR	T1K-four-field	C	complete	1	1	1	2	C*07:04:01:01	C*02:02:02:01	
HG00186	HG00186	EUR	T1K-four-field	DRB1	complete	1	1	1	2	DRB1*04:04:01:04,HLA-DRB1*04:04:01:15	DRB1*08:01:01:01	
HG00186	HG00186	EUR	T1K-four-field	DQB1	complete	1	1	1	2	DQB1*04:02:01:04	DQB1*03:02:01:02	
HG00187	HG00187	EUR	T1K-four-field	A	complete	1	1	1	2	A*11:01:01:01	A*68:01:02:02	
HG00187	HG00187	EUR	T1K-four-field	B	complete	1	1	1	2	B*15:01:01:01	B*55:01:01:01	
HG00187	HG00187	EUR	T1K-four-field	C	complete	1	1	1	2	C*03:04:01:01	C*03:03:01:01	
HG00187	HG00187	EUR	T1K-four-field	DRB1	complete	1	1	1	2	DRB1*04:03:01:01	DRB1*15:01:01:03	
HG00187	HG00187	EUR	T1K-four-field	DQB1	complete	1	1	1	2	DQB1*03:02:01:01	DQB1*06:02:01:01	
HG00188	HG00188	EUR	T1K-four-field	A	complete	1	1	1	2	A*31:01:02:01	A*29:02:01:01	
HG00188	HG00188	EUR	T1K-four-field	B	complete	1	1	1	2	B*39:01:01:02L	B*44:03:01:01	
HG00188	HG00188	EUR	T1K-four-field	C	complete	1	1	1	2	C*12:03:01:01	C*16:01:01:01	
HG00188	HG00188	EUR	T1K-four-field	DRB1	complete	1	1	1	2	DRB1*07:01:01:01	DRB1*12:01:01:03,HLA-DRB1*12:01:01:13	
HG00188	HG00188	EUR	T1K-four-field	DQB1	complete	1	1	1	2	DQB1*03:03:02:01	DQB1*03:01:01:73	
HG00189	HG00189	EUR	T1K-four-field	A	complete	1	1	1	2	A*03:01:01:01	A*02:01:01:01	
HG00189	HG00189	EUR	T1K-four-field	B	complete	1	1	1	2	B*08:01:01:01	B*07:02:01:01,HLA-B*07:02:01:79,HLA-B*07:02:01:81,HLA-B*07:02:01:97	
HG00189	HG00189	EUR	T1K-four-field	C	complete	1	1	1	2	C*07:02:01:03	C*07:01:01:01	
HG00189	HG00189	EUR	T1K-four-field	DRB1	complete	1	1	1	2	DRB1*13:01:01:02,HLA-DRB1*13:01:01:18,HLA-DRB1*13:01:01:21	DRB1*03:01:01:01	
HG00189	HG00189	EUR	T1K-four-field	DQB1	complete	1	1	1	2	DQB1*02:01:01:01	DQB1*06:03:01:01	
HG00190	HG00190	EUR	T1K-four-field	A	complete	1	1	1	2	A*11:01:01:01	A*68:01:02:02	
HG00190	HG00190	EUR	T1K-four-field	B	complete	1	1	1	2	B*35:01:01:01	B*35:01:01:01	
HG00190	HG00190	EUR	T1K-four-field	C	complete	1	1	1	2	C*04:01:01:01,HLA-C*04:01:01:32,HLA-C*04:01:01:129,HLA-C*04:01:01:173	C*03:03:01:01	
HG00190	HG00190	EUR	T1K-four-field	DRB1	complete	1	1	1	2	DRB1*04:01:01:01,HLA-DRB1*04:01:01:03	DRB1*08:01:01:01	
HG00190	HG00190	EUR	T1K-four-field	DQB1	complete	1	1	1	2	DQB1*03:02:01:01	DQB1*04:02:01:04	
HG00231	HG00231	EUR	T1K-four-field	A	complete	1	1	1	2	A*25:01:01:01	A*02:01:01:01	
HG00231	HG00231	EUR	T1K-four-field	B	complete	1	1	0	1	B*44:02:01:03	B*44:02:01:03	
HG00231	HG00231	EUR	T1K-four-field	C	complete	1	1	1	2	C*07:04:01:01	C*15:02:01:01	
HG00231	HG00231	EUR	T1K-four-field	DRB1	complete	1	1	1	2	DRB1*13:02:01:02,HLA-DRB1*13:02:01:11	DRB1*04:04:01:04,HLA-DRB1*04:04:01:15	
HG00231	HG00231	EUR	T1K-four-field	DQB1	complete	1	1	1	2	DQB1*03:02:01:01	DQB1*06:04:01:01	
HG00233	HG00233	EUR	T1K-four-field	A	complete	1	1	1	2	A*29:02:01:01	A*02:01:01:05	
HG00233	HG00233	EUR	T1K-four-field	B	complete	1	1	1	2	B*44:02:01:01	B*35:01:01:01	
HG00233	HG00233	EUR	T1K-four-field	C	complete	1	1	1	2	C*05:01:01:02	C*04:01:01:01,HLA-C*04:01:01:32,HLA-C*04:01:01:129	
HG00233	HG00233	EUR	T1K-four-field	DRB1	complete	1	1	1	2	DRB1*01:01:01:01	DRB1*04:04:01:04,HLA-DRB1*04:04:01:15	
HG00233	HG00233	EUR	T1K-four-field	DQB1	complete	1	1	1	2	DQB1*03:02:01:01,HLA-DQB1*03:02:01:02	DQB1*05:01:01:01	
HG00234	HG00234	EUR	T1K-four-field	A	complete	1	1	1	2	A*25:01:01:01	A*02:01:01:01	
HG00234	HG00234	EUR	T1K-four-field	B	complete	1	1	1	2	B*18:01:01:02	B*44:02:01:01	
HG00234	HG00234	EUR	T1K-four-field	C	complete	1	1	1	2	C*12:03:01:01	C*05:01:01:02	
HG00234	HG00234	EUR	T1K-four-field	DRB1	complete	1	1	1	2	DRB1*15:01:01:03	DRB1*04:04:01:04,HLA-DRB1*04:04:01:05,HLA-DRB1*04:04:01:06,HLA-DRB1*04:04:01:07,HLA-DRB1*04:04:01:14,HLA-DRB1*04:04:01:15	
HG00234	HG00234	EUR	T1K-four-field	DQB1	complete	1	1	1	2	DQB1*03:02:01:02	DQB1*06:02:01:01	
HG00236	HG00236	EUR	T1K-four-field	A	complete	1	1	1	2	A*24:02:01:01	A*03:01:01:01	
HG00236	HG00236	EUR	T1K-four-field	B	complete	1	1	1	2	B*39:06:02:01	B*07:02:01:01	
HG00236	HG00236	EUR	T1K-four-field	C	complete	1	1	1	2	C*07:02:01:01	C*07:02:01:03	
HG00236	HG00236	EUR	T1K-four-field	DRB1	complete	1	1	1	2	DRB1*15:01:01:01	DRB1*04:04:01:03,HLA-DRB1*04:04:01:04,HLA-DRB1*04:04:01:15	
HG00236	HG00236	EUR	T1K-four-field	DQB1	complete	1	1	1	2	DQB1*06:02:01:01	DQB1*03:02:01:02	
HG00237	HG00237	EUR	T1K-four-field	A	complete	1	1	1	2	A*03:01:01:01	A*24:02:01:01	
HG00237	HG00237	EUR	T1K-four-field	B	complete	1	1	1	2	B*35:01:01:01	B*39:06:02:01	
HG00237	HG00237	EUR	T1K-four-field	C	complete	1	1	1	2	C*04:01:01:01,HLA-C*04:01:01:26,HLA-C*04:01:01:32,HLA-C*04:01:01:88,HLA-C*04:01:01:94,HLA-C*04:01:01:129,HLA-C*04:01:01:139,HLA-C*04:01:01:142,HLA-C*04:01:01:152,HLA-C*04:01:01:173	C*07:02:01:01	
HG00237	HG00237	EUR	T1K-four-field	DRB1	complete	1	1	1	2	DRB1*08:01:01:01	DRB1*01:01:01:01	
HG00237	HG00237	EUR	T1K-four-field	DQB1	complete	1	1	1	2	DQB1*04:02:01:04	DQB1*05:01:01:01	
HG00238	HG00238	EUR	T1K-four-field	A	complete	1	1	1	2	A*11:01:01:01	A*02:01:01:01	
HG00238	HG00238	EUR	T1K-four-field	B	complete	1	1	1	2	B*56:01:01:02	B*51:01:01:01	
HG00238	HG00238	EUR	T1K-four-field	C	complete	1	1	1	2	C*01:02:01:01	C*15:02:01:01	
HG00238	HG00238	EUR	T1K-four-field	DRB1	complete	1	1	1	2	DRB1*11:01:01:10	DRB1*15:01:01:01,HLA-DRB1*15:01:01:06,HLA-DRB1*15:01:01:25	
HG00238	HG00238	EUR	T1K-four-field	DQB1	complete	1	1	1	2	DQB1*06:02:01:01	DQB1*03:01:01:01	
HG00239	HG00239	EUR	T1K-four-field	A	complete	1	1	1	2	A*24:02:01:01	A*02:01:01:01	
HG00239	HG00239	EUR	T1K-four-field	B	complete	1	1	1	2	B*37:01:01:01	B*44:02:01:01	
HG00239	HG00239	EUR	T1K-four-field	C	complete	1	1	1	2	C*05:01:01:02	C*06:02:01:01	
HG00239	HG00239	EUR	T1K-four-field	DRB1	complete	1	1	1	2	DRB1*12:01:01:03,HLA-DRB1*12:01:01:08	DRB1*11:03:01:01	
HG00239	HG00239	EUR	T1K-four-field	DQB1	complete	1	1	0	1	DQB1*03:01:01:73	DQB1*03:276N	
HG00240	HG00240	EUR	T1K-four-field	A	complete	1	1	1	2	A*02:01:01:01	A*02:01:01:01	
HG00240	HG00240	EUR	T1K-four-field	B	complete	1	1	1	2	B*51:01:01:01	B*56:01:01:02	
HG00240	HG00240	EUR	T1K-four-field	C	complete	1	1	1	2	C*14:02:01:01	C*01:02:01:01	
HG00240	HG00240	EUR	T1K-four-field	DRB1	complete	1	1	1	2	DRB1*08:01:01:01	DRB1*11:01:01:10	
HG00240	HG00240	EUR	T1K-four-field	DQB1	complete	1	1	1	2	DQB1*04:02:01:04	DQB1*03:01:01:01	
HG00242	HG00242	EUR	T1K-four-field	A	complete	1	1	1	2	A*31:01:02:01	A*68:01:01:02	
HG00242	HG00242	EUR	T1K-four-field	B	complete	1	1	1	2	B*27:05:02:01	B*27:05:02:01	
HG00242	HG00242	EUR	T1K-four-field	C	complete	1	1	1	2	C*02:02:02:01	C*02:02:02:02	
HG00242	HG00242	EUR	T1K-four-field	DRB1	complete	1	1	1	2	DRB1*04:01:01:01,HLA-DRB1*04:01:01:03	DRB1*13:01:01:02	
HG00242	HG00242	EUR	T1K-four-field	DQB1	complete	1	1	1	2	DQB1*03:02:01:01	DQB1*06:03:01:01	
HG00243	HG00243	EUR	T1K-four-field	A	complete	1	1	1	2	A*68:01:01:02	A*29:02:01:01	
HG00243	HG00243	EUR	T1K-four-field	B	complete	1	1	1	2	B*44:03:01:01	B*44:02:01:01	
HG00243	HG00243	EUR	T1K-four-field	C	complete	1	1	1	2	C*16:01:01:01	C*16:04:01:02	
HG00243	HG00243	EUR	T1K-four-field	DRB1	complete	1	1	1	2	DRB1*07:01:01:01	DRB1*15:01:01:03	
HG00243	HG00243	EUR	T1K-four-field	DQB1	complete	1	1	1	2	DQB1*02:02:01:01	DQB1*06:02:01:01	
HG00244	HG00244	EUR	T1K-four-field	A	complete	1	1	1	2	A*02:05:01:01	A*02:01:01:165	
HG00244	HG00244	EUR	T1K-four-field	B	complete	1	1	1	2	B*58:01:01:01,HLA-B*58:01:01:17	B*15:01:01:01,HLA-B*15:01:70	
HG00244	HG00244	EUR	T1K-four-field	C	complete	1	1	1	2	C*03:04:01:01	C*07:18:01:01	
HG00244	HG00244	EUR	T1K-four-field	DRB1	complete	1	1	1	2	DRB1*03:01:01:02	DRB1*04:01:01:01	
HG00244	HG00244	EUR	T1K-four-field	DQB1	complete	1	1	1	2	DQB1*02:01:01:01	DQB1*03:02:01:01	
HG00245	HG00245	EUR	T1K-four-field	A	complete	1	1	1	2	A*32:01:01:01	A*02:01:01:01	
HG00245	HG00245	EUR	T1K-four-field	B	complete	1	1	1	2	B*40:01:02:01,HLA-B*40:01:02:62	B*40:01:02:01,HLA-B*40:01:02:62	
HG00245	HG00245	EUR	T1K-four-field	C	complete	1	1	1	2	C*03:04:01:01	C*03:04:01:28	
HG00245	HG00245	EUR	T1K-four-field	DRB1	complete	1	1	1	2	DRB1*11:02:01:02	DRB1*04:04:01:04,HLA-DRB1*04:04:01:15	
HG00245	HG00245	EUR	T1K-four-field	DQB1	complete	1	1	1	2	DQB1*03:02:01:02	DQB1*03:19:01:01	
HG00246	HG00246	EUR	T1K-four-field	A	complete	1	1	1	2	A*11:01:01:01	A*03:01:01:01	
HG00246	HG00246	EUR	T1K-four-field	B	complete	1	1	1	2	B*51:01:01:01	B*27:05:02:01	
HG00246	HG00246	EUR	T1K-four-field	C	complete	1	1	1	2	C*01:02:01:01	C*01:02:01:01	
HG00246	HG00246	EUR	T1K-four-field	DRB1	complete	1	1	1	2	DRB1*01:01:01:01	DRB1*11:01:01:10	
HG00246	HG00246	EUR	T1K-four-field	DQB1	complete	1	1	1	2	DQB1*05:01:01:01	DQB1*03:01:01:73	
HG00250	HG00250	EUR	T1K-four-field	A	complete	1	1	1	2	A*01:01:01:01	A*02:01:01:01	
HG00250	HG00250	EUR	T1K-four-field	B	complete	1	1	1	2	B*40:01:02:01,HLA-B*40:01:02:62	B*57:01:01:01	
HG00250	HG00250	EUR	T1K-four-field	C	complete	1	1	1	2	C*03:04:01:01	C*06:02:01:01	
HG00250	HG00250	EUR	T1K-four-field	DRB1	complete	1	1	1	2	DRB1*04:01:01:01	DRB1*04:04:01:04,HLA-DRB1*04:04:01:15	
HG00250	HG00250	EUR	T1K-four-field	DQB1	complete	1	1	1	2	DQB1*03:02:01:02	DQB1*03:01:01:01	
HG00251	HG00251	EUR	T1K-four-field	A	complete	1	1	1	2	A*02:01:01:01	A*01:01:01:01	
HG00251	HG00251	EUR	T1K-four-field	B	complete	1	1	1	2	B*39:01:01:02L	B*08:01:01:01	
HG00251	HG00251	EUR	T1K-four-field	C	complete	1	1	1	2	C*07:02:01:99	C*07:01:01:109	
HG00251	HG00251	EUR	T1K-four-field	DRB1	complete	1	1	1	2	DRB1*03:01:01:16	DRB1*08:01:01:01	
HG00251	HG00251	EUR	T1K-four-field	DQB1	complete	1	1	1	2	DQB1*02:01:01:01	DQB1*04:02:01:04	
HG00252	HG00252	EUR	T1K-four-field	A	complete	1	1	1	2	A*02:01:01:01	A*29:02:01:01	
HG00252	HG00252	EUR	T1K-four-field	B	complete	1	1	1	2	B*40:02:01:01	B*44:03:01:01	
HG00252	HG00252	EUR	T1K-four-field	C	complete	1	1	1	2	C*02:02:02:01	C*16:01:01:01	
HG00252	HG00252	EUR	T1K-four-field	DRB1	complete	1	1	1	2	DRB1*07:01:01:01	DRB1*09:01:02:01	
HG00252	HG00252	EUR	T1K-four-field	DQB1	complete	1	1	1	2	DQB1*03:03:02:02	DQB1*02:02:01:01	
HG00254	HG00254	EUR	T1K-four-field	A	complete	1	1	1	2	A*03:01:01:01	A*33:01:01:01	
HG00254	HG00254	EUR	T1K-four-field	B	complete	1	1	1	2	B*14:02:01:01	B*14:02:01:01	
HG00254	HG00254	EUR	T1K-four-field	C	complete	1	1	1	2	C*08:02:01:01	C*08:02:01:01	
HG00254	HG00254	EUR	T1K-four-field	DRB1	complete	1	1	1	2	DRB1*13:02:01:03	DRB1*01:02:01:02	
HG00254	HG00254	EUR	T1K-four-field	DQB1	complete	1	1	1	2	DQB1*05:01:01:01	DQB1*06:09:01:01	
HG00255	HG00255	EUR	T1K-four-field	A	complete	1	1	1	2	A*02:01:01:01	A*29:02:01:01	
HG00255	HG00255	EUR	T1K-four-field	B	complete	1	1	1	2	B*39:01:01:02L	B*44:03:01:01	
HG00255	HG00255	EUR	T1K-four-field	C	complete	1	1	1	2	C*16:01:01:01	C*07:02:01:01	
HG00255	HG00255	EUR	T1K-four-field	DRB1	complete	1	1	1	2	DRB1*08:01:01:01	DRB1*07:01:01:01	
HG00255	HG00255	EUR	T1K-four-field	DQB1	complete	1	1	1	2	DQB1*04:02:01:04	DQB1*02:02:01:01	
HG00256	HG00256	EUR	T1K-four-field	A	complete	1	1	1	2	A*32:01:01:01	A*02:01:01:01	
HG00256	HG00256	EUR	T1K-four-field	B	complete	1	1	1	2	B*14:01:01:01	B*15:01:01:01	
HG00256	HG00256	EUR	T1K-four-field	C	complete	1	1	1	2	C*08:02:01:01	C*03:03:01:01	
HG00256	HG00256	EUR	T1K-four-field	DRB1	complete	1	1	1	2	DRB1*07:01:01:01	DRB1*13:01:01:03	
HG00256	HG00256	EUR	T1K-four-field	DQB1	complete	1	1	1	2	DQB1*02:02:15	DQB1*06:03:01:01,HLA-DQB1*06:03:01:10	
HG00257	HG00257	EUR	T1K-four-field	A	complete	1	1	1	2	A*68:01:02:01	A*02:01:01:01	
HG00257	HG00257	EUR	T1K-four-field	B	complete	1	1	1	2	B*40:02:01:01	B*08:01:01:01	
HG00257	HG00257	EUR	T1K-four-field	C	complete	1	1	1	2	C*07:01:01:01	C*01:02:01:01	
HG00257	HG00257	EUR	T1K-four-field	DRB1	complete	1	1	1	2	DRB1*03:01:01:01	DRB1*13:01:01:01,HLA-DRB1*13:01:01:02,HLA-DRB1*13:01:01:03,HLA-DRB1*13:01:01:12,HLA-DRB1*13:01:01:13,HLA-DRB1*13:01:01:18,HLA-DRB1*13:01:01:20,HLA-DRB1*13:01:01:21	
HG00257	HG00257	EUR	T1K-four-field	DQB1	complete	1	1	1	2	DQB1*02:01:01:01	DQB1*06:03:01:01,HLA-DQB1*06:03:01:10	
HG00258	HG00258	EUR	T1K-four-field	A	complete	1	1	1	2	A*68:01:01:02	A*02:01:01:01	
HG00258	HG00258	EUR	T1K-four-field	B	complete	1	1	1	2	B*40:01:02:01	B*40:01:02:01	
HG00258	HG00258	EUR	T1K-four-field	C	complete	1	1	1	2	C*03:04:01:01	C*03:04:01:01	
HG00258	HG00258	EUR	T1K-four-field	DRB1	complete	1	1	1	2	DRB1*14:54:01:09	DRB1*04:04:01:03,HLA-DRB1*04:04:01:04,HLA-DRB1*04:04:01:15	
HG00258	HG00258	EUR	T1K-four-field	DQB1	complete	1	1	1	2	DQB1*05:03:01:01	DQB1*03:02:01:01	
HG00259	HG00259	EUR	T1K-four-field	A	complete	1	1	1	2	A*11:01:01:01	A*02:01:01:01	
HG00259	HG00259	EUR	T1K-four-field	B	complete	1	1	1	2	B*13:02:01:01	B*40:01:02:01,HLA-B*40:01:02:62	
HG00259	HG00259	EUR	T1K-four-field	C	complete	1	1	1	2	C*03:04:01:01	C*06:02:01:01	
HG00259	HG00259	EUR	T1K-four-field	DRB1	complete	1	1	1	2	DRB1*04:03:01:01,HLA-DRB1*04:03:01:02,HLA-DRB1*04:03:01:03	DRB1*11:04:01:09	
HG00259	HG00259	EUR	T1K-four-field	DQB1	complete	1	1	1	2	DQB1*03:02:01:01	DQB1*03:01:01:02	
HG00260	HG00260	EUR	T1K-four-field	A	complete	1	1	1	2	A*02:01:01:01	A*25:01:01:01	
HG00260	HG00260	EUR	T1K-four-field	B	complete	1	1	1	2	B*44:02:01:01	B*18:01:01:02	
HG00260	HG00260	EUR	T1K-four-field	C	complete	1	1	1	2	C*05:01:01:02	C*07:01:01:01	
HG00260	HG00260	EUR	T1K-four-field	DRB1	complete	1	1	1	2	DRB1*01:01:01:01	DRB1*04:01:01:06	
HG00260	HG00260	EUR	T1K-four-field	DQB1	complete	1	1	1	2	DQB1*03:02:01:01	DQB1*05:01:01:01	
HG00261	HG00261	EUR	T1K-four-field	A	complete	1	1	1	2	A*01:01:01:01	A*25:01:01:01	
HG00261	HG00261	EUR	T1K-four-field	B	complete	1	1	1	2	B*55:01:01:01,HLA-B*55:01:01:23,HLA-B*55:01:01:26	B*57:01:01:01	
HG00261	HG00261	EUR	T1K-four-field	C	complete	1	1	1	2	C*06:02:01:01	C*03:03:01:01	
HG00261	HG00261	EUR	T1K-four-field	DRB1	complete	1	1	1	2	DRB1*03:01:01:01	DRB1*14:54:01:12	
HG00261	HG00261	EUR	T1K-four-field	DQB1	complete	1	1	1	2	DQB1*02:01:01:01	DQB1*05:03:01:01	
HG00262	HG00262	EUR	T1K-four-field	A	complete	1	1	1	2	A*03:01:01:01	A*03:01:01:01	
HG00262	HG00262	EUR	T1K-four-field	B	complete	1	1	1	2	B*44:02:01:01	B*44:03:01:01	
HG00262	HG00262	EUR	T1K-four-field	C	complete	1	1	1	2	C*05:01:01:02	C*04:01:01:01,HLA-C*04:01:01:32,HLA-C*04:01:01:129	
HG00262	HG00262	EUR	T1K-four-field	DRB1	complete	1	1	1	2	DRB1*04:01:01:01	DRB1*04:04:01:04,HLA-DRB1*04:04:01:15	
HG00262	HG00262	EUR	T1K-four-field	DQB1	complete	1	1	1	2	DQB1*03:02:01:01	DQB1*03:01:01:01	
HG00263	HG00263	EUR	T1K-four-field	A	complete	1	1	1	2	A*03:01:01:01	A*30:04:01:01	
HG00263	HG00263	EUR	T1K-four-field	B	complete	1	1	1	2	B*41:01:01:01	B*07:02:01:01	
HG00263	HG00263	EUR	T1K-four-field	C	complete	1	1	1	2	C*17:01:01:05	C*07:02:01:03	
HG00263	HG00263	EUR	T1K-four-field	DRB1	complete	1	1	1	2	DRB1*15:01:01:03	DRB1*11:02:01:04	
HG00263	HG00263	EUR	T1K-four-field	DQB1	complete	1	1	1	2	DQB1*06:02:01:01	DQB1*03:19:01:01	
HG00264	HG00264	EUR	T1K-four-field	A	complete	1	1	1	2	A*03:01:01:01	A*02:01:01:01	
HG00264	HG00264	EUR	T1K-four-field	B	complete	1	1	1	2	B*44:02:01:01	B*27:05:02:01	
HG00264	HG00264	EUR	T1K-four-field	C	complete	1	1	1	2	C*02:02:02:01	C*05:01:01:02	
HG00264	HG00264	EUR	T1K-four-field	DRB1	complete	1	1	1	2	DRB1*04:07:01:01	DRB1*04:01:01:10	
HG00264	HG00264	EUR	T1K-four-field	DQB1	complete	1	1	1	2	DQB1*03:01:01:01	DQB1*03:01:01:73	
HG00265	HG00265	EUR	T1K-four-field	A	complete	1	1	1	2	A*01:01:01:01	A*01:01:01:01	
HG00265	HG00265	EUR	T1K-four-field	B	complete	1	1	1	2	B*08:01:01:01	B*08:01:01:01	
HG00265	HG00265	EUR	T1K-four-field	C	complete	1	1	1	2	C*07:01:01:01	C*07:01:01:01	
HG00265	HG00265	EUR	T1K-four-field	DRB1	complete	1	1	1	2	DRB1*03:01:01:01	DRB1*03:01:01:01	
HG00265	HG00265	EUR	T1K-four-field	DQB1	complete	1	1	1	2	DQB1*02:01:01:01	DQB1*02:01:01:01	
HG00266	HG00266	EUR	T1K-four-field	A	complete	1	1	1	2	A*01:01:01:01	A*03:01:01:01	
HG00266	HG00266	EUR	T1K-four-field	B	complete	1	1	1	2	B*35:01:01:01,HLA-B*35:01:01:17	B*08:01:01:01	
HG00266	HG00266	EUR	T1K-four-field	C	complete	1	1	1	2	C*07:01:01:01	C*04:01:01:01,HLA-C*04:01:01:32,HLA-C*04:01:01:129	
HG00266	HG00266	EUR	T1K-four-field	DRB1	complete	1	1	1	2	DRB1*01:01:01:01	DRB1*03:01:01:01	
HG00266	HG00266	EUR	T1K-four-field	DQB1	complete	1	1	1	2	DQB1*05:01:01:01	DQB1*02:01:01:01	
HG00267	HG00267	EUR	T1K-four-field	A	complete	1	1	1	2	A*24:02:01:01	A*02:01:01:01	
HG00267	HG00267	EUR	T1K-four-field	B	complete	1	1	1	2	B*57:01:01:01	B*41:01:01:01	
HG00267	HG00267	EUR	T1K-four-field	C	complete	1	1	1	2	C*17:01:01:05	C*06:02:01:01	
HG00267	HG00267	EUR	T1K-four-field	DRB1	complete	1	1	1	2	DRB1*07:01:01:01	DRB1*07:01:01:01	
HG00267	HG00267	EUR	T1K-four-field	DQB1	complete	1	1	1	2	DQB1*03:03:02:01	DQB1*03:03:02:01	
HG00268	HG00268	EUR	T1K-four-field	A	complete	1	1	1	2	A*03:01:01:01	A*25:01:01:01	
HG00268	HG00268	EUR	T1K-four-field	B	complete	1	1	1	2	B*07:02:01:01	B*18:01:01:02,HLA-B*18:01:01:60	
HG00268	HG00268	EUR	T1K-four-field	C	complete	1	1	1	2	C*07:02:01:03	C*12:03:01:01	
HG00268	HG00268	EUR	T1K-four-field	DRB1	complete	1	1	1	2	DRB1*15:01:01:03	DRB1*15:01:01:26	
HG00268	HG00268	EUR	T1K-four-field	DQB1	complete	1	1	1	2	DQB1*06:02:01:01	DQB1*06:02:01:01	
HG00269	HG00269	EUR	T1K-four-field	A	complete	1	1	1	2	A*03:01:01:01	A*03:01:01:01	
HG00269	HG00269	EUR	T1K-four-field	B	complete	1	1	0	1	B*07:02:01:01	B*35:01:01:01,HLA-B*35:370	
HG00269	HG00269	EUR	T1K-four-field	C	complete	1	1	1	2	C*03:04:01:01	C*04:01:01:01,HLA-C*04:01:01:32,HLA-C*04:01:01:129	
HG00269	HG00269	EUR	T1K-four-field	DRB1	complete	1	1	1	2	DRB1*01:01:01:01	DRB1*01:01:01:01	
HG00269	HG00269	EUR	T1K-four-field	DQB1	complete	1	1	1	2	DQB1*05:01:01:01	DQB1*05:01:01:01	
HG00271	HG00271	EUR	T1K-four-field	A	complete	1	1	1	2	A*03:01:01:05	A*02:01:01:01	
HG00271	HG00271	EUR	T1K-four-field	B	complete	1	1	1	2	B*47:01:01:03	B*27:05:02:01	
HG00271	HG00271	EUR	T1K-four-field	C	complete	1	1	1	2	C*02:02:02:01	C*06:02:01:01	
HG00271	HG00271	EUR	T1K-four-field	DRB1	complete	1	1	1	2	DRB1*08:01:01:01	DRB1*15:01:01:03	
HG00271	HG00271	EUR	T1K-four-field	DQB1	complete	1	1	1	2	DQB1*04:02:01:04	DQB1*06:02:01:01	
HG00273	HG00273	EUR	T1K-four-field	A	complete	1	1	1	2	A*11:01:01:01	A*03:01:01:01	
HG00273	HG00273	EUR	T1K-four-field	B	complete	1	1	1	2	B*35:01:01:01	B*07:02:01:01	
HG00273	HG00273	EUR	T1K-four-field	C	complete	1	1	1	2	C*07:02:01:03	C*04:01:01:01,HLA-C*04:01:01:32,HLA-C*04:01:01:129	
HG00273	HG00273	EUR	T1K-four-field	DRB1	complete	1	1	1	2	DRB1*11:01:01:16	DRB1*01:01:01:01	
HG00273	HG00273	EUR	T1K-four-field	DQB1	complete	1	1	1	2	DQB1*05:01:01:01	DQB1*03:01:01:01	
HG00274	HG00274	EUR	T1K-four-field	A	complete	1	1	1	2	A*03:01:01:01	A*03:01:01:01	
HG00274	HG00274	EUR	T1K-four-field	B	complete	1	1	1	2	B*15:01:01:01	B*35:01:01:01,HLA-B*35:01:01:17	
HG00274	HG00274	EUR	T1K-four-field	C	complete	1	1	1	2	C*04:01:01:01,HLA-C*04:01:01:32,HLA-C*04:01:01:129,HLA-C*04:01:01:173	C*03:03:01:01	
HG00274	HG00274	EUR	T1K-four-field	DRB1	complete	1	1	1	2	DRB1*07:01:01:01	DRB1*08:01:01:01	
HG00274	HG00274	EUR	T1K-four-field	DQB1	complete	1	1	1	2	DQB1*03:03:02:01	DQB1*04:02:01:04	
HG00275	HG00275	EUR	T1K-four-field	A	complete	1	1	1	2	A*03:01:01:01	A*02:01:01:01	
HG00275	HG00275	EUR	T1K-four-field	B	complete	1	1	1	2	B*15:01:01:04	B*07:02:01:01,HLA-B*07:02:01:97	
HG00275	HG00275	EUR	T1K-four-field	C	complete	1	1	1	2	C*07:02:01:03	C*04:01:01:06	
HG00275	HG00275	EUR	T1K-four-field	DRB1	complete	1	1	1	2	DRB1*15:01:01:01	DRB1*15:01:01:01	
HG00275	HG00275	EUR	T1K-four-field	DQB1	complete	1	1	1	2	DQB1*06:02:01:01	DQB1*06:02:01:01	
HG00276	HG00276	EUR	T1K-four-field	A	complete	1	1	1	2	A*03:01:01:01	A*03:01:01:01	
HG00276	HG00276	EUR	T1K-four-field	B	complete	1	1	1	2	B*35:01:01:01	B*51:01:01:01	
HG00276	HG00276	EUR	T1K-four-field	C	complete	1	1	1	2	C*04:01:01:01,HLA-C*04:01:01:32	C*15:02:01:01	
HG00276	HG00276	EUR	T1K-four-field	DRB1	complete	1	1	1	2	DRB1*01:01:01:01	DRB1*09:01:02:01	
HG00276	HG00276	EUR	T1K-four-field	DQB1	complete	1	1	1	2	DQB1*03:03:02:02	DQB1*05:01:01:01	
HG00277	HG00277	EUR	T1K-four-field	A	complete	1	1	1	2	A*31:01:02:01	A*02:01:01:01	
HG00277	HG00277	EUR	T1K-four-field	B	complete	1	1	1	2	B*07:02:01:01,HLA-B*07:02:01:79,HLA-B*07:02:01:81,HLA-B*07:02:01:97	B*56:01:01:02	
HG00277	HG00277	EUR	T1K-four-field	C	complete	1	1	1	2	C*07:02:01:03	C*01:02:01:01,HLA-C*01:02:01:41,HLA-C*01:02:01:63	
HG00277	HG00277	EUR	T1K-four-field	DRB1	complete	1	1	1	2	DRB1*04:01:01:01	DRB1*15:01:01:01	
HG00277	HG00277	EUR	T1K-four-field	DQB1	complete	1	1	1	2	DQB1*03:02:01:01	DQB1*06:02:01:01	
HG00278	HG00278	EUR	T1K-four-field	A	complete	1	1	1	2	A*02:01:01:01	A*02:01:01:01	
HG00278	HG00278	EUR	T1K-four-field	B	complete	1	1	1	2	B*39:01:01:02L	B*51:01:01:01	
HG00278	HG00278	EUR	T1K-four-field	C	complete	1	1	1	2	C*15:02:01:01	C*07:02:01:01	
HG00278	HG00278	EUR	T1K-four-field	DRB1	complete	1	1	1	2	DRB1*09:01:02:01	DRB1*08:01:01:01	
HG00278	HG00278	EUR	T1K-four-field	DQB1	complete	1	1	1	2	DQB1*03:03:02:02	DQB1*04:02:01:04	
HG00281	HG00281	EUR	T1K-four-field	A	complete	1	1	1	2	A*02:01:01:01	A*02:01:01:01	
HG00281	HG00281	EUR	T1K-four-field	B	complete	1	1	1	2	B*15:01:01:04	B*35:01:01:01,HLA-B*35:01:01:31,HLA-B*35:01:01:36,HLA-B*35:01:01:55,HLA-B*35:01:01:73,HLA-B*35:01:01:90	
HG00281	HG00281	EUR	T1K-four-field	C	complete	1	1	1	2	C*04:01:01:06,HLA-C*04:01:01:154	C*04:01:01:10	
HG00281	HG00281	EUR	T1K-four-field	DRB1	complete	1	1	1	2	DRB1*01:01:01:01	DRB1*08:01:01:01	
HG00281	HG00281	EUR	T1K-four-field	DQB1	complete	1	1	1	2	DQB1*04:02:01:04	DQB1*05:01:01:01	
HG00282	HG00282	EUR	T1K-four-field	A	complete	1	1	1	2	A*03:01:01:01	A*02:01:01:01	
HG00282	HG00282	EUR	T1K-four-field	B	complete	1	1	1	2	B*40:01:02:01	B*07:02:01:54	
HG00282	HG00282	EUR	T1K-four-field	C	complete	1	1	1	2	C*07:02:01:03	C*03:04:01:01	
HG00282	HG00282	EUR	T1K-four-field	DRB1	complete	1	1	1	2	DRB1*15:01:01:01,HLA-DRB1*15:01:01:06,HLA-DRB1*15:01:01:25	DRB1*13:02:01:05,HLA-DRB1*13:02:01:07,HLA-DRB1*13:02:01:09	
HG00282	HG00282	EUR	T1K-four-field	DQB1	complete	1	1	1	2	DQB1*06:02:01:01	DQB1*06:04:01:01	
HG00284	HG00284	EUR	T1K-four-field	A	complete	1	1	1	2	A*11:01:01:01	A*01:01:01:01	
HG00284	HG00284	EUR	T1K-four-field	B	complete	1	1	1	2	B*57:01:01:01	B*08:01:01:01	
HG00284	HG00284	EUR	T1K-four-field	C	complete	1	1	1	2	C*07:01:01:01	C*06:02:01:01,HLA-C*06:02:01:28,HLA-C*06:02:01:81	
HG00284	HG00284	EUR	T1K-four-field	DRB1	complete	1	1	0	1	DRB1*03:01:01:01	DRB1*08:105	
HG00284	HG00284	EUR	T1K-four-field	DQB1	complete	1	1	1	2	DQB1*04:02:01:04	DQB1*02:01:01:01	
HG00285	HG00285	EUR	T1K-four-field	A	complete	1	1	1	2	A*02:01:01:137	A*68:01:02:01	
HG00285	HG00285	EUR	T1K-four-field	B	complete	1	1	1	2	B*15:01:01:01	B*40:01:02:01,HLA-B*40:01:02:62	
HG00285	HG00285	EUR	T1K-four-field	C	complete	1	1	1	2	C*03:04:01:01	C*03:04:01:01	
HG00285	HG00285	EUR	T1K-four-field	DRB1	complete	1	1	1	2	DRB1*04:01:01:01	DRB1*04:04:01:02,HLA-DRB1*04:04:01:03,HLA-DRB1*04:04:01:06	
HG00285	HG00285	EUR	T1K-four-field	DQB1	complete	1	1	1	2	DQB1*03:02:01:01	DQB1*03:02:01:01	
HG00306	HG00306	EUR	T1K-four-field	A	complete	1	1	1	2	A*01:01:01:01	A*02:01:01:01	
HG00306	HG00306	EUR	T1K-four-field	B	complete	1	1	1	2	B*08:01:01:01	B*27:05:02:01	
HG00306	HG00306	EUR	T1K-four-field	C	complete	1	1	1	2	C*07:01:01:01	C*02:02:02:01	
HG00306	HG00306	EUR	T1K-four-field	DRB1	complete	1	1	1	2	DRB1*08:01:01:01	DRB1*03:01:01:01	
HG00306	HG00306	EUR	T1K-four-field	DQB1	complete	1	1	1	2	DQB1*02:01:01:01	DQB1*04:02:01:04	
HG00308	HG00308	EUR	T1K-four-field	A	complete	1	1	1	2	A*03:01:01:01	A*03:01:01:01	
HG00308	HG00308	EUR	T1K-four-field	B	complete	1	1	1	2	B*35:01:01:01	B*35:01:01:01	
HG00308	HG00308	EUR	T1K-four-field	C	complete	1	1	1	2	C*04:01:01:01,HLA-C*04:01:01:32	C*04:01:01:10	
HG00308	HG00308	EUR	T1K-four-field	DRB1	complete	1	1	1	2	DRB1*01:01:01:01	DRB1*01:01:01:01	
HG00308	HG00308	EUR	T1K-four-field	DQB1	complete	1	1	1	2	DQB1*05:01:01:01	DQB1*05:01:01:01	
HG00309	HG00309	EUR	T1K-four-field	A	complete	1	1	1	2	A*03:01:01:01	A*01:01:01:01	
HG00309	HG00309	EUR	T1K-four-field	B	complete	1	1	1	2	B*35:01:01:01	B*27:05:02:01	
HG00309	HG00309	EUR	T1K-four-field	C	complete	1	1	1	2	C*04:01:01:01,HLA-C*04:01:01:32	C*01:02:01:01	
HG00309	HG00309	EUR	T1K-four-field	DRB1	complete	1	1	1	2	DRB1*01:01:01:01	DRB1*04:08:01:04	
HG00309	HG00309	EUR	T1K-four-field	DQB1	complete	1	1	1	2	DQB1*05:01:01:01	DQB1*03:01:01:73	
HG00310	HG00310	EUR	T1K-four-field	A	complete	1	1	1	2	A*03:01:01:01	A*03:01:01:01	
HG00310	HG00310	EUR	T1K-four-field	B	complete	1	1	1	2	B*15:01:01:01	B*07:02:01:01	
HG00310	HG00310	EUR	T1K-four-field	C	complete	1	1	1	2	C*07:02:01:03	C*03:03:01:01	
HG00310	HG00310	EUR	T1K-four-field	DRB1	complete	1	1	1	2	DRB1*15:01:01:01	DRB1*13:01:01:03	
HG00310	HG00310	EUR	T1K-four-field	DQB1	complete	1	1	1	2	DQB1*06:02:01:01	DQB1*06:03:01:01	
HG00311	HG00311	EUR	T1K-four-field	A	complete	1	1	1	2	A*11:01:01:01	A*03:01:01:01	
HG00311	HG00311	EUR	T1K-four-field	B	complete	1	1	1	2	B*07:02:01:01	B*44:02:01:01	
HG00311	HG00311	EUR	T1K-four-field	C	complete	1	1	1	2	C*03:04:01:01	C*05:01:01:02	
HG00311	HG00311	EUR	T1K-four-field	DRB1	complete	1	1	1	2	DRB1*01:01:01:01	DRB1*01:01:01:01	
HG00311	HG00311	EUR	T1K-four-field	DQB1	complete	1	1	1	2	DQB1*05:01:01:01	DQB1*05:01:01:01	
HG00313	HG00313	EUR	T1K-four-field	A	complete	1	1	1	2	A*03:01:01:01	A*03:01:01:01	
HG00313	HG00313	EUR	T1K-four-field	B	complete	1	1	1	2	B*35:01:01:01,HLA-B*35:01:01:68	B*07:02:01:01	
HG00313	HG00313	EUR	T1K-four-field	C	complete	1	1	1	2	C*07:02:01:03	C*04:01:01:01,HLA-C*04:01:01:32,HLA-C*04:01:01:129	
HG00313	HG00313	EUR	T1K-four-field	DRB1	complete	1	1	1	2	DRB1*01:01:01:01	DRB1*04:01:01:01	
HG00313	HG00313	EUR	T1K-four-field	DQB1	complete	1	1	1	2	DQB1*05:01:01:01	DQB1*03:02:01:01	
HG00315	HG00315	EUR	T1K-four-field	A	complete	1	1	1	2	A*30:01:01:01	A*02:01:01:01	
HG00315	HG00315	EUR	T1K-four-field	B	complete	1	1	1	2	B*13:02:01:01	B*56:01:01:02,HLA-B*56:01:01:03	
HG00315	HG00315	EUR	T1K-four-field	C	complete	1	1	1	2	C*01:02:01:01	C*06:02:01:01	
HG00315	HG00315	EUR	T1K-four-field	DRB1	complete	1	1	1	2	DRB1*07:01:01:01	DRB1*04:01:01:01	
HG00315	HG00315	EUR	T1K-four-field	DQB1	complete	1	1	1	2	DQB1*02:02:01:01	DQB1*03:02:01:01	
HG00318	HG00318	EUR	T1K-four-field	A	complete	1	1	1	2	A*03:01:01:01	A*03:01:01:01	
HG00318	HG00318	EUR	T1K-four-field	B	complete	1	1	1	2	B*07:02:01:01	B*13:02:01:01	
HG00318	HG00318	EUR	T1K-four-field	C	complete	1	1	1	2	C*07:02:01:03	C*06:02:01:01	
HG00318	HG00318	EUR	T1K-four-field	DRB1	complete	1	1	1	2	DRB1*04:04:01:02,HLA-DRB1*04:04:01:03,HLA-DRB1*04:04:01:04,HLA-DRB1*04:04:01:06,HLA-DRB1*04:04:01:07,HLA-DRB1*04:04:01:15	DRB1*07:01:01:01	
HG00318	HG00318	EUR	T1K-four-field	DQB1	complete	1	1	1	2	DQB1*02:02:01:01	DQB1*03:02:01:01	
HG00319	HG00319	EUR	T1K-four-field	A	complete	1	1	1	2	A*03:01:01:01	A*02:01:01:01	
HG00319	HG00319	EUR	T1K-four-field	B	complete	1	1	1	2	B*07:02:01:01	B*56:01:01:02	
HG00319	HG00319	EUR	T1K-four-field	C	complete	1	1	1	2	C*03:04:01:01	C*01:02:01:01	
HG00319	HG00319	EUR	T1K-four-field	DRB1	complete	1	1	1	2	DRB1*01:01:01:01	DRB1*15:01:01:01,HLA-DRB1*15:01:01:06,HLA-DRB1*15:01:01:25	
HG00319	HG00319	EUR	T1K-four-field	DQB1	complete	1	1	1	2	DQB1*06:02:01:01	DQB1*05:01:01:01	
HG00324	HG00324	EUR	T1K-four-field	A	complete	1	1	1	2	A*68:01:02:02	A*03:01:01:01	
HG00324	HG00324	EUR	T1K-four-field	B	complete	1	1	1	2	B*40:01:02:01	B*35:01:01:01	
HG00324	HG00324	EUR	T1K-four-field	C	complete	1	1	1	2	C*04:01:01:01,HLA-C*04:01:01:32,HLA-C*04:01:01:129,HLA-C*04:01:01:173	C*03:04:01:01	
HG00324	HG00324	EUR	T1K-four-field	DRB1	complete	1	1	1	2	DRB1*01:01:01:01	DRB1*04:04:01:04,HLA-DRB1*04:04:01:15	
HG00324	HG00324	EUR	T1K-four-field	DQB1	complete	1	1	1	2	DQB1*03:02:01:01	DQB1*05:01:01:01	
HG00325	HG00325	EUR	T1K-four-field	A	complete	1	1	1	2	A*68:01:02:02	A*03:01:01:01	
HG00325	HG00325	EUR	T1K-four-field	B	complete	1	1	1	2	B*35:01:01:01	B*35:01:01:01	
HG00325	HG00325	EUR	T1K-four-field	C	complete	1	1	1	2	C*03:03:01:01	C*04:01:01:01,HLA-C*04:01:01:32,HLA-C*04:01:01:129	
HG00325	HG00325	EUR	T1K-four-field	DRB1	complete	1	1	1	2	DRB1*08:01:01:01	DRB1*01:01:01:01	
HG00325	HG00325	EUR	T1K-four-field	DQB1	complete	1	1	1	2	DQB1*04:02:01:04	DQB1*05:01:01:01	
HG00326	HG00326	EUR	T1K-four-field	A	complete	1	1	1	2	A*02:01:01:01	A*02:01:01:01	
HG00326	HG00326	EUR	T1K-four-field	B	complete	1	1	1	2	B*40:01:02:01,HLA-B*40:01:02:29,HLA-B*40:01:02:63	B*57:01:01:01	
HG00326	HG00326	EUR	T1K-four-field	C	complete	1	1	1	2	C*03:04:01:01	C*06:02:01:01	
HG00326	HG00326	EUR	T1K-four-field	DRB1	complete	1	1	1	2	DRB1*07:01:01:01	DRB1*04:01:01:01,HLA-DRB1*04:01:01:03	
HG00326	HG00326	EUR	T1K-four-field	DQB1	complete	1	1	1	2	DQB1*03:03:02:01	DQB1*03:02:01:01	
HG00327	HG00327	EUR	T1K-four-field	A	complete	1	1	1	2	A*02:01:01:01	A*02:01:01:01	
HG00327	HG00327	EUR	T1K-four-field	B	complete	1	1	1	2	B*44:02:01:01	B*08:01:01:01	
HG00327	HG00327	EUR	T1K-four-field	C	complete	1	1	1	2	C*05:01:01:02	C*07:01:01:01	
HG00327	HG00327	EUR	T1K-four-field	DRB1	complete	1	1	1	2	DRB1*03:01:01:01	DRB1*12:01:01:14	
HG00327	HG00327	EUR	T1K-four-field	DQB1	complete	1	1	1	2	DQB1*02:01:01:01	DQB1*03:01:01:73	
HG00328	HG00328	EUR	T1K-four-field	A	complete	1	1	1	2	A*02:01:01:01	A*02:01:01:01	
HG00328	HG00328	EUR	T1K-four-field	B	complete	1	1	1	2	B*27:05:02:01	B*15:01:01:01,HLA-B*15:01:01:24,HLA-B*15:01:01:37	
HG00328	HG00328	EUR	T1K-four-field	C	complete	1	1	1	2	C*03:03:01:01	C*01:02:01:01	
HG00328	HG00328	EUR	T1K-four-field	DRB1	complete	1	1	1	2	DRB1*10:01:01:01	DRB1*04:08:01:04	
HG00328	HG00328	EUR	T1K-four-field	DQB1	complete	1	1	1	2	DQB1*05:01:01:01	DQB1*03:01:01:01	
HG00330	HG00330	EUR	T1K-four-field	A	complete	1	1	1	2	A*01:01:01:01	A*02:01:01:01	
HG00330	HG00330	EUR	T1K-four-field	B	complete	1	1	1	2	B*57:01:01:01	B*15:01:01:01	
HG00330	HG00330	EUR	T1K-four-field	C	complete	1	1	1	2	C*03:03:01:01	C*06:02:01:01	
HG00330	HG00330	EUR	T1K-four-field	DRB1	complete	1	1	1	2	DRB1*07:01:01:01	DRB1*13:01:01:02	
HG00330	HG00330	EUR	T1K-four-field	DQB1	complete	1	1	1	2	DQB1*03:03:02:01	DQB1*06:03:01:01	
HG00331	HG00331	EUR	T1K-four-field	A	complete	1	1	1	2	A*02:01:01:01	A*02:01:01:01	
HG00331	HG00331	EUR	T1K-four-field	B	complete	1	1	1	2	B*15:01:01:01	B*35:01:01:01,HLA-B*35:01:01:17	
HG00331	HG00331	EUR	T1K-four-field	C	complete	1	1	1	2	C*03:04:01:01	C*04:01:01:01,HLA-C*04:01:01:32,HLA-C*04:01:01:129,HLA-C*04:01:01:134,HLA-C*04:01:01:145,HLA-C*04:01:01:173	
HG00331	HG00331	EUR	T1K-four-field	DRB1	complete	1	1	1	2	DRB1*14:01:01:02	DRB1*04:04:01:04,HLA-DRB1*04:04:01:15	
HG00331	HG00331	EUR	T1K-four-field	DQB1	complete	1	1	1	2	DQB1*03:02:01:02	DQB1*05:03:01:01	
HG00332	HG00332	EUR	T1K-four-field	A	complete	1	1	1	2	A*03:01:01:01	A*02:01:01:01	
HG00332	HG00332	EUR	T1K-four-field	B	complete	1	1	0	0	B*07:02:01:01,HLA-B*07:02:01:02,HLA-B*07:02:01:27,HLA-B*07:02:01:72,HLA-B*07:02:01:82,HLA-B*07:02:01:98,HLA-B*07:02:01:104,HLA-B*07:02:01:125,HLA-B*07:529	B*35:01:01:01,HLA-B*35:01:01:17,HLA-B*35:01:01:68,HLA-B*35:370,HLA-B*35:615	
HG00332	HG00332	EUR	T1K-four-field	C	complete	1	1	1	2	C*04:01:01:01,HLA-C*04:01:01:32	C*07:02:01:03,HLA-C*07:02:01:81,HLA-C*07:02:01:92	
HG00332	HG00332	EUR	T1K-four-field	DRB1	complete	1	1	1	2	DRB1*01:01:01:01	DRB1*15:01:01:01,HLA-DRB1*15:01:01:06,HLA-DRB1*15:01:01:25	
HG00332	HG00332	EUR	T1K-four-field	DQB1	complete	1	1	1	2	DQB1*05:01:01:01	DQB1*06:02:01:01	
HG00334	HG00334	EUR	T1K-four-field	A	complete	1	1	1	2	A*32:01:01:01	A*02:01:01:01	
HG00334	HG00334	EUR	T1K-four-field	B	complete	1	1	1	2	B*39:01:01:02L	B*15:01:01:04	
HG00334	HG00334	EUR	T1K-four-field	C	complete	1	1	0	1	C*07:02:01:01	C*04:01:01:06,HLA-C*04:01:01:45,HLA-C*04:01:01:154,HLA-C*04:275:01:01	
HG00334	HG00334	EUR	T1K-four-field	DRB1	complete	1	1	1	2	DRB1*08:01:01:01	DRB1*11:01:01:01	
HG00334	HG00334	EUR	T1K-four-field	DQB1	complete	1	1	1	2	DQB1*04:02:01:04	DQB1*03:01:01:01	
HG00335	HG00335	EUR	T1K-four-field	A	complete	1	1	1	2	A*01:01:01:01	A*02:01:01:01	
HG00335	HG00335	EUR	T1K-four-field	B	complete	1	1	1	2	B*27:05:02:01	B*15:01:01:04	
HG00335	HG00335	EUR	T1K-four-field	C	complete	1	1	1	2	C*04:01:01:06,HLA-C*04:01:01:61	C*02:02:02:01	
HG00335	HG00335	EUR	T1K-four-field	DRB1	complete	1	1	1	2	DRB1*04:01:01:05,HLA-DRB1*04:01:01:06	DRB1*11:01:01:01	
HG00335	HG00335	EUR	T1K-four-field	DQB1	complete	1	1	1	2	DQB1*03:02:01:01	DQB1*03:01:01:73	
HG00336	HG00336	EUR	T1K-four-field	A	complete	1	1	1	2	A*01:01:01:01	A*03:01:01:01	
HG00336	HG00336	EUR	T1K-four-field	B	complete	1	1	1	2	B*08:01:01:67	B*35:01:01:01	
HG00336	HG00336	EUR	T1K-four-field	C	complete	1	1	1	2	C*07:01:01:01	C*04:01:01:01,HLA-C*04:01:01:17,HLA-C*04:01:01:95,HLA-C*04:01:01:102,HLA-C*04:01:01:141,HLA-C*04:01:118	
HG00336	HG00336	EUR	T1K-four-field	DRB1	complete	1	1	1	2	DRB1*01:01:01:01	DRB1*15:01:01:26	
HG00336	HG00336	EUR	T1K-four-field	DQB1	complete	1	1	1	2	DQB1*06:02:01:01	DQB1*05:01:01:01	
HG00337	HG00337	EUR	T1K-four-field	A	complete	1	1	1	2	A*03:01:01:01	A*03:01:01:01	
HG00337	HG00337	EUR	T1K-four-field	B	complete	1	1	1	2	B*07:02:01:01	B*07:02:01:01	
HG00337	HG00337	EUR	T1K-four-field	C	complete	1	1	1	2	C*07:02:01:03	C*07:02:01:03	
HG00337	HG00337	EUR	T1K-four-field	DRB1	complete	1	1	1	2	DRB1*13:01:01:01	DRB1*13:02:01:05,HLA-DRB1*13:02:01:07	
HG00337	HG00337	EUR	T1K-four-field	DQB1	complete	1	1	1	2	DQB1*06:04:01:01	DQB1*06:03:01:01	
HG00338	HG00338	EUR	T1K-four-field	A	complete	1	1	1	2	A*03:01:01:01	A*68:01:02:03	
HG00338	HG00338	EUR	T1K-four-field	B	complete	1	1	1	2	B*35:01:01:01,HLA-B*35:01:01:17	B*44:02:01:34	
HG00338	HG00338	EUR	T1K-four-field	C	complete	1	1	1	2	C*05:01:01:02	C*04:01:01:01	
HG00338	HG00338	EUR	T1K-four-field	DRB1	complete	1	1	1	2	DRB1*13:01:01:02	DRB1*01:01:01:01	
HG00338	HG00338	EUR	T1K-four-field	DQB1	complete	1	1	1	2	DQB1*05:01:01:01	DQB1*06:03:01:01,HLA-DQB1*06:03:01:10	
HG00339	HG00339	EUR	T1K-four-field	A	complete	1	1	1	2	A*68:01:01:02	A*01:01:01:01	
HG00339	HG00339	EUR	T1K-four-field	B	complete	1	1	1	2	B*27:05:02:01	B*40:02:01:01	
HG00339	HG00339	EUR	T1K-four-field	C	complete	1	1	1	2	C*02:02:02:01	C*03:04:01:01	
HG00339	HG00339	EUR	T1K-four-field	DRB1	complete	1	1	1	2	DRB1*08:02:01:01	DRB1*01:01:01:01	
HG00339	HG00339	EUR	T1K-four-field	DQB1	complete	1	1	1	2	DQB1*04:02:01:04	DQB1*05:01:01:01	
HG00341	HG00341	EUR	T1K-four-field	A	complete	1	1	1	2	A*01:02:01:01	A*68:01:02:02	
HG00341	HG00341	EUR	T1K-four-field	B	complete	1	1	1	2	B*40:01:02:01	B*57:01:01:01	
HG00341	HG00341	EUR	T1K-four-field	C	complete	1	1	1	2	C*03:04:01:01	C*06:02:01:01	
HG00341	HG00341	EUR	T1K-four-field	DRB1	complete	1	1	1	2	DRB1*09:01:02:01	DRB1*04:02:01	
HG00341	HG00341	EUR	T1K-four-field	DQB1	complete	1	1	1	2	DQB1*03:03:02:02	DQB1*03:02:01:01	
HG00342	HG00342	EUR	T1K-four-field	A	complete	1	1	1	2	A*11:01:01:01	A*02:01:01:01	
HG00342	HG00342	EUR	T1K-four-field	B	complete	1	1	1	2	B*13:02:01:01	B*44:02:01:01	
HG00342	HG00342	EUR	T1K-four-field	C	complete	1	1	1	2	C*06:02:01:10	C*05:01:01:02	
HG00342	HG00342	EUR	T1K-four-field	DRB1	complete	1	1	1	2	DRB1*09:01:02:01	DRB1*12:01:01:03	
HG00342	HG00342	EUR	T1K-four-field	DQB1	complete	1	1	1	2	DQB1*03:03:02:02	DQB1*03:01:01:73	
HG00343	HG00343	EUR	T1K-four-field	A	complete	1	1	1	2	A*32:01:01:01	A*03:01:01:01	
HG00343	HG00343	EUR	T1K-four-field	B	complete	1	1	1	2	B*39:01:01:02L	B*35:01:01:55	
HG00343	HG00343	EUR	T1K-four-field	C	complete	1	1	1	2	C*07:02:01:01	C*04:01:01:01	
HG00343	HG00343	EUR	T1K-four-field	DRB1	complete	1	1	1	2	DRB1*01:01:01:01	DRB1*08:01:01:01	
HG00343	HG00343	EUR	T1K-four-field	DQB1	complete	1	1	1	2	DQB1*04:02:01:04	DQB1*05:01:01:01	
HG00345	HG00345	EUR	T1K-four-field	A	complete	1	1	1	2	A*01:01:01:01	A*03:01:01:01	
HG00345	HG00345	EUR	T1K-four-field	B	complete	1	1	1	2	B*35:01:01:01,HLA-B*35:01:01:90	B*08:01:01:01	
HG00345	HG00345	EUR	T1K-four-field	C	complete	1	1	1	2	C*07:01:01:01	C*04:01:01:01,HLA-C*04:01:01:32,HLA-C*04:01:01:129	
HG00345	HG00345	EUR	T1K-four-field	DRB1	complete	1	1	1	2	DRB1*01:01:01:01	DRB1*03:01:01:01	
HG00345	HG00345	EUR	T1K-four-field	DQB1	complete	1	1	1	2	DQB1*02:01:01:01	DQB1*05:01:01:01	
HG00346	HG00346	EUR	T1K-four-field	A	complete	1	1	1	2	A*03:01:01:01	A*31:01:02:01	
HG00346	HG00346	EUR	T1K-four-field	B	complete	1	1	1	2	B*18:01:01:02,HLA-B*18:01:01:58,HLA-B*18:01:01:60	B*51:01:01:01,HLA-B*51:01:01:23,HLA-B*51:01:01:25,HLA-B*51:01:01:31,HLA-B*51:01:01:108,HLA-B*51:01:64	
HG00346	HG00346	EUR	T1K-four-field	C	complete	1	1	1	2	C*07:01:01:01	C*14:02:01:01	
HG00346	HG00346	EUR	T1K-four-field	DRB1	complete	1	1	1	2	DRB1*15:01:01:01,HLA-DRB1*15:01:01:06,HLA-DRB1*15:01:01:25	DRB1*13:01:01:17,HLA-DRB1*13:01:01:21	
HG00346	HG00346	EUR	T1K-four-field	DQB1	complete	1	1	1	2	DQB1*06:02:01:01	DQB1*06:03:01:01	
HG00349	HG00349	EUR	T1K-four-field	A	complete	1	1	1	2	A*01:01:01:01	A*68:01:01:02	
HG00349	HG00349	EUR	T1K-four-field	B	complete	1	1	1	2	B*08:01:01:01	B*27:05:02:01	
HG00349	HG00349	EUR	T1K-four-field	C	complete	1	1	1	2	C*07:01:01:01	C*02:02:02:01	
HG00349	HG00349	EUR	T1K-four-field	DRB1	complete	1	1	1	2	DRB1*01:01:01:01	DRB1*03:01:01:01	
HG00349	HG00349	EUR	T1K-four-field	DQB1	complete	1	1	1	2	DQB1*05:01:01:01	DQB1*02:01:01:01	
HG00351	HG00351	EUR	T1K-four-field	A	complete	1	1	1	2	A*24:02:01:01	A*02:01:01:01	
HG00351	HG00351	EUR	T1K-four-field	B	complete	1	1	1	2	B*38:01:01:01	B*07:02:01:01	
HG00351	HG00351	EUR	T1K-four-field	C	complete	1	1	0	1	C*07:02:01:03	C*12:03:01:01,HLA-C*12:03:01:22,HLA-C*12:03:01:27,HLA-C*12:03:01:45,HLA-C*12:03:01:48,HLA-C*12:03:01:56,HLA-C*12:03:01:73,HLA-C*12:03:67,HLA-C*12:143,HLA-C*12:278,HLA-C*12:407	
HG00351	HG00351	EUR	T1K-four-field	DRB1	complete	1	1	1	2	DRB1*15:01:01:01,HLA-DRB1*15:01:01:06,HLA-DRB1*15:01:01:25	DRB1*13:01:01:02	
HG00351	HG00351	EUR	T1K-four-field	DQB1	complete	1	1	1	2	DQB1*06:03:01:01	DQB1*06:02:01:01	
HG00353	HG00353	EUR	T1K-four-field	A	complete	1	1	1	2	A*31:01:02:01	A*32:01:01:01	
HG00353	HG00353	EUR	T1K-four-field	B	complete	1	1	1	2	B*44:02:01:01	B*18:01:01:02	
HG00353	HG00353	EUR	T1K-four-field	C	complete	1	1	1	2	C*07:01:01:01	C*05:01:01:02	
HG00353	HG00353	EUR	T1K-four-field	DRB1	complete	1	1	1	2	DRB1*15:01:01:01	DRB1*15:01:01:01	
HG00353	HG00353	EUR	T1K-four-field	DQB1	complete	1	1	1	2	DQB1*06:02:01:01	DQB1*06:02:01:01	
HG00355	HG00355	EUR	T1K-four-field	A	complete	1	1	1	2	A*29:02:01:01	A*03:01:01:05	
HG00355	HG00355	EUR	T1K-four-field	B	complete	1	1	1	2	B*47:01:01:03	B*44:03:01:01	
HG00355	HG00355	EUR	T1K-four-field	C	complete	1	1	1	2	C*06:02:01:01	C*16:01:01:01	
HG00355	HG00355	EUR	T1K-four-field	DRB1	complete	1	1	1	2	DRB1*07:01:01:01	DRB1*15:01:01:03	
HG00355	HG00355	EUR	T1K-four-field	DQB1	complete	1	1	1	2	DQB1*02:02:01:01	DQB1*06:02:01:01	
HG00356	HG00356	EUR	T1K-four-field	A	complete	1	1	1	2	A*24:02:01:01	A*01:01:01:01	
HG00356	HG00356	EUR	T1K-four-field	B	complete	1	1	1	2	B*40:01:02:01	B*08:01:01:01	
HG00356	HG00356	EUR	T1K-four-field	C	complete	1	1	1	2	C*07:01:01:01	C*03:04:01:01	
HG00356	HG00356	EUR	T1K-four-field	DRB1	complete	1	1	1	2	DRB1*08:01:01:01	DRB1*03:01:01:01	
HG00356	HG00356	EUR	T1K-four-field	DQB1	complete	1	1	1	2	DQB1*02:01:01:01	DQB1*04:02:01:04	
HG00357	HG00357	EUR	T1K-four-field	A	complete	1	1	1	2	A*02:01:01:01	A*01:01:01:01	
HG00357	HG00357	EUR	T1K-four-field	B	complete	1	1	1	2	B*08:01:01:01	B*57:01:01:01	
HG00357	HG00357	EUR	T1K-four-field	C	complete	1	1	1	2	C*07:01:01:01	C*06:02:01:01	
HG00357	HG00357	EUR	T1K-four-field	DRB1	complete	1	1	1	2	DRB1*07:01:01:01	DRB1*03:01:01:01	
HG00357	HG00357	EUR	T1K-four-field	DQB1	complete	1	1	1	2	DQB1*03:03:02:01	DQB1*02:01:01:01	
HG00358	HG00358	EUR	T1K-four-field	A	complete	1	1	1	2	A*03:01:01:05	A*02:01:01:01	
HG00358	HG00358	EUR	T1K-four-field	B	complete	1	1	1	2	B*47:01:01:03	B*27:05:02:01	
HG00358	HG00358	EUR	T1K-four-field	C	complete	1	1	1	2	C*06:02:01:01,HLA-C*06:02:01:93	C*01:02:01:01	
HG00358	HG00358	EUR	T1K-four-field	DRB1	complete	1	1	1	2	DRB1*04:08:01:04	DRB1*15:01:01:03	
HG00358	HG00358	EUR	T1K-four-field	DQB1	complete	1	1	1	2	DQB1*06:02:01:01,HLA-DQB1*06:02:01:21	DQB1*03:01:01:01	
HG00360	HG00360	EUR	T1K-four-field	A	complete	1	1	1	2	A*24:02:01:01	A*02:01:01:01	
HG00360	HG00360	EUR	T1K-four-field	B	complete	1	1	1	2	B*39:01:01:02L	B*44:02:01:01	
HG00360	HG00360	EUR	T1K-four-field	C	complete	1	1	1	2	C*05:01:01:02	C*07:02:01:01	
HG00360	HG00360	EUR	T1K-four-field	DRB1	complete	1	1	1	2	DRB1*04:04:01:05	DRB1*04:01:01:16	
HG00360	HG00360	EUR	T1K-four-field	DQB1	complete	1	1	1	2	DQB1*03:02:01:02	DQB1*03:01:01:01	
HG00361	HG00361	EUR	T1K-four-field	A	complete	1	1	1	2	A*03:01:01:01	A*24:02:01:01	
HG00361	HG00361	EUR	T1K-four-field	B	complete	1	1	0	1	B*07:02:01:01,HLA-B*07:02:01:72,HLA-B*07:02:01:98	B*35:01:01:01,HLA-B*35:01:01:17,HLA-B*35:370,HLA-B*35:615	
HG00361	HG00361	EUR	T1K-four-field	C	complete	1	1	1	2	C*07:02:01:03	C*04:01:01:01,HLA-C*04:01:01:32	
HG00361	HG00361	EUR	T1K-four-field	DRB1	complete	1	1	1	2	DRB1*01:01:01:01	DRB1*15:01:01:03	
HG00361	HG00361	EUR	T1K-four-field	DQB1	complete	1	1	1	2	DQB1*05:01:01:01	DQB1*06:02:01:01	
HG00362	HG00362	EUR	T1K-four-field	A	complete	1	1	1	2	A*11:01:01:01	A*02:01:01:01	
HG00362	HG00362	EUR	T1K-four-field	B	complete	1	1	1	2	B*27:05:02:01	B*44:02:01:01	
HG00362	HG00362	EUR	T1K-four-field	C	complete	1	1	1	2	C*05:01:01:02	C*01:02:01:01	
HG00362	HG00362	EUR	T1K-four-field	DRB1	complete	1	1	1	2	DRB1*01:01:01:01	DRB1*04:04:01:04,HLA-DRB1*04:04:01:15	
HG00362	HG00362	EUR	T1K-four-field	DQB1	complete	1	1	1	2	DQB1*05:01:01:01	DQB1*03:02:01:02	
HG00364	HG00364	EUR	T1K-four-field	A	complete	1	1	1	2	A*03:01:01:01	A*03:01:01:01	
HG00364	HG00364	EUR	T1K-four-field	B	complete	1	1	1	2	B*67:01:02	B*35:01:01:55	
HG00364	HG00364	EUR	T1K-four-field	C	complete	1	1	1	2	C*04:01:01:01	C*12:03:01:01	
HG00364	HG00364	EUR	T1K-four-field	DRB1	complete	1	1	1	2	DRB1*01:01:01:01	DRB1*01:01:01:01	
HG00364	HG00364	EUR	T1K-four-field	DQB1	complete	1	1	1	2	DQB1*05:01:01:01	DQB1*05:01:01:01	
HG00365	HG00365	EUR	T1K-four-field	A	complete	1	1	1	2	A*31:01:02:01	A*26:01:01:01	
HG00365	HG00365	EUR	T1K-four-field	B	complete	1	1	1	2	B*44:02:01:03	B*56:01:01:02	
HG00365	HG00365	EUR	T1K-four-field	C	complete	1	1	1	2	C*07:04:01:01	C*03:04:01:01	
HG00365	HG00365	EUR	T1K-four-field	DRB1	complete	1	1	1	2	DRB1*01:01:01:01	DRB1*11:01:01:01	
HG00365	HG00365	EUR	T1K-four-field	DQB1	complete	1	1	1	2	DQB1*05:01:01:01	DQB1*03:01:01:01	
HG00366	HG00366	EUR	T1K-four-field	A	complete	1	1	1	2	A*24:02:01:01	A*02:01:01:01	
HG00366	HG00366	EUR	T1K-four-field	B	complete	1	1	1	2	B*15:01:01:01	B*07:02:01:01	
HG00366	HG00366	EUR	T1K-four-field	C	complete	1	1	1	2	C*03:03:01:01	C*07:02:01:03	
HG00366	HG00366	EUR	T1K-four-field	DRB1	complete	1	1	1	2	DRB1*09:01:02:01	DRB1*04:01:01:01	
HG00366	HG00366	EUR	T1K-four-field	DQB1	complete	1	1	1	2	DQB1*03:02:01:01,HLA-DQB1*03:02:01:02	DQB1*03:03:02:02	
HG00367	HG00367	EUR	T1K-four-field	A	complete	1	1	1	2	A*68:01:02:02	A*03:01:01:01	
HG00367	HG00367	EUR	T1K-four-field	B	complete	1	1	1	2	B*37:01:01:01	B*35:01:01:01	
HG00367	HG00367	EUR	T1K-four-field	C	complete	1	1	1	2	C*04:01:01:01,HLA-C*04:01:01:32,HLA-C*04:01:01:129	C*06:02:01:01	
HG00367	HG00367	EUR	T1K-four-field	DRB1	complete	1	1	1	2	DRB1*10:01:01:01	DRB1*04:01:01:01,HLA-DRB1*04:01:01:03	
HG00367	HG00367	EUR	T1K-four-field	DQB1	complete	1	1	1	2	DQB1*05:01:01:01	DQB1*03:01:01:73	
HG00368	HG00368	EUR	T1K-four-field	A	complete	1	1	1	2	A*02:01:01:01	A*02:01:01:01	
HG00368	HG00368	EUR	T1K-four-field	B	complete	1	1	1	2	B*13:02:01:01	B*56:01:01:02	
HG00368	HG00368	EUR	T1K-four-field	C	complete	1	1	1	2	C*01:02:01:01	C*06:02:01:01	
HG00368	HG00368	EUR	T1K-four-field	DRB1	complete	1	1	1	2	DRB1*04:01:01:01	DRB1*07:01:01:01	
HG00368	HG00368	EUR	T1K-four-field	DQB1	complete	1	1	1	2	DQB1*02:02:01:01	DQB1*03:02:01:01	
HG00369	HG00369	EUR	T1K-four-field	A	complete	1	1	1	2	A*03:01:01:01	A*02:01:01:01	
HG00369	HG00369	EUR	T1K-four-field	B	complete	1	1	1	2	B*44:02:01:03	B*27:05:02:01	
HG00369	HG00369	EUR	T1K-four-field	C	complete	1	1	1	2	C*07:04:01:01	C*02:02:02:01	
HG00369	HG00369	EUR	T1K-four-field	DRB1	complete	1	1	1	2	DRB1*10:01:01:01	DRB1*08:01:01:01	
HG00369	HG00369	EUR	T1K-four-field	DQB1	complete	1	1	1	2	DQB1*05:01:01:01	DQB1*04:02:01:04	
HG00371	HG00371	EUR	T1K-four-field	A	complete	1	1	1	2	A*02:01:01:137	A*68:01:02:01	
HG00371	HG00371	EUR	T1K-four-field	B	complete	1	1	1	2	B*35:01:01:01	B*40:01:02:01,HLA-B*40:01:02:62	
HG00371	HG00371	EUR	T1K-four-field	C	complete	1	1	1	2	C*03:04:01:01	C*03:03:01:01	
HG00371	HG00371	EUR	T1K-four-field	DRB1	complete	1	1	1	2	DRB1*08:01:01:01	DRB1*08:01:01:01	
HG00371	HG00371	EUR	T1K-four-field	DQB1	complete	1	1	1	2	DQB1*04:02:01:04	DQB1*04:02:01:04	
HG00372	HG00372	EUR	T1K-four-field	A	complete	1	1	1	2	A*02:01:01:01	A*02:01:01:01	
HG00372	HG00372	EUR	T1K-four-field	B	complete	1	1	1	2	B*27:05:02:01	B*40:01:02:01	
HG00372	HG00372	EUR	T1K-four-field	C	complete	1	1	1	2	C*02:02:02:01	C*03:04:01:01	
HG00372	HG00372	EUR	T1K-four-field	DRB1	complete	1	1	1	2	DRB1*08:01:01:01	DRB1*13:02:01:02,HLA-DRB1*13:02:01:05,HLA-DRB1*13:02:01:07,HLA-DRB1*13:02:01:09,HLA-DRB1*13:02:01:11	
HG00372	HG00372	EUR	T1K-four-field	DQB1	complete	1	1	1	2	DQB1*04:02:01:04	DQB1*06:04:01:01	
HG00373	HG00373	EUR	T1K-four-field	A	complete	1	1	1	2	A*01:01:01:01	A*02:01:01:01	
HG00373	HG00373	EUR	T1K-four-field	B	complete	1	1	1	2	B*15:01:01:01	B*56:01:01:02,HLA-B*56:01:01:03	
HG00373	HG00373	EUR	T1K-four-field	C	complete	1	1	1	2	C*03:03:01:01	C*01:02:01:23	
HG00373	HG00373	EUR	T1K-four-field	DRB1	complete	1	1	1	2	DRB1*04:01:01:01	DRB1*13:01:01:03	
HG00373	HG00373	EUR	T1K-four-field	DQB1	complete	1	1	1	2	DQB1*06:03:01:01	DQB1*03:02:01:01	
HG00375	HG00375	EUR	T1K-four-field	A	complete	1	1	1	2	A*03:01:01:01	A*02:01:01:01	
HG00375	HG00375	EUR	T1K-four-field	B	complete	1	1	1	2	B*13:02:01:01	B*40:01:02:01,HLA-B*40:01:02:62	
HG00375	HG00375	EUR	T1K-four-field	C	complete	1	1	1	2	C*06:02:01:01	C*03:04:01:01	
HG00375	HG00375	EUR	T1K-four-field	DRB1	complete	1	1	1	2	DRB1*01:01:01:01	DRB1*07:01:01:01	
HG00375	HG00375	EUR	T1K-four-field	DQB1	complete	1	1	1	2	DQB1*05:01:01:01	DQB1*02:02:01:01	
HG00376	HG00376	EUR	T1K-four-field	A	complete	1	1	1	2	A*03:01:01:01	A*02:01:01:01	
HG00376	HG00376	EUR	T1K-four-field	B	complete	1	1	1	2	B*40:01:02:01	B*51:01:01:01	
HG00376	HG00376	EUR	T1K-four-field	C	complete	1	1	1	2	C*03:04:01:01	C*14:02:01:01	
HG00376	HG00376	EUR	T1K-four-field	DRB1	complete	1	1	1	2	DRB1*13:01:01:02	DRB1*13:02:01:05,HLA-DRB1*13:02:01:07	
HG00376	HG00376	EUR	T1K-four-field	DQB1	complete	1	1	1	2	DQB1*06:03:01:01	DQB1*06:04:01:01	
HG00378	HG00378	EUR	T1K-four-field	A	complete	1	1	1	2	A*24:02:01:01	A*02:01:01:01	
HG00378	HG00378	EUR	T1K-four-field	B	complete	1	1	1	2	B*40:01:02:01,HLA-B*40:01:02:62	B*35:01:01:01	
HG00378	HG00378	EUR	T1K-four-field	C	complete	1	1	0	1	C*03:04:01:01,HLA-C*03:04:63,HLA-C*03:455,HLA-C*03:656	C*04:01:01:01	
HG00378	HG00378	EUR	T1K-four-field	DRB1	complete	1	1	1	2	DRB1*01:01:01:01	DRB1*13:02:01:02,HLA-DRB1*13:02:01:05,HLA-DRB1*13:02:01:07,HLA-DRB1*13:02:01:09,HLA-DRB1*13:02:01:11	
HG00378	HG00378	EUR	T1K-four-field	DQB1	complete	1	1	1	2	DQB1*05:01:01:01	DQB1*06:04:01:01	
HG00379	HG00379	EUR	T1K-four-field	A	complete	1	1	1	2	A*02:01:01:01	A*03:01:01:01	
HG00379	HG00379	EUR	T1K-four-field	B	complete	1	1	1	2	B*44:02:01:01	B*07:02:01:01,HLA-B*07:02:01:02,HLA-B*07:02:01:82	
HG00379	HG00379	EUR	T1K-four-field	C	complete	1	1	1	2	C*07:02:01:03	C*05:01:01:02	
HG00379	HG00379	EUR	T1K-four-field	DRB1	complete	1	1	1	2	DRB1*04:01:01:05,HLA-DRB1*04:01:01:06	DRB1*13:01:01:01	
HG00379	HG00379	EUR	T1K-four-field	DQB1	complete	1	1	1	2	DQB1*03:02:01:01	DQB1*06:03:01:01,HLA-DQB1*06:03:01:09,HLA-DQB1*06:03:01:10	
HG00380	HG00380	EUR	T1K-four-field	A	complete	1	1	1	2	A*01:01:01:01	A*03:01:01:01	
HG00380	HG00380	EUR	T1K-four-field	B	complete	1	1	1	2	B*07:02:01:01	B*08:01:01:01	
HG00380	HG00380	EUR	T1K-four-field	C	complete	1	1	1	2	C*07:01:01:01	C*03:04:01:01	
HG00380	HG00380	EUR	T1K-four-field	DRB1	complete	1	1	1	2	DRB1*01:01:01:01	DRB1*13:01:01:01	
HG00380	HG00380	EUR	T1K-four-field	DQB1	complete	1	1	1	2	DQB1*06:03:01:01,HLA-DQB1*06:03:01:09	DQB1*05:01:01:01	
HG00381	HG00381	EUR	T1K-four-field	A	complete	1	1	1	2	A*32:01:01:01	A*02:01:01:01	
HG00381	HG00381	EUR	T1K-four-field	B	complete	1	1	1	2	B*15:01:01:01	B*39:01:01:02L	
HG00381	HG00381	EUR	T1K-four-field	C	complete	1	1	1	2	C*07:02:01:01	C*03:04:01:01	
HG00381	HG00381	EUR	T1K-four-field	DRB1	complete	1	1	1	2	DRB1*08:01:01:01	DRB1*04:01:01:01	
HG00381	HG00381	EUR	T1K-four-field	DQB1	complete	1	1	1	2	DQB1*04:02:01:04	DQB1*03:01:01:73	
HG00382	HG00382	EUR	T1K-four-field	A	complete	1	1	1	2	A*24:02:01:05	A*03:01:01:01	
HG00382	HG00382	EUR	T1K-four-field	B	complete	1	1	1	2	B*07:02:01:01	B*44:02:01:01	
HG00382	HG00382	EUR	T1K-four-field	C	complete	1	1	1	2	C*07:02:01:03	C*05:01:01:02	
HG00382	HG00382	EUR	T1K-four-field	DRB1	complete	1	1	1	2	DRB1*15:01:01:03	DRB1*15:01:01:01	
HG00382	HG00382	EUR	T1K-four-field	DQB1	complete	1	1	1	2	DQB1*06:02:01:01	DQB1*06:02:01:01	
HG00383	HG00383	EUR	T1K-four-field	A	complete	1	1	1	2	A*02:01:01:01	A*24:02:01:01	
HG00383	HG00383	EUR	T1K-four-field	B	complete	1	1	1	2	B*27:05:02:01	B*18:01:01:02	
HG00383	HG00383	EUR	T1K-four-field	C	complete	1	1	1	2	C*02:02:02:01	C*07:01:01:01	
HG00383	HG00383	EUR	T1K-four-field	DRB1	complete	1	1	1	2	DRB1*08:01:01:01	DRB1*11:04:01:06	
HG00383	HG00383	EUR	T1K-four-field	DQB1	complete	1	1	1	2	DQB1*04:02:01:04	DQB1*03:01:01:73	
HG00384	HG00384	EUR	T1K-four-field	A	complete	1	1	1	2	A*02:01:01:01	A*03:01:01:01	
HG00384	HG00384	EUR	T1K-four-field	B	complete	1	1	1	2	B*40:02:01:01	B*35:01:01:01	
HG00384	HG00384	EUR	T1K-four-field	C	complete	1	1	1	2	C*07:04:01:01	C*04:01:01:01,HLA-C*04:01:01:32,HLA-C*04:01:01:41,HLA-C*04:01:01:129,HLA-C*04:01:01:190,HLA-C*04:01:01:197	
HG00384	HG00384	EUR	T1K-four-field	DRB1	complete	1	1	1	2	DRB1*01:01:01:01	DRB1*12:01:01:03	
HG00384	HG00384	EUR	T1K-four-field	DQB1	complete	1	1	1	2	DQB1*05:01:01:01	DQB1*03:01:01:73	
HG00403	SH001	EAS	T1K-four-field	A	complete	1	1	1	2	A*31:01:02:01	A*02:01:01:01	
HG00403	SH001	EAS	T1K-four-field	B	complete	1	1	1	2	B*13:01:01:01	B*35:01:01:01,HLA-B*35:01:01:17	
HG00403	SH001	EAS	T1K-four-field	C	complete	1	1	1	2	C*03:03:01:01	C*03:04:01:01	
HG00403	SH001	EAS	T1K-four-field	DRB1	complete	1	1	1	2	DRB1*12:02:01:01,HLA-DRB1*12:02:01:03,HLA-DRB1*12:02:01:05,HLA-DRB1*12:02:01:06,HLA-DRB1*12:02:01:11	DRB1*15:01:01:03	
HG00403	SH001	EAS	T1K-four-field	DQB1	complete	1	1	1	2	DQB1*03:01:01:07	DQB1*06:02:01:01	
HG00404	SH001	EAS	T1K-four-field	A	complete	1	1	1	2	A*11:01:01:01	A*24:02:01:01	
HG00404	SH001	EAS	T1K-four-field	B	complete	1	1	1	2	B*27:04:01:01	B*15:12:01	
HG00404	SH001	EAS	T1K-four-field	C	complete	1	1	1	2	C*03:03:01:01	C*03:03:01:01	
HG00404	SH001	EAS	T1K-four-field	DRB1	complete	1	1	1	2	DRB1*12:01:01:06,HLA-DRB1*12:01:01:16Q	DRB1*11:01:01:04	
HG00404	SH001	EAS	T1K-four-field	DQB1	complete	1	1	1	2	DQB1*03:01:01:01	DQB1*03:01:01:73	
HG00418	SH006	EAS	T1K-four-field	A	complete	1	1	1	2	A*24:02:01:01	A*24:02:01:01	
HG00418	SH006	EAS	T1K-four-field	B	complete	1	1	1	2	B*15:18:01:01	B*51:01:01:01,HLA-B*51:01:01:80	
HG00418	SH006	EAS	T1K-four-field	C	complete	1	1	1	2	C*08:01:01:01	C*14:02:01:01	
HG00418	SH006	EAS	T1K-four-field	DRB1	complete	1	1	0	1	DRB1*14:03:01	DRB1*11:299	
HG00418	SH006	EAS	T1K-four-field	DQB1	complete	1	1	0	1	DQB1*03:01:01:73	DQB1*03:276N	
HG00419	SH006	EAS	T1K-four-field	A	complete	1	1	1	2	A*24:02:01:01	A*02:06:01:01	
HG00419	SH006	EAS	T1K-four-field	B	complete	1	1	1	2	B*13:01:01:01	B*40:01:02:01,HLA-B*40:01:02:62	
HG00419	SH006	EAS	T1K-four-field	C	complete	1	1	1	2	C*03:04:01:01	C*03:04:04	
HG00419	SH006	EAS	T1K-four-field	DRB1	complete	1	1	1	2	DRB1*09:01:02:01	DRB1*08:03:02:01,HLA-DRB1*08:03:02:02	
HG00419	SH006	EAS	T1K-four-field	DQB1	complete	1	1	1	2	DQB1*03:03:02:02	DQB1*06:01:01:01	
HG00427	SH009	EAS	T1K-four-field	A	complete	1	1	1	2	A*24:02:01:01	A*02:01:01:01	
HG00427	SH009	EAS	T1K-four-field	B	complete	1	1	0	1	B*13:01:01:01	B*15:18:01:01,HLA-B*15:548	
HG00427	SH009	EAS	T1K-four-field	C	complete	1	1	1	2	C*08:01:01:01	C*03:04:01:01	
HG00427	SH009	EAS	T1K-four-field	DRB1	complete	1	1	1	2	DRB1*12:02:01:03,HLA-DRB1*12:02:01:05,HLA-DRB1*12:02:01:11	DRB1*11:01:01:05	
HG00427	SH009	EAS	T1K-four-field	DQB1	complete	1	1	1	2	DQB1*03:01:01:07	DQB1*03:01:01:73	
HG00428	SH009	EAS	T1K-four-field	A	complete	1	1	1	2	A*30:01:01:01	A*24:02:01:01	
HG00428	SH009	EAS	T1K-four-field	B	complete	1	1	1	2	B*13:02:01:01	B*46:01:01:01	
HG00428	SH009	EAS	T1K-four-field	C	complete	1	1	1	2	C*01:02:01:01	C*06:02:01:01	
HG00428	SH009	EAS	T1K-four-field	DRB1	complete	1	1	1	2	DRB1*07:01:01:01	DRB1*11:01:01:03	
HG00428	SH009	EAS	T1K-four-field	DQB1	complete	1	1	1	2	DQB1*02:02:01:01	DQB1*03:01:01:01	
HG00442	SH014	EAS	T1K-four-field	A	complete	1	1	1	2	A*11:01:01:01	A*11:01:01:01	
HG00442	SH014	EAS	T1K-four-field	B	complete	1	1	1	2	B*40:01:02:01,HLA-B*40:01:02:62	B*40:02:01:01	
HG00442	SH014	EAS	T1K-four-field	C	complete	1	1	1	2	C*07:02:01:01	C*07:02:01:01	
HG00442	SH014	EAS	T1K-four-field	DRB1	complete	1	1	1	2	DRB1*14:54:01:01,HLA-DRB1*14:54:01:03,HLA-DRB1*14:54:01:04,HLA-DRB1*14:54:01:06,HLA-DRB1*14:54:01:09,HLA-DRB1*14:54:01:11,HLA-DRB1*14:54:01:12,HLA-DRB1*14:54:01:14,HLA-DRB1*14:54:01:15	DRB1*04:06:01	
HG00442	SH014	EAS	T1K-four-field	DQB1	complete	1	1	1	2	DQB1*05:02:01:01	DQB1*03:02:01:01	
HG00443	SH014	EAS	T1K-four-field	A	complete	1	1	1	2	A*11:02:01:01	A*02:07:01:01	
HG00443	SH014	EAS	T1K-four-field	B	complete	1	1	0	1	B*13:01:01:01	B*54:01:01:01,HLA-B*54:48,HLA-B*54:53	
HG00443	SH014	EAS	T1K-four-field	C	complete	1	1	1	2	C*15:02:01:01	C*03:04:01:01	
HG00443	SH014	EAS	T1K-four-field	DRB1	complete	1	1	1	2	DRB1*15:01:01:03	DRB1*11:01:01:04	
HG00443	SH014	EAS	T1K-four-field	DQB1	complete	1	1	1	2	DQB1*06:01:01:01	DQB1*03:01:01:01	
HG00445	SH015	EAS	T1K-four-field	A	complete	1	1	1	2	A*24:02:01:01	A*24:02:01:01	
HG00445	SH015	EAS	T1K-four-field	B	complete	1	1	1	2	B*07:02:01:01	B*67:01:01	
HG00445	SH015	EAS	T1K-four-field	C	complete	1	1	1	2	C*07:02:01:01	C*07:02:01:03	
HG00445	SH015	EAS	T1K-four-field	DRB1	complete	1	1	1	2	DRB1*01:01:01:01	DRB1*16:02:01:04	
HG00445	SH015	EAS	T1K-four-field	DQB1	complete	1	1	1	2	DQB1*05:01:01:01	DQB1*05:02:01:01	
HG00446	SH015	EAS	T1K-four-field	A	complete	1	1	1	2	A*11:01:01:01	A*11:01:01:01	
HG00446	SH015	EAS	T1K-four-field	B	complete	1	1	1	2	B*13:01:01:01	B*40:01:02:01,HLA-B*40:01:02:29,HLA-B*40:01:02:62,HLA-B*40:01:02:63	
HG00446	SH015	EAS	T1K-four-field	C	complete	1	1	1	2	C*03:04:01:01	C*03:04:01:01	
HG00446	SH015	EAS	T1K-four-field	DRB1	complete	1	1	1	2	DRB1*16:02:01:06	DRB1*11:01:01:03	
HG00446	SH015	EAS	T1K-four-field	DQB1	complete	1	1	1	2	DQB1*05:02:01:01	DQB1*03:01:01:73	
HG00448	SH016	EAS	T1K-four-field	A	complete	1	1	1	2	A*11:01:01:01	A*02:07:01:01	
HG00448	SH016	EAS	T1K-four-field	B	complete	1	1	1	2	B*46:01:01:01	B*56:01:01:02	
HG00448	SH016	EAS	T1K-four-field	C	complete	1	1	1	2	C*01:02:01:01	C*01:02:01:01	
HG00448	SH016	EAS	T1K-four-field	DRB1	complete	1	1	1	2	DRB1*13:12:01	DRB1*14:54:01:01	
HG00448	SH016	EAS	T1K-four-field	DQB1	complete	1	1	1	2	DQB1*05:02:01:01	DQB1*03:01:01:01	
HG00449	SH016	EAS	T1K-four-field	A	complete	1	1	1	2	A*02:07:01:01	A*11:01:01:01	
HG00449	SH016	EAS	T1K-four-field	B	complete	1	1	1	2	B*46:01:01:01	B*39:01:01:02L	
HG00449	SH016	EAS	T1K-four-field	C	complete	1	1	1	2	C*01:02:01:01	C*07:02:01:01	
HG00449	SH016	EAS	T1K-four-field	DRB1	complete	1	1	1	2	DRB1*14:54:01:01	DRB1*08:03:02:01,HLA-DRB1*08:03:02:02	
HG00449	SH016	EAS	T1K-four-field	DQB1	complete	1	1	1	2	DQB1*06:01:01:01	DQB1*05:02:01:01	
HG00451	SH017	EAS	T1K-four-field	A	complete	1	1	1	2	A*11:01:01:01	A*11:01:01:01	
HG00451	SH017	EAS	T1K-four-field	B	complete	1	1	1	2	B*40:01:02:01	B*15:01:01:01	
HG00451	SH017	EAS	T1K-four-field	C	complete	1	1	1	2	C*03:04:01:01	C*03:03:01:01	
HG00451	SH017	EAS	T1K-four-field	DRB1	complete	1	1	1	2	DRB1*11:01:01:03	DRB1*12:02:01:04	
HG00451	SH017	EAS	T1K-four-field	DQB1	complete	1	1	1	2	DQB1*03:01:01:07	DQB1*03:01:01:73	
HG00452	SH017	EAS	T1K-four-field	A	complete	1	1	1	2	A*11:01:01:01	A*11:01:01:01	
HG00452	SH017	EAS	T1K-four-field	B	complete	1	1	1	2	B*40:01:02:01,HLA-B*40:01:02:62	B*55:02:01:01	
HG00452	SH017	EAS	T1K-four-field	C	complete	1	1	1	2	C*03:04:01:01	C*12:03:01:01	
HG00452	SH017	EAS	T1K-four-field	DRB1	complete	1	1	1	2	DRB1*01:01:01:01	DRB1*11:01:01:03	
HG00452	SH017	EAS	T1K-four-field	DQB1	complete	1	1	1	2	DQB1*05:01:01:01	DQB1*03:01:01:73	
HG00457	SH019	EAS	T1K-four-field	A	complete	1	1	1	2	A*02:07:01:01	A*11:01:01:07	
HG00457	SH019	EAS	T1K-four-field	B	complete	1	1	1	2	B*39:01:01:02L	B*46:01:01:01	
HG00457	SH019	EAS	T1K-four-field	C	complete	1	1	1	2	C*01:02:01:01	C*07:02:01:01	
HG00457	SH019	EAS	T1K-four-field	DRB1	complete	1	1	1	2	DRB1*09:01:02:01	DRB1*15:01:01:03	
HG00457	SH019	EAS	T1K-four-field	DQB1	complete	1	1	1	2	DQB1*03:03:02:02	DQB1*06:01:01:01	
HG00458	SH019	EAS	T1K-four-field	A	complete	1	1	1	2	A*11:01:01:01	A*02:07:01:01	
HG00458	SH019	EAS	T1K-four-field	B	complete	1	1	1	2	B*46:01:01:01	B*15:01:01:01	
HG00458	SH019	EAS	T1K-four-field	C	complete	1	1	1	2	C*01:02:01:01	C*04:01:01:10	
HG00458	SH019	EAS	T1K-four-field	DRB1	complete	1	1	1	2	DRB1*09:01:02:01	DRB1*04:06:01	
HG00458	SH019	EAS	T1K-four-field	DQB1	complete	1	1	1	2	DQB1*03:02:01:01	DQB1*03:03:02:02	
HG00463	SH021	EAS	T1K-four-field	A	complete	1	1	1	2	A*11:01:01:01	A*02:07:01:01	
HG00463	SH021	EAS	T1K-four-field	B	complete	1	1	1	2	B*15:02:01:01	B*46:01:01:01	
HG00463	SH021	EAS	T1K-four-field	C	complete	1	1	1	2	C*08:01:01:01	C*01:02:01:01,HLA-C*01:02:01:07	
HG00463	SH021	EAS	T1K-four-field	DRB1	complete	1	1	1	2	DRB1*09:01:02:01	DRB1*12:02:01:03,HLA-DRB1*12:02:01:08	
HG00463	SH021	EAS	T1K-four-field	DQB1	complete	1	1	1	2	DQB1*03:03:02:02	DQB1*03:01:01:07	
HG00464	SH021	EAS	T1K-four-field	A	complete	1	1	1	2	A*11:01:01:01	A*02:06:01:04	
HG00464	SH021	EAS	T1K-four-field	B	complete	1	1	1	2	B*15:01:01:01	B*40:01:02:01,HLA-B*40:01:02:62	
HG00464	SH021	EAS	T1K-four-field	C	complete	1	1	1	2	C*07:02:01:01	C*04:01:01:01,HLA-C*04:01:01:32	
HG00464	SH021	EAS	T1K-four-field	DRB1	complete	1	1	1	2	DRB1*08:03:02:01,HLA-DRB1*08:03:02:02	DRB1*04:06:01	
HG00464	SH021	EAS	T1K-four-field	DQB1	complete	1	1	1	2	DQB1*06:01:01:01	DQB1*03:02:01:01	
HG00472	SH024	EAS	T1K-four-field	A	complete	1	1	1	2	A*24:08	A*01:01:01:01	
HG00472	SH024	EAS	T1K-four-field	B	complete	1	1	1	2	B*15:01:01:01	B*57:01:01:01	
HG00472	SH024	EAS	T1K-four-field	C	complete	1	1	1	2	C*03:03:01:01	C*06:02:01:01	
HG00472	SH024	EAS	T1K-four-field	DRB1	complete	1	1	1	2	DRB1*04:07:01:01,HLA-DRB1*04:07:01:02	DRB1*14:05:01:03	
HG00472	SH024	EAS	T1K-four-field	DQB1	complete	1	1	1	2	DQB1*03:02:01:01	DQB1*05:03:01:01	
HG00473	SH024	EAS	T1K-four-field	A	complete	1	1	1	2	A*02:07:01:01	A*33:03:01:01	
HG00473	SH024	EAS	T1K-four-field	B	complete	1	1	1	2	B*46:01:01:01	B*58:01:01:01	
HG00473	SH024	EAS	T1K-four-field	C	complete	1	1	1	2	C*03:02:02:01	C*01:02:01:23	
HG00473	SH024	EAS	T1K-four-field	DRB1	complete	1	1	1	2	DRB1*09:01:02:01	DRB1*03:01:01:03	
HG00473	SH024	EAS	T1K-four-field	DQB1	complete	1	1	1	2	DQB1*02:01:01:01	DQB1*03:03:02:02	
HG00475	SH025	EAS	T1K-four-field	A	complete	1	1	1	2	A*11:01:01:01	A*33:03:01:01	
HG00475	SH025	EAS	T1K-four-field	B	complete	1	1	1	2	B*13:01:01:01	B*58:01:01:01	
HG00475	SH025	EAS	T1K-four-field	C	complete	1	1	1	2	C*03:04:01:01	C*03:02:02:01	
HG00475	SH025	EAS	T1K-four-field	DRB1	complete	1	1	1	2	DRB1*14:54:01:09	DRB1*15:01:01:03	
HG00475	SH025	EAS	T1K-four-field	DQB1	complete	1	1	1	2	DQB1*06:01:01:01	DQB1*05:03:01:04	
HG00476	SH025	EAS	T1K-four-field	A	complete	1	1	1	2	A*24:02:01:01	A*11:01:01:01	
HG00476	SH025	EAS	T1K-four-field	B	complete	1	1	1	2	B*40:01:02:01	B*40:01:02:01	
HG00476	SH025	EAS	T1K-four-field	C	complete	1	1	0	1	C*04:82:01	C*03:04:01:01	
HG00476	SH025	EAS	T1K-four-field	DRB1	complete	1	1	1	2	DRB1*09:01:02:01	DRB1*13:12:01	
HG00476	SH025	EAS	T1K-four-field	DQB1	complete	1	1	1	2	DQB1*03:03:02:02	DQB1*03:01:01:73	
HG00478	SH026	EAS	T1K-four-field	A	complete	1	1	1	2	A*11:01:01:01	A*24:02:01:01	
HG00478	SH026	EAS	T1K-four-field	B	complete	1	1	1	2	B*40:01:02:01	B*40:01:02:01	
HG00478	SH026	EAS	T1K-four-field	C	complete	1	1	1	2	C*07:02:01:01	C*07:02:01:01	
HG00478	SH026	EAS	T1K-four-field	DRB1	complete	1	1	1	2	DRB1*16:02:01:04	DRB1*09:01:02:01	
HG00478	SH026	EAS	T1K-four-field	DQB1	complete	1	1	1	2	DQB1*03:03:02:02	DQB1*05:02:01:01	
HG00479	SH026	EAS	T1K-four-field	A	complete	1	1	1	2	A*02:07:01:01	A*24:02:01:01	
HG00479	SH026	EAS	T1K-four-field	B	complete	1	1	0	1	B*55:02:01:01	B*46:01:01:01,HLA-B*46:99	
HG00479	SH026	EAS	T1K-four-field	C	complete	1	1	1	2	C*01:02:01:01	C*01:02:01:01	
HG00479	SH026	EAS	T1K-four-field	DRB1	complete	1	1	1	2	DRB1*09:01:02:01	DRB1*15:01:01:03	
HG00479	SH026	EAS	T1K-four-field	DQB1	complete	1	1	1	2	DQB1*03:03:02:02	DQB1*06:02:01:01	
HG00500	SH028	EAS	T1K-four-field	A	complete	1	1	1	2	A*11:01:01:01	A*11:01:01:01	
HG00500	SH028	EAS	T1K-four-field	B	complete	1	1	1	2	B*40:01:02:01	B*46:01:01:01	
HG00500	SH028	EAS	T1K-four-field	C	complete	1	1	1	2	C*01:02:01:01	C*07:02:01:01	
HG00500	SH028	EAS	T1K-four-field	DRB1	complete	1	1	1	2	DRB1*09:01:02:01	DRB1*11:01:01:03	
HG00500	SH028	EAS	T1K-four-field	DQB1	complete	1	1	1	2	DQB1*03:03:02:02	DQB1*03:01:01:73	
HG00501	SH028	EAS	T1K-four-field	A	complete	1	1	1	2	A*24:02:01:01	A*24:02:01:01	
HG00501	SH028	EAS	T1K-four-field	B	complete	1	1	0	1	B*51:08:01:01	B*46:01:01:01,HLA-B*46:01:01:02,HLA-B*46:99	
HG00501	SH028	EAS	T1K-four-field	C	complete	1	1	1	2	C*03:04:01:01	C*16:02:01:01	
HG00501	SH028	EAS	T1K-four-field	DRB1	complete	1	1	1	2	DRB1*15:01:01:03	DRB1*04:06:01	
HG00501	SH028	EAS	T1K-four-field	DQB1	complete	1	1	1	2	DQB1*03:02:01:01,HLA-DQB1*03:02:01:02	DQB1*06:01:01:01	
HG00512	SH032	EAS	T1K-four-field	A	complete	1	1	1	2	A*02:07:01:01	A*24:02:01:01	
HG00512	SH032	EAS	T1K-four-field	B	complete	1	1	1	2	B*46:01:01:01	B*46:01:01:01	
HG00512	SH032	EAS	T1K-four-field	C	complete	1	1	1	2	C*03:04:01:01	C*01:02:01:01	
HG00512	SH032	EAS	T1K-four-field	DRB1	complete	1	1	1	2	DRB1*08:03:02:01,HLA-DRB1*08:03:02:02	DRB1*15:01:01:03	
HG00512	SH032	EAS	T1K-four-field	DQB1	complete	1	1	1	2	DQB1*06:01:01:01	DQB1*06:01:01:01	
HG00513	SH032	EAS	T1K-four-field	A	complete	1	1	1	2	A*02:01:01:01	A*02:03:01:01	
HG00513	SH032	EAS	T1K-four-field	B	complete	1	1	1	2	B*55:02:01:07	B*40:01:02:01	
HG00513	SH032	EAS	T1K-four-field	C	complete	1	1	1	2	C*03:04:01:01	C*04:03:01:01	
HG00513	SH032	EAS	T1K-four-field	DRB1	complete	1	1	1	2	DRB1*08:03:02:01,HLA-DRB1*08:03:02:02	DRB1*14:05:01:03	
HG00513	SH032	EAS	T1K-four-field	DQB1	complete	1	1	1	2	DQB1*05:03:01:01	DQB1*06:01:01:01	
HG00524	SH036	EAS	T1K-four-field	A	complete	1	1	1	2	A*02:07:01:01	A*02:06:01:01	
HG00524	SH036	EAS	T1K-four-field	B	complete	1	1	1	2	B*40:06:01:01	B*46:01:01:01	
HG00524	SH036	EAS	T1K-four-field	C	complete	1	1	1	2	C*08:01:01:01	C*01:02:01:01	
HG00524	SH036	EAS	T1K-four-field	DRB1	complete	1	1	1	2	DRB1*09:01:02:01	DRB1*08:03:02:01,HLA-DRB1*08:03:02:02	
HG00524	SH036	EAS	T1K-four-field	DQB1	complete	1	1	1	2	DQB1*06:01:01:01	DQB1*03:03:02:02	
HG00525	SH036	EAS	T1K-four-field	A	complete	1	1	1	2	A*11:01:01:01	A*03:01:01:01	
HG00525	SH036	EAS	T1K-four-field	B	complete	1	1	0	1	B*07:02:01:01,HLA-B*07:02:01:20	B*35:01:01:01,HLA-B*35:01:01:17,HLA-B*35:01:01:68,HLA-B*35:370,HLA-B*35:615	
HG00525	SH036	EAS	T1K-four-field	C	complete	1	1	1	2	C*07:02:01:03	C*03:03:01:01	
HG00525	SH036	EAS	T1K-four-field	DRB1	complete	1	1	1	2	DRB1*07:01:01:01	DRB1*08:03:02:01,HLA-DRB1*08:03:02:02	
HG00525	SH036	EAS	T1K-four-field	DQB1	complete	1	1	1	2	DQB1*06:01:01:01	DQB1*03:03:02:01	
HG00530	SH038	EAS	T1K-four-field	A	complete	1	1	1	2	A*11:01:01:01	A*11:01:01:01	
HG00530	SH038	EAS	T1K-four-field	B	complete	1	1	1	2	B*39:01:01:02L	B*39:01:01:02L	
HG00530	SH038	EAS	T1K-four-field	C	complete	1	1	1	2	C*07:02:01:01	C*07:02:01:01	
HG00530	SH038	EAS	T1K-four-field	DRB1	complete	1	1	1	2	DRB1*08:03:02:02	DRB1*08:03:02:02	
HG00530	SH038	EAS	T1K-four-field	DQB1	complete	1	1	1	2	DQB1*06:01:01:01	DQB1*06:01:01:01	
HG00531	SH038	EAS	T1K-four-field	A	complete	1	1	1	2	A*24:02:01:01	A*02:07:01:01	
HG00531	SH038	EAS	T1K-four-field	B	complete	1	1	0	1	B*46:01:01:01	B*35:01:01:01,HLA-B*35:01:01:17,HLA-B*35:370,HLA-B*35:615	
HG00531	SH038	EAS	T1K-four-field	C	complete	1	1	1	2	C*03:03:01:01	C*01:03:01	
HG00531	SH038	EAS	T1K-four-field	DRB1	complete	1	1	1	2	DRB1*15:01:01:03	DRB1*12:02:01:04	
HG00531	SH038	EAS	T1K-four-field	DQB1	complete	1	1	1	2	DQB1*03:01:01:07	DQB1*06:02:01:01	
HG00533	SH039	EAS	T1K-four-field	A	complete	1	1	1	2	A*02:07:01:01	A*31:01:02:01	
HG00533	SH039	EAS	T1K-four-field	B	complete	1	1	1	2	B*48:01:01:01	B*39:01:01:02L	
HG00533	SH039	EAS	T1K-four-field	C	complete	1	1	1	2	C*07:02:01:01	C*08:03:01:01	
HG00533	SH039	EAS	T1K-four-field	DRB1	complete	1	1	1	2	DRB1*08:03:02:01,HLA-DRB1*08:03:02:02	DRB1*15:01:01:03	
HG00533	SH039	EAS	T1K-four-field	DQB1	complete	1	1	1	2	DQB1*06:02:01:01	DQB1*06:01:01:01	
HG00534	SH039	EAS	T1K-four-field	A	complete	1	1	1	2	A*11:01:01:01	A*02:07:01:01	
HG00534	SH039	EAS	T1K-four-field	B	complete	1	1	1	2	B*57:01:01:01	B*46:01:01:01	
HG00534	SH039	EAS	T1K-four-field	C	complete	1	1	1	2	C*01:02:01:01	C*06:02:01:01,HLA-C*06:02:01:10	
HG00534	SH039	EAS	T1K-four-field	DRB1	complete	1	1	1	2	DRB1*09:01:02:01	DRB1*07:01:01:01	
HG00534	SH039	EAS	T1K-four-field	DQB1	complete	1	1	1	2	DQB1*03:03:02:01	DQB1*03:03:02:02	
HG00536	SH040	EAS	T1K-four-field	A	complete	1	1	1	2	A*33:03:01:01	A*02:07:01:01	
HG00536	SH040	EAS	T1K-four-field	B	complete	1	1	1	2	B*15:02:01:01	B*46:01:01:01	
HG00536	SH040	EAS	T1K-four-field	C	complete	1	1	1	2	C*01:02:01:01	C*08:01:01:01	
HG00536	SH040	EAS	T1K-four-field	DRB1	complete	1	1	1	2	DRB1*09:01:02:01	DRB1*12:02:01:03,HLA-DRB1*12:02:01:05,HLA-DRB1*12:02:01:06,HLA-DRB1*12:02:01:08,HLA-DRB1*12:02:01:10,HLA-DRB1*12:02:01:11	
HG00536	SH040	EAS	T1K-four-field	DQB1	complete	1	1	1	2	DQB1*03:03:02:02	DQB1*03:01:01:07	
HG00537	SH040	EAS	T1K-four-field	A	complete	1	1	1	2	A*11:02:01:01	A*02:01:01:01,HLA-A*02:01:01:214,HLA-A*02:01:01:221,HLA-A*02:01:01:269	
HG00537	SH040	EAS	T1K-four-field	B	complete	1	1	1	2	B*46:01:01:01	B*46:01:01:01	
HG00537	SH040	EAS	T1K-four-field	C	complete	1	1	1	2	C*01:02:01:01	C*01:02:01:01	
HG00537	SH040	EAS	T1K-four-field	DRB1	complete	1	1	1	2	DRB1*09:01:02:01	DRB1*04:05:01:01,HLA-DRB1*04:05:01:02,HLA-DRB1*04:05:01:05,HLA-DRB1*04:05:01:07,HLA-DRB1*04:05:01:09	
HG00537	SH040	EAS	T1K-four-field	DQB1	complete	1	1	1	2	DQB1*03:03:02:02	DQB1*04:01:01:02	
HG00551	PR01	AMR	T1K-four-field	A	complete	1	1	1	2	A*29:02:01:01	A*02:05:01:01	
HG00551	PR01	AMR	T1K-four-field	B	complete	1	1	1	2	B*50:01:01:01	B*44:03:01:01	
HG00551	PR01	AMR	T1K-four-field	C	complete	1	1	1	2	C*16:01:01:01	C*06:02:01:02	
HG00551	PR01	AMR	T1K-four-field	DRB1	complete	1	1	1	2	DRB1*16:01:01:01,HLA-DRB1*16:01:01:02	DRB1*13:02:01:11	
HG00551	PR01	AMR	T1K-four-field	DQB1	complete	1	1	1	2	DQB1*05:02:01:01	DQB1*06:04:01:01	
HG00553	PR02	AMR	T1K-four-field	A	complete	1	1	1	2	A*30:04:01:01	A*02:01:01:01	
HG00553	PR02	AMR	T1K-four-field	B	complete	1	1	0	1	B*44:03:02:01	B*58:01:01:01,HLA-B*58:01:01:06,HLA-B*58:01:01:15,HLA-B*58:117	
HG00553	PR02	AMR	T1K-four-field	C	complete	1	1	1	2	C*07:06:01:01	C*07:18:01:01	
HG00553	PR02	AMR	T1K-four-field	DRB1	complete	1	1	1	2	DRB1*07:01:01:01	DRB1*01:02:01:02	
HG00553	PR02	AMR	T1K-four-field	DQB1	complete	1	1	1	2	DQB1*05:01:01:01	DQB1*02:02:01:01	
HG00554	PR02	AMR	T1K-four-field	A	complete	1	1	1	2	A*30:02:01:01	A*02:01:01:01	
HG00554	PR02	AMR	T1K-four-field	B	complete	1	1	0	1	B*39:01:01:02L,HLA-B*39:01:01:06	B*35:01:01:01,HLA-B*35:01:01:17,HLA-B*35:370,HLA-B*35:615	
HG00554	PR02	AMR	T1K-four-field	C	complete	1	1	1	2	C*04:01:01:01,HLA-C*04:01:01:32,HLA-C*04:01:01:129,HLA-C*04:01:01:152	C*12:03:01:01	
HG00554	PR02	AMR	T1K-four-field	DRB1	complete	1	1	1	2	DRB1*13:02:01:03	DRB1*13:01:01:20	
HG00554	PR02	AMR	T1K-four-field	DQB1	complete	1	1	1	2	DQB1*06:03:01:01	DQB1*06:09:01:01	
HG00559	SH046	EAS	T1K-four-field	A	complete	1	1	1	2	A*33:03:01:01	A*24:02:01:01	
HG00559	SH046	EAS	T1K-four-field	B	complete	1	1	1	2	B*58:01:01:01	B*55:02:01:01	
HG00559	SH046	EAS	T1K-four-field	C	complete	1	1	1	2	C*03:02:02:01	C*01:02:01:01	
HG00559	SH046	EAS	T1K-four-field	DRB1	complete	1	1	1	2	DRB1*03:01:01:03	DRB1*09:01:02:01	
HG00559	SH046	EAS	T1K-four-field	DQB1	complete	1	1	1	2	DQB1*03:03:02:02	DQB1*02:01:01:01	
HG00560	SH046	EAS	T1K-four-field	A	complete	1	1	1	2	A*24:02:01:01	A*02:03:01:01	
HG00560	SH046	EAS	T1K-four-field	B	complete	1	1	1	2	B*39:01:01:02L	B*15:02:01:01	
HG00560	SH046	EAS	T1K-four-field	C	complete	1	1	1	2	C*08:01:01:01	C*07:02:01:01	
HG00560	SH046	EAS	T1K-four-field	DRB1	complete	1	1	1	2	DRB1*08:03:02:01,HLA-DRB1*08:03:02:02	DRB1*15:01:01:03	
HG00560	SH046	EAS	T1K-four-field	DQB1	complete	1	1	1	2	DQB1*06:01:01:01	DQB1*06:02:01:01	
HG00565	SH048	EAS	T1K-four-field	A	complete	1	1	1	2	A*33:03:01:01	A*02:03:01:01	
HG00565	SH048	EAS	T1K-four-field	B	complete	1	1	1	2	B*40:01:02:01,HLA-B*40:01:02:62	B*40:01:02:01,HLA-B*40:01:02:62	
HG00565	SH048	EAS	T1K-four-field	C	complete	1	1	1	2	C*03:04:01:01	C*07:02:01:01	
HG00565	SH048	EAS	T1K-four-field	DRB1	complete	1	1	1	2	DRB1*16:02:01:04	DRB1*16:02:01:06	
HG00565	SH048	EAS	T1K-four-field	DQB1	complete	1	1	1	2	DQB1*05:02:01:01	DQB1*05:02:01:01	
HG00566	SH048	EAS	T1K-four-field	A	complete	1	1	1	2	A*02:07:01:01	A*24:02:01:01	
HG00566	SH048	EAS	T1K-four-field	B	complete	1	1	0	1	B*46:01:01:01	B*58:01:01:01,HLA-B*58:117	
HG00566	SH048	EAS	T1K-four-field	C	complete	1	1	1	2	C*03:02:02:01	C*01:02:01:23	
HG00566	SH048	EAS	T1K-four-field	DRB1	complete	1	1	1	2	DRB1*09:01:02:01	DRB1*03:01:01:03	
HG00566	SH048	EAS	T1K-four-field	DQB1	complete	1	1	1	2	DQB1*03:03:02:02	DQB1*02:01:01:01	
HG00577	SH052	EAS	T1K-four-field	A	complete	1	1	1	2	A*11:02:01:01	A*02:03:01:01	
HG00577	SH052	EAS	T1K-four-field	B	complete	1	1	1	2	B*07:02:01:01	B*40:01:02:01,HLA-B*40:01:02:62	
HG00577	SH052	EAS	T1K-four-field	C	complete	1	1	1	2	C*07:02:01:03	C*07:02:01:01	
HG00577	SH052	EAS	T1K-four-field	DRB1	complete	1	1	1	2	DRB1*01:01:01:01	DRB1*15:01:01:03	
HG00577	SH052	EAS	T1K-four-field	DQB1	complete	1	1	1	2	DQB1*05:01:01:01	DQB1*06:02:01:01	
HG00578	SH052	EAS	T1K-four-field	A	complete	1	1	1	2	A*11:01:01:01	A*33:03:01:01	
HG00578	SH052	EAS	T1K-four-field	B	complete	1	1	1	2	B*40:01:02:01,HLA-B*40:01:02:65	B*51:02:01:01	
HG00578	SH052	EAS	T1K-four-field	C	complete	1	1	1	2	C*07:02:01:01	C*15:02:01:01,HLA-C*15:02:01:38	
HG00578	SH052	EAS	T1K-four-field	DRB1	complete	1	1	1	2	DRB1*09:01:02:01	DRB1*12:01:01:06	
HG00578	SH052	EAS	T1K-four-field	DQB1	complete	1	1	1	2	DQB1*03:03:02:02	DQB1*03:01:01:73	
HG00580	SH053	EAS	T1K-four-field	A	complete	1	1	1	2	A*03:01:01:01	A*30:01:01:01	
HG00580	SH053	EAS	T1K-four-field	B	complete	1	1	1	2	B*13:02:01:01	B*51:01:01:01	
HG00580	SH053	EAS	T1K-four-field	C	complete	1	1	1	2	C*06:02:01:01	C*04:01:01:01,HLA-C*04:01:01:32,HLA-C*04:01:01:129	
HG00580	SH053	EAS	T1K-four-field	DRB1	complete	1	1	1	2	DRB1*07:01:01:01	DRB1*08:03:02:01,HLA-DRB1*08:03:02:02	
HG00580	SH053	EAS	T1K-four-field	DQB1	complete	1	1	1	2	DQB1*02:02:01:01	DQB1*06:01:01:01	
HG00581	SH053	EAS	T1K-four-field	A	complete	1	1	1	2	A*33:03:01:01	A*02:01:01:01	
HG00581	SH053	EAS	T1K-four-field	B	complete	1	1	1	2	B*40:01:02:01	B*15:11:01:01	
HG00581	SH053	EAS	T1K-four-field	C	complete	1	1	1	2	C*07:02:01:01	C*03:03:01:01	
HG00581	SH053	EAS	T1K-four-field	DRB1	complete	1	1	1	2	DRB1*12:01:01:01,HLA-DRB1*12:01:01:05,HLA-DRB1*12:01:01:06	DRB1*15:01:01:03	
HG00581	SH053	EAS	T1K-four-field	DQB1	complete	1	1	1	2	DQB1*06:02:01:01	DQB1*03:01:01:01	
HG00583	SH054	EAS	T1K-four-field	A	complete	1	1	1	2	A*03:01:01:01	A*24:02:01:01	
HG00583	SH054	EAS	T1K-four-field	B	complete	1	1	1	2	B*55:02:01:01	B*40:01:02:01,HLA-B*40:01:02:62	
HG00583	SH054	EAS	T1K-four-field	C	complete	1	1	1	2	C*01:02:01:01	C*03:04:01:01	
HG00583	SH054	EAS	T1K-four-field	DRB1	complete	1	1	1	2	DRB1*11:01:01:04	DRB1*04:05:01:01,HLA-DRB1*04:05:01:02,HLA-DRB1*04:05:01:03,HLA-DRB1*04:05:01:05,HLA-DRB1*04:05:01:07,HLA-DRB1*04:05:01:09	
HG00583	SH054	EAS	T1K-four-field	DQB1	complete	1	1	1	2	DQB1*03:02:01:01	DQB1*03:01:01:01	
HG00584	SH054	EAS	T1K-four-field	A	complete	1	1	1	2	A*24:02:01:01	A*11:02:01:01	
HG00584	SH054	EAS	T1K-four-field	B	complete	1	1	1	2	B*40:01:02:01	B*40:01:02:01	
HG00584	SH054	EAS	T1K-four-field	C	complete	1	1	1	2	C*07:02:01:01	C*03:04:01:01	
HG00584	SH054	EAS	T1K-four-field	DRB1	complete	1	1	1	2	DRB1*15:01:01:03	DRB1*11:01:01:03	
HG00584	SH054	EAS	T1K-four-field	DQB1	complete	1	1	1	2	DQB1*06:02:01:01	DQB1*03:01:01:73	
HG00589	SH056	EAS	T1K-four-field	A	complete	1	1	1	2	A*02:01:01:01	A*02:01:01:01	
HG00589	SH056	EAS	T1K-four-field	B	complete	1	1	1	2	B*13:01:01:01	B*51:01:01:01	
HG00589	SH056	EAS	T1K-four-field	C	complete	1	1	1	2	C*14:02:01:01	C*03:04:01:01	
HG00589	SH056	EAS	T1K-four-field	DRB1	complete	1	1	1	2	DRB1*15:01:01:03	DRB1*11:01:01:03	
HG00589	SH056	EAS	T1K-four-field	DQB1	complete	1	1	1	2	DQB1*06:01:01:01	DQB1*03:01:01:01	
HG00590	SH056	EAS	T1K-four-field	A	complete	1	1	1	2	A*11:01:01:07	A*02:06:01:01	
HG00590	SH056	EAS	T1K-four-field	B	complete	1	1	1	2	B*15:25:01:01	B*35:01:01:01	
HG00590	SH056	EAS	T1K-four-field	C	complete	1	1	1	2	C*03:03:01:01	C*04:03:01:01	
HG00590	SH056	EAS	T1K-four-field	DRB1	complete	1	1	1	2	DRB1*11:01:01:03	DRB1*15:01:01:01,HLA-DRB1*15:01:01:02,HLA-DRB1*15:01:01:03,HLA-DRB1*15:01:01:05,HLA-DRB1*15:01:01:15	
HG00590	SH056	EAS	T1K-four-field	DQB1	complete	1	1	1	2	DQB1*05:02:01:01	DQB1*03:01:01:01	
HG00592	SH057	EAS	T1K-four-field	A	complete	1	1	1	2	A*02:06:01:01	A*26:01:01:01	
HG00592	SH057	EAS	T1K-four-field	B	complete	1	1	1	2	B*08:01:01:01	B*51:01:01:01	
HG00592	SH057	EAS	T1K-four-field	C	complete	1	1	1	2	C*07:02:01:01	C*14:02:01:01	
HG00592	SH057	EAS	T1K-four-field	DRB1	complete	1	1	1	2	DRB1*03:01:01:03	DRB1*07:01:01:01	
HG00592	SH057	EAS	T1K-four-field	DQB1	complete	1	1	1	2	DQB1*02:02:01:01	DQB1*02:01:01:01	
HG00593	SH057	EAS	T1K-four-field	A	complete	1	1	1	2	A*24:02:01:01	A*24:02:01:01	
HG00593	SH057	EAS	T1K-four-field	B	complete	1	1	1	2	B*27:04:01:01	B*35:01:01:01	
HG00593	SH057	EAS	T1K-four-field	C	complete	1	1	1	2	C*03:03:01:01	C*12:02:02:01	
HG00593	SH057	EAS	T1K-four-field	DRB1	complete	1	1	1	2	DRB1*15:01:01:03	DRB1*04:03:01:02,HLA-DRB1*04:03:01:03	
HG00593	SH057	EAS	T1K-four-field	DQB1	complete	1	1	1	2	DQB1*03:02:01:01	DQB1*06:02:01:01	
HG00610	SH063	EAS	T1K-four-field	A	complete	1	1	1	2	A*02:06:01:01	A*02:10	
HG00610	SH063	EAS	T1K-four-field	B	complete	1	1	1	2	B*40:06:01:01	B*51:01:01:01,HLA-B*51:01:01:31	
HG00610	SH063	EAS	T1K-four-field	C	complete	1	1	1	2	C*14:02:01:01	C*08:01:01:01	
HG00610	SH063	EAS	T1K-four-field	DRB1	complete	1	1	1	2	DRB1*12:01:01:08	DRB1*12:01:01:08	
HG00610	SH063	EAS	T1K-four-field	DQB1	complete	1	1	1	2	DQB1*03:01:01:01	DQB1*03:01:01:73	
HG00611	SH063	EAS	T1K-four-field	A	complete	1	1	1	2	A*02:07:01:01	A*02:07:01:01	
HG00611	SH063	EAS	T1K-four-field	B	complete	1	1	1	2	B*46:01:01:01	B*46:01:01:01	
HG00611	SH063	EAS	T1K-four-field	C	complete	1	1	1	2	C*01:02:01:01	C*01:02:01:01	
HG00611	SH063	EAS	T1K-four-field	DRB1	complete	1	1	1	2	DRB1*11:01:01:03	DRB1*04:05:01:01,HLA-DRB1*04:05:01:02,HLA-DRB1*04:05:01:03,HLA-DRB1*04:05:01:05,HLA-DRB1*04:05:01:07	
HG00611	SH063	EAS	T1K-four-field	DQB1	complete	1	1	1	2	DQB1*04:01:01:02	DQB1*03:01:01:01	
HG00613	SH064	EAS	T1K-four-field	A	complete	1	1	1	2	A*24:02:01:01	A*02:03:01:01	
HG00613	SH064	EAS	T1K-four-field	B	complete	1	1	1	2	B*40:01:02:01	B*46:01:01:01	
HG00613	SH064	EAS	T1K-four-field	C	complete	1	1	1	2	C*03:04:01:01	C*01:02:01:01	
HG00613	SH064	EAS	T1K-four-field	DRB1	complete	1	1	1	2	DRB1*09:01:02:01	DRB1*09:01:02:01	
HG00613	SH064	EAS	T1K-four-field	DQB1	complete	1	1	1	2	DQB1*03:03:02:02	DQB1*03:03:02:02	
HG00614	SH064	EAS	T1K-four-field	A	complete	1	1	1	2	A*11:01:01:01	A*02:01:01:01	
HG00614	SH064	EAS	T1K-four-field	B	complete	1	1	1	2	B*55:02:01:07	B*13:01:01:01	
HG00614	SH064	EAS	T1K-four-field	C	complete	1	1	1	2	C*03:04:01:01	C*01:02:01:01	
HG00614	SH064	EAS	T1K-four-field	DRB1	complete	1	1	1	2	DRB1*04:05:01:05	DRB1*12:02:01:11	
HG00614	SH064	EAS	T1K-four-field	DQB1	complete	1	1	1	2	DQB1*04:01:01:02	DQB1*03:01:01:07	
HG00625	SH068	EAS	T1K-four-field	A	complete	1	1	1	2	A*11:02:01:01	A*11:02:01:01	
HG00625	SH068	EAS	T1K-four-field	B	complete	1	1	1	2	B*35:01:01:01	B*15:01:01:01	
HG00625	SH068	EAS	T1K-four-field	C	complete	1	1	1	2	C*04:01:01:01,HLA-C*04:01:01:32,HLA-C*04:01:01:129,HLA-C*04:01:01:173	C*15:02:01:01	
HG00625	SH068	EAS	T1K-four-field	DRB1	complete	1	1	1	2	DRB1*15:01:01:03	DRB1*04:06:01	
HG00625	SH068	EAS	T1K-four-field	DQB1	complete	1	1	1	2	DQB1*03:02:01:01	DQB1*06:02:01:01	
HG00626	SH068	EAS	T1K-four-field	A	complete	1	1	1	2	A*11:01:01:01	A*02:01:01:01	
HG00626	SH068	EAS	T1K-four-field	B	complete	1	1	1	2	B*15:27:01:01	B*40:01:02:01,HLA-B*40:01:02:62	
HG00626	SH068	EAS	T1K-four-field	C	complete	1	1	1	2	C*07:02:01:01	C*04:01:01:01,HLA-C*04:01:01:32,HLA-C*04:01:01:129,HLA-C*04:01:01:173	
HG00626	SH068	EAS	T1K-four-field	DRB1	complete	1	1	1	2	DRB1*15:01:01:03	DRB1*04:06:01	
HG00626	SH068	EAS	T1K-four-field	DQB1	complete	1	1	1	2	DQB1*06:02:01:01	DQB1*03:02:01:01	
HG00628	SH069	EAS	T1K-four-field	A	complete	1	1	1	2	A*02:01:01:01	A*24:02:01:01	
HG00628	SH069	EAS	T1K-four-field	B	complete	1	1	1	2	B*38:02:01:01	B*13:01:01:01	
HG00628	SH069	EAS	T1K-four-field	C	complete	1	1	1	2	C*03:04:01:01	C*07:02:01:01	
HG00628	SH069	EAS	T1K-four-field	DRB1	complete	1	1	1	2	DRB1*07:01:01:01	DRB1*15:01:01:03	
HG00628	SH069	EAS	T1K-four-field	DQB1	complete	1	1	1	2	DQB1*06:01:01:01	DQB1*02:02:01:01	
HG00629	SH069	EAS	T1K-four-field	A	complete	1	1	1	2	A*11:01:01:01	A*11:01:01:01	
HG00629	SH069	EAS	T1K-four-field	B	complete	1	1	1	2	B*40:02:01:01	B*35:01:01:01	
HG00629	SH069	EAS	T1K-four-field	C	complete	1	1	1	2	C*03:03:01:01	C*07:02:01:01	
HG00629	SH069	EAS	T1K-four-field	DRB1	complete	1	1	1	2	DRB1*08:03:02:01,HLA-DRB1*08:03:02:02	DRB1*12:02:01:03,HLA-DRB1*12:02:01:11	
HG00629	SH069	EAS	T1K-four-field	DQB1	complete	1	1	1	2	DQB1*06:01:01:01	DQB1*03:01:01:07	
HG00634	SH071	EAS	T1K-four-field	A	complete	1	1	1	2	A*11:01:01:01	A*24:02:01:01	
HG00634	SH071	EAS	T1K-four-field	B	complete	1	1	1	2	B*39:01:01:02L	B*39:01:01:02L	
HG00634	SH071	EAS	T1K-four-field	C	complete	1	1	1	2	C*07:02:01:01	C*07:02:01:01	
HG00634	SH071	EAS	T1K-four-field	DRB1	complete	1	1	1	2	DRB1*09:01:02:01	DRB1*08:03:02:01,HLA-DRB1*08:03:02:02	
HG00634	SH071	EAS	T1K-four-field	DQB1	complete	1	1	1	2	DQB1*03:03:02:02	DQB1*06:01:01:01	
HG00635	SH071	EAS	T1K-four-field	A	complete	1	1	1	2	A*33:03:01:01	A*02:01:01:01,HLA-A*02:01:01:27,HLA-A*02:01:01:75	
HG00635	SH071	EAS	T1K-four-field	B	complete	1	1	1	2	B*40:01:02:01,HLA-B*40:01:02:62,HLA-B*40:01:71	B*15:11:01:01	
HG00635	SH071	EAS	T1K-four-field	C	complete	1	1	1	2	C*07:02:01:01	C*03:03:01:01	
HG00635	SH071	EAS	T1K-four-field	DRB1	complete	1	1	1	2	DRB1*15:01:01:03	DRB1*12:01:01:06	
HG00635	SH071	EAS	T1K-four-field	DQB1	complete	1	1	1	2	DQB1*06:02:01:01	DQB1*03:01:01:01	
HG00650	SH072	EAS	T1K-four-field	A	complete	1	1	1	2	A*11:01:01:01	A*02:03:01:01	
HG00650	SH072	EAS	T1K-four-field	B	complete	1	1	1	2	B*58:01:01:01,HLA-B*58:01:01:17	B*46:01:01:01	
HG00650	SH072	EAS	T1K-four-field	C	complete	1	1	1	2	C*03:02:02:01	C*01:02:01:01	
HG00650	SH072	EAS	T1K-four-field	DRB1	complete	1	1	1	2	DRB1*12:02:01:03,HLA-DRB1*12:02:01:05,HLA-DRB1*12:02:01:06,HLA-DRB1*12:02:01:11	DRB1*11:01:01:03	
HG00650	SH072	EAS	T1K-four-field	DQB1	complete	1	1	1	2	DQB1*03:01:01:07	DQB1*03:01:01:73	
HG00651	SH072	EAS	T1K-four-field	A	complete	1	1	1	2	A*02:01:01:01	A*11:01:01:01	
HG00651	SH072	EAS	T1K-four-field	B	complete	1	1	1	2	B*46:01:01:01	B*13:01:01:01	
HG00651	SH072	EAS	T1K-four-field	C	complete	1	1	1	2	C*03:04:01:01	C*01:02:01:01	
HG00651	SH072	EAS	T1K-four-field	DRB1	complete	1	1	1	2	DRB1*08:03:02:01,HLA-DRB1*08:03:02:02	DRB1*04:04:01:05,HLA-DRB1*04:04:01:14	
HG00651	SH072	EAS	T1K-four-field	DQB1	complete	1	1	1	2	DQB1*03:02:01:01	DQB1*06:01:01:01	
HG00653	SH073	EAS	T1K-four-field	A	complete	1	1	1	2	A*33:03:01:01	A*02:07:01:01	
HG00653	SH073	EAS	T1K-four-field	B	complete	1	1	1	2	B*58:01:01:01	B*51:01:01:01	
HG00653	SH073	EAS	T1K-four-field	C	complete	1	1	1	2	C*03:02:02:01	C*15:02:01:01	
HG00653	SH073	EAS	T1K-four-field	DRB1	complete	1	1	1	2	DRB1*08:03:02:01,HLA-DRB1*08:03:02:02	DRB1*03:01:01:03	
HG00653	SH073	EAS	T1K-four-field	DQB1	complete	1	1	1	2	DQB1*02:01:01:01	DQB1*06:01:01:01	
HG00654	SH073	EAS	T1K-four-field	A	complete	1	1	1	2	A*11:01:01:01	A*24:04	
HG00654	SH073	EAS	T1K-four-field	B	complete	1	1	1	2	B*40:01:02:01	B*40:01:02:01	
HG00654	SH073	EAS	T1K-four-field	C	complete	1	1	1	2	C*07:02:01:01	C*03:04:01:01	
HG00654	SH073	EAS	T1K-four-field	DRB1	complete	1	1	1	2	DRB1*08:03:02:01,HLA-DRB1*08:03:02:02	DRB1*15:01:01:03	
HG00654	SH073	EAS	T1K-four-field	DQB1	complete	1	1	1	2	DQB1*06:01:01:01	DQB1*06:02:01:01	
HG00662	SH076	EAS	T1K-four-field	A	complete	1	1	1	2	A*02:06:01:01	A*02:07:01:01	
HG00662	SH076	EAS	T1K-four-field	B	complete	1	1	1	2	B*40:01:02:01	B*46:01:01:01	
HG00662	SH076	EAS	T1K-four-field	C	complete	1	1	1	2	C*03:03:01:01	C*03:04:01:01	
HG00662	SH076	EAS	T1K-four-field	DRB1	complete	1	1	1	2	DRB1*09:01:02:01	DRB1*15:01:01:03	
HG00662	SH076	EAS	T1K-four-field	DQB1	complete	1	1	1	2	DQB1*03:03:02:02	DQB1*06:02:01:01	
HG00663	SH076	EAS	T1K-four-field	A	complete	1	1	1	2	A*24:02:01:01	A*74:02:01:02	
HG00663	SH076	EAS	T1K-four-field	B	complete	1	1	1	2	B*40:01:02:01,HLA-B*40:01:02:62	B*51:01:02:01	
HG00663	SH076	EAS	T1K-four-field	C	complete	1	1	1	2	C*12:03:01:01,HLA-C*12:03:01:33	C*14:02:01:01	
HG00663	SH076	EAS	T1K-four-field	DRB1	complete	1	1	1	2	DRB1*15:01:01:03	DRB1*04:05:01:03	
HG00663	SH076	EAS	T1K-four-field	DQB1	complete	1	1	1	2	DQB1*05:02:01:01	DQB1*04:01:01:02	
HG00683	SH083	EAS	T1K-four-field	A	complete	1	1	1	2	A*11:02:01:01	A*02:07:01:01	
HG00683	SH083	EAS	T1K-four-field	B	complete	1	1	0	1	B*46:01:01:01,HLA-B*46:01:01:02,HLA-B*46:99	B*40:01:02:01,HLA-B*40:01:02:29,HLA-B*40:01:02:63	
HG00683	SH083	EAS	T1K-four-field	C	complete	1	1	1	2	C*07:02:01:01	C*01:02:01:01	
HG00683	SH083	EAS	T1K-four-field	DRB1	complete	1	1	1	2	DRB1*09:01:02:01	DRB1*11:01:01:03	
HG00683	SH083	EAS	T1K-four-field	DQB1	complete	1	1	1	2	DQB1*03:03:02:02	DQB1*03:01:01:01	
HG00684	SH083	EAS	T1K-four-field	A	complete	1	1	1	2	A*11:01:01:01	A*02:01:01:01	
HG00684	SH083	EAS	T1K-four-field	B	complete	1	1	1	2	B*13:01:01:01	B*13:01:01:01	
HG00684	SH083	EAS	T1K-four-field	C	complete	1	1	1	2	C*03:04:01:01	C*03:04:01:01	
HG00684	SH083	EAS	T1K-four-field	DRB1	complete	1	1	1	2	DRB1*15:01:01:03	DRB1*15:01:01:26	
HG00684	SH083	EAS	T1K-four-field	DQB1	complete	1	1	1	2	DQB1*06:01:01:01	DQB1*06:01:01:01	
HG00689	SH085	EAS	T1K-four-field	A	complete	1	1	1	2	A*11:01:01:01	A*24:02:01:01	
HG00689	SH085	EAS	T1K-four-field	B	complete	1	1	1	2	B*48:01:01:01	B*40:01:02:01	
HG00689	SH085	EAS	T1K-four-field	C	complete	1	1	1	2	C*08:01:01:01	C*03:03:01:01	
HG00689	SH085	EAS	T1K-four-field	DRB1	complete	1	1	1	2	DRB1*04:05:01:01,HLA-DRB1*04:05:01:07	DRB1*09:01:02:01	
HG00689	SH085	EAS	T1K-four-field	DQB1	complete	1	1	1	2	DQB1*03:03:02:02	DQB1*04:02:01:05	
HG00690	SH085	EAS	T1K-four-field	A	complete	1	1	1	2	A*24:02:01:01	A*24:02:01:01	
HG00690	SH085	EAS	T1K-four-field	B	complete	1	1	0	1	B*40:01:02:01,HLA-B*40:01:02:62	B*39:01:01:01,HLA-B*39:01:01:02L,HLA-B*39:01:01:06,HLA-B*39:01:01:10,HLA-B*39:01:34,HLA-B*39:01:40,HLA-B*39:177,HLA-B*39:191,HLA-B*39:198,HLA-B*39:221,HLA-B*39:223	
HG00690	SH085	EAS	T1K-four-field	C	complete	1	1	1	2	C*07:02:01:01	C*03:04:01:01	
HG00690	SH085	EAS	T1K-four-field	DRB1	complete	1	1	1	2	DRB1*04:06:01	DRB1*14:54:01:01	
HG00690	SH085	EAS	T1K-four-field	DQB1	complete	1	1	1	2	DQB1*05:02:01:01	DQB1*03:02:01:01	
HG00692	SH086	EAS	T1K-four-field	A	complete	1	1	1	2	A*11:01:01:01	A*02:01:01:01	
HG00692	SH086	EAS	T1K-four-field	B	complete	1	1	1	2	B*46:01:01:01	B*15:01:01:01	
HG00692	SH086	EAS	T1K-four-field	C	complete	1	1	1	2	C*01:02:01:01	C*07:02:01:01	
HG00692	SH086	EAS	T1K-four-field	DRB1	complete	1	1	1	2	DRB1*11:01:01:03	DRB1*04:04:01:02	
HG00692	SH086	EAS	T1K-four-field	DQB1	complete	1	1	1	2	DQB1*03:02:01:01	DQB1*03:01:01:01	
HG00693	SH086	EAS	T1K-four-field	A	complete	1	1	1	2	A*02:07:01:01	A*24:02:01:01	
HG00693	SH086	EAS	T1K-four-field	B	complete	1	1	1	2	B*13:01:01:01	B*40:01:02:01	
HG00693	SH086	EAS	T1K-four-field	C	complete	1	1	1	2	C*07:02:01:01	C*03:04:01:01	
HG00693	SH086	EAS	T1K-four-field	DRB1	complete	1	1	1	2	DRB1*13:12:01	DRB1*08:03:02:01,HLA-DRB1*08:03:02:02	
HG00693	SH086	EAS	T1K-four-field	DQB1	complete	1	1	1	2	DQB1*06:01:01:01	DQB1*03:01:01:01	
HG00698	SH088	EAS	T1K-four-field	A	complete	1	1	1	2	A*02:03:01:01	A*02:03:01:01	
HG00698	SH088	EAS	T1K-four-field	B	complete	1	1	1	2	B*38:02:01:01	B*58:01:01:01,HLA-B*58:01:01:17	
HG00698	SH088	EAS	T1K-four-field	C	complete	1	1	1	2	C*03:36	C*07:02:01:01	
HG00698	SH088	EAS	T1K-four-field	DRB1	complete	1	1	1	2	DRB1*15:02:01:06	DRB1*13:01:01:01	
HG00698	SH088	EAS	T1K-four-field	DQB1	complete	1	1	1	2	DQB1*05:02:01:01	DQB1*06:03:01:01,HLA-DQB1*06:03:01:10	
HG00699	SH088	EAS	T1K-four-field	A	complete	1	1	1	2	A*33:03:01:01	A*02:01:01:01	
HG00699	SH088	EAS	T1K-four-field	B	complete	1	1	1	2	B*58:01:01:01	B*52:01:01:01	
HG00699	SH088	EAS	T1K-four-field	C	complete	1	1	1	2	C*07:02:01:01	C*03:02:02:01	
HG00699	SH088	EAS	T1K-four-field	DRB1	complete	1	1	1	2	DRB1*03:01:01:03	DRB1*12:02:01:03	
HG00699	SH088	EAS	T1K-four-field	DQB1	complete	1	1	1	2	DQB1*05:02:01:01	DQB1*02:01:01:01	
HG00701	SH089	EAS	T1K-four-field	A	complete	1	1	1	2	A*11:01:01:01	A*24:02:01:01	
HG00701	SH089	EAS	T1K-four-field	B	complete	1	1	1	2	B*15:02:01:01	B*46:01:01:01	
HG00701	SH089	EAS	T1K-four-field	C	complete	1	1	1	2	C*08:01:01:01	C*01:02:01:01	
HG00701	SH089	EAS	T1K-four-field	DRB1	complete	1	1	1	2	DRB1*15:01:01:03	DRB1*09:01:02:01	
HG00701	SH089	EAS	T1K-four-field	DQB1	complete	1	1	1	2	DQB1*03:03:02:02	DQB1*06:01:01:01	
HG00702	SH089	EAS	T1K-four-field	A	complete	1	1	1	2	A*02:07:01:01	A*11:01:01:01	
HG00702	SH089	EAS	T1K-four-field	B	complete	1	1	1	2	B*46:01:01:01	B*46:01:01:01	
HG00702	SH089	EAS	T1K-four-field	C	complete	1	1	1	2	C*01:02:01:01	C*01:02:01:01	
HG00702	SH089	EAS	T1K-four-field	DRB1	complete	1	1	1	2	DRB1*09:01:02:01	DRB1*14:54:01:01	
HG00702	SH089	EAS	T1K-four-field	DQB1	complete	1	1	1	2	DQB1*03:03:02:02	DQB1*05:02:01:01	
HG00707	SH091	EAS	T1K-four-field	A	complete	1	1	1	2	A*11:01:01:01	A*02:07:01:01	
HG00707	SH091	EAS	T1K-four-field	B	complete	1	1	1	2	B*46:01:01:01	B*40:01:02:01	
HG00707	SH091	EAS	T1K-four-field	C	complete	1	1	1	2	C*07:02:01:01	C*01:02:01:01	
HG00707	SH091	EAS	T1K-four-field	DRB1	complete	1	1	1	2	DRB1*16:02:01:04	DRB1*14:07:01	
HG00707	SH091	EAS	T1K-four-field	DQB1	complete	1	1	1	2	DQB1*05:02:01:01	DQB1*05:03:01:01	
HG00708	SH091	EAS	T1K-four-field	A	complete	1	1	1	2	A*01:01:01:01	A*02:07:01:01	
HG00708	SH091	EAS	T1K-four-field	B	complete	1	1	1	2	B*57:01:01:01	B*46:01:01:01	
HG00708	SH091	EAS	T1K-four-field	C	complete	1	1	1	2	C*01:02:01:01	C*06:02:01:01,HLA-C*06:02:01:10	
HG00708	SH091	EAS	T1K-four-field	DRB1	complete	1	1	1	2	DRB1*09:01:02:01	DRB1*07:01:01:01	
HG00708	SH091	EAS	T1K-four-field	DQB1	complete	1	1	1	2	DQB1*03:03:02:01	DQB1*03:03:02:02	
HG01048	PR08	AMR	T1K-four-field	A	complete	1	1	1	2	A*02:01:01:01	A*31:01:02:01	
HG01048	PR08	AMR	T1K-four-field	B	complete	1	1	1	2	B*44:02:01:01	B*40:01:02:01	
HG01048	PR08	AMR	T1K-four-field	C	complete	1	1	1	2	C*05:01:01:02	C*03:04:01:01	
HG01048	PR08	AMR	T1K-four-field	DRB1	complete	1	1	1	2	DRB1*04:01:01:01	DRB1*04:04:01:04,HLA-DRB1*04:04:01:15	
HG01048	PR08	AMR	T1K-four-field	DQB1	complete	1	1	0	1	DQB1*03:02:01:01	DQB1*03:42	
HG01049	PR08	AMR	T1K-four-field	A	complete	1	1	1	2	A*31:01:02:01	A*29:02:01:01	
HG01049	PR08	AMR	T1K-four-field	B	complete	1	1	1	2	B*44:03:01:01	B*51:01:01:01,HLA-B*51:01:01:23,HLA-B*51:01:64	
HG01049	PR08	AMR	T1K-four-field	C	complete	1	1	1	2	C*16:01:01:01	C*15:02:01:01	
HG01049	PR08	AMR	T1K-four-field	DRB1	complete	1	1	1	2	DRB1*07:01:01:01	DRB1*16:01:01:01,HLA-DRB1*16:01:01:02	
HG01049	PR08	AMR	T1K-four-field	DQB1	complete	1	1	1	2	DQB1*05:02:01:01	DQB1*02:02:01:01	
HG01051	PR11	AMR	T1K-four-field	A	complete	1	1	1	2	A*24:02:01:01	A*02:02:01:01	
HG01051	PR11	AMR	T1K-four-field	B	complete	1	1	1	2	B*15:16:01:02	B*35:03:01:01	
HG01051	PR11	AMR	T1K-four-field	C	complete	1	1	1	2	C*14:02:01:02	C*12:03:01:01	
HG01051	PR11	AMR	T1K-four-field	DRB1	complete	1	1	1	2	DRB1*07:01:01:01	DRB1*03:02:01:01	
HG01051	PR11	AMR	T1K-four-field	DQB1	complete	1	1	1	2	DQB1*02:02:01:01	DQB1*04:02:01:04	
HG01052	PR11	AMR	T1K-four-field	A	complete	1	1	1	2	A*01:01:01:01	A*33:03:01:01	
HG01052	PR11	AMR	T1K-four-field	B	complete	1	1	1	2	B*52:01:01:01	B*15:10:01:01	
HG01052	PR11	AMR	T1K-four-field	C	complete	1	1	1	2	C*03:04:02:01	C*12:02:02:01	
HG01052	PR11	AMR	T1K-four-field	DRB1	complete	1	1	1	2	DRB1*15:02:01:02,HLA-DRB1*15:02:01:08	DRB1*04:05:01:07	
HG01052	PR11	AMR	T1K-four-field	DQB1	complete	1	1	1	2	DQB1*03:02:01:01	DQB1*06:01:01:01	
HG01054	PR12	AMR	T1K-four-field	A	complete	1	1	1	2	A*68:02:01:01	A*01:01:01:01	
HG01054	PR12	AMR	T1K-four-field	B	complete	1	1	1	2	B*08:01:01:01	B*57:03:01:02	
HG01054	PR12	AMR	T1K-four-field	C	complete	1	1	1	2	C*07:01:02:01	C*07:01:01:01	
HG01054	PR12	AMR	T1K-four-field	DRB1	complete	1	1	1	2	DRB1*03:02:01:01	DRB1*03:01:01:01	
HG01054	PR12	AMR	T1K-four-field	DQB1	complete	1	1	1	2	DQB1*02:01:01:01	DQB1*04:02:01:04	
HG01055	PR12	AMR	T1K-four-field	A	complete	1	1	1	2	A*24:02:01:01	A*02:01:01:01	
HG01055	PR12	AMR	T1K-four-field	B	complete	1	1	1	2	B*40:04:01:01	B*35:02:01:01	
HG01055	PR12	AMR	T1K-four-field	C	complete	1	1	1	2	C*03:04:01:01	C*04:01:01:06	
HG01055	PR12	AMR	T1K-four-field	DRB1	complete	1	1	1	2	DRB1*04:11:01:02	DRB1*11:04:01:07	
HG01055	PR12	AMR	T1K-four-field	DQB1	complete	1	1	1	2	DQB1*03:02:01:01	DQB1*03:01:01:02	
HG01060	PR14	AMR	T1K-four-field	A	complete	1	1	1	2	A*03:01:01:26	A*24:02:01:01	
HG01060	PR14	AMR	T1K-four-field	B	complete	1	1	1	2	B*56:01:01:02	B*35:03:01:03	
HG01060	PR14	AMR	T1K-four-field	C	complete	1	1	1	2	C*04:01:01:01	C*01:02:01:01	
HG01060	PR14	AMR	T1K-four-field	DRB1	complete	1	1	1	2	DRB1*13:02:01:09	DRB1*01:01:01:01	
HG01060	PR14	AMR	T1K-four-field	DQB1	complete	1	1	1	2	DQB1*06:04:01:01	DQB1*05:01:01:01	
HG01061	PR14	AMR	T1K-four-field	A	complete	1	1	1	2	A*23:01:01:01	A*23:01:01:01	
HG01061	PR14	AMR	T1K-four-field	B	complete	1	1	1	2	B*44:03:01:01	B*44:03:01:01	
HG01061	PR14	AMR	T1K-four-field	C	complete	1	1	1	2	C*04:01:01:01	C*16:01:01:01	
HG01061	PR14	AMR	T1K-four-field	DRB1	complete	1	1	1	2	DRB1*07:01:01:01	DRB1*04:05:01:05,HLA-DRB1*04:05:01:09	
HG01061	PR14	AMR	T1K-four-field	DQB1	complete	1	1	1	2	DQB1*03:02:01:01	DQB1*02:02:01:01	
HG01066	PR16	AMR	T1K-four-field	A	complete	1	1	1	2	A*32:01:01:01	A*02:01:01:01	
HG01066	PR16	AMR	T1K-four-field	B	complete	1	1	1	2	B*51:01:01:01	B*18:01:01:01	
HG01066	PR16	AMR	T1K-four-field	C	complete	1	1	1	2	C*15:13:01:01	C*05:01:01:01	
HG01066	PR16	AMR	T1K-four-field	DRB1	complete	1	1	1	2	DRB1*03:01:01:02	DRB1*04:02:01	
HG01066	PR16	AMR	T1K-four-field	DQB1	complete	1	1	1	2	DQB1*03:02:01:01	DQB1*02:01:01:01	
HG01067	PR16	AMR	T1K-four-field	A	complete	1	1	1	2	A*24:02:01:04	A*30:02:01:02	
HG01067	PR16	AMR	T1K-four-field	B	complete	1	1	1	2	B*18:01:01:02	B*07:02:01:01,HLA-B*07:02:01:98	
HG01067	PR16	AMR	T1K-four-field	C	complete	1	1	1	2	C*07:02:01:01	C*12:03:01:01	
HG01067	PR16	AMR	T1K-four-field	DRB1	complete	1	1	1	2	DRB1*09:01:02:06	DRB1*11:04:01:03	
HG01067	PR16	AMR	T1K-four-field	DQB1	complete	1	1	1	2	DQB1*02:02:01:02	DQB1*03:01:01:73	
HG01075	PR01	AMR	T1K-four-field	A	complete	1	1	1	2	A*33:01:01:01	A*03:01:01:01	
HG01075	PR01	AMR	T1K-four-field	B	complete	1	1	1	2	B*14:02:01:01	B*14:02:01:01	
HG01075	PR01	AMR	T1K-four-field	C	complete	1	1	1	2	C*08:02:01:01	C*15:05:02:01	
HG01075	PR01	AMR	T1K-four-field	DRB1	complete	1	1	1	2	DRB1*01:02:01:02	DRB1*07:01:01:01	
HG01075	PR01	AMR	T1K-four-field	DQB1	complete	1	1	1	2	DQB1*05:01:01:01	DQB1*02:02:01:01	
HG01082	PR28	AMR	T1K-four-field	A	complete	1	1	1	2	A*29:02:01:01	A*31:01:02:01,HLA-A*31:01:02:09	
HG01082	PR28	AMR	T1K-four-field	B	complete	1	1	1	2	B*44:03:01:01	B*39:05:01:01	
HG01082	PR28	AMR	T1K-four-field	C	complete	1	1	1	2	C*07:02:01:01	C*16:01:01:01	
HG01082	PR28	AMR	T1K-four-field	DRB1	complete	1	1	1	2	DRB1*07:01:01:01	DRB1*04:11:01:02	
HG01082	PR28	AMR	T1K-four-field	DQB1	complete	1	1	1	2	DQB1*03:02:01:01	DQB1*02:02:01:01	
HG01083	PR28	AMR	T1K-four-field	A	complete	1	1	1	2	A*02:01:01:01	A*68:01:01:02	
HG01083	PR28	AMR	T1K-four-field	B	complete	1	1	1	2	B*51:01:01:01,HLA-B*51:01:01:23,HLA-B*51:01:01:24,HLA-B*51:01:01:80,HLA-B*51:01:01:118,HLA-B*51:01:64	B*44:02:01:01	
HG01083	PR28	AMR	T1K-four-field	C	complete	1	1	1	2	C*05:01:01:02	C*15:02:01:01	
HG01083	PR28	AMR	T1K-four-field	DRB1	complete	1	1	1	2	DRB1*04:11:01:02	DRB1*13:01:01:12,HLA-DRB1*13:01:01:20	
HG01083	PR28	AMR	T1K-four-field	DQB1	complete	1	1	1	2	DQB1*04:02:01:05	DQB1*06:03:01:01,HLA-DQB1*06:03:01:10	
HG01085	PR26	AMR	T1K-four-field	A	complete	1	1	1	2	A*24:03:02	A*30:02:01:01	
HG01085	PR26	AMR	T1K-four-field	B	complete	1	1	1	2	B*18:01:01:01	B*35:11:01	
HG01085	PR26	AMR	T1K-four-field	C	complete	1	1	1	2	C*05:01:01:01	C*03:04:01:01	
HG01085	PR26	AMR	T1K-four-field	DRB1	complete	1	1	1	2	DRB1*16:02:01:04	DRB1*03:01:01:02	
HG01085	PR26	AMR	T1K-four-field	DQB1	complete	1	1	1	2	DQB1*02:01:01:01	DQB1*03:01:01:01	
HG01086	PR26	AMR	T1K-four-field	A	complete	1	1	1	2	A*02:20:01	A*30:01:01:01	
HG01086	PR26	AMR	T1K-four-field	B	complete	1	1	1	2	B*07:02:01:01	B*42:01:01:01	
HG01086	PR26	AMR	T1K-four-field	C	complete	1	1	1	2	C*17:01:01:02	C*07:02:01:03	
HG01086	PR26	AMR	T1K-four-field	DRB1	complete	1	1	1	2	DRB1*15:03:01:02	DRB1*03:02:01:01	
HG01086	PR26	AMR	T1K-four-field	DQB1	complete	1	1	1	2	DQB1*04:02:01:04	DQB1*06:02:01:01	
HG01094	PR29	AMR	T1K-four-field	A	complete	1	1	1	2	A*68:01:02:01	A*24:02:01:01	
HG01094	PR29	AMR	T1K-four-field	B	complete	1	1	1	2	B*44:02:01:03	B*52:01:02:01	
HG01094	PR29	AMR	T1K-four-field	C	complete	1	1	1	2	C*03:04:01:01	C*04:01:01:06	
HG01094	PR29	AMR	T1K-four-field	DRB1	complete	1	1	1	2	DRB1*08:02:01:01	DRB1*11:01:01:10	
HG01094	PR29	AMR	T1K-four-field	DQB1	complete	1	1	1	2	DQB1*04:02:01:04	DQB1*03:01:01:01	
HG01095	PR29	AMR	T1K-four-field	A	complete	1	1	1	2	A*33:01:01:01	A*24:02:01:01	
HG01095	PR29	AMR	T1K-four-field	B	complete	1	1	1	2	B*35:11:01	B*14:02:01:01,HLA-B*14:02:01:02	
HG01095	PR29	AMR	T1K-four-field	C	complete	1	1	1	2	C*03:04:01:01	C*08:02:01:01	
HG01095	PR29	AMR	T1K-four-field	DRB1	complete	1	1	1	2	DRB1*14:02:01:01	DRB1*03:01:01:02	
HG01095	PR29	AMR	T1K-four-field	DQB1	complete	1	1	1	2	DQB1*02:01:01:01	DQB1*03:01:01:01	
HG01101	PR19	AMR	T1K-four-field	A	complete	1	1	1	2	A*24:02:01:01	A*02:01:01:01,HLA-A*02:01:01:18,HLA-A*02:01:01:107,HLA-A*02:01:01:118,HLA-A*02:01:01:233	
HG01101	PR19	AMR	T1K-four-field	B	complete	1	1	0	1	B*08:01:01:01	B*35:01:01:01,HLA-B*35:01:01:17,HLA-B*35:370,HLA-B*35:615	
HG01101	PR19	AMR	T1K-four-field	C	complete	1	1	1	2	C*16:01:01:01	C*07:01:01:01	
HG01101	PR19	AMR	T1K-four-field	DRB1	complete	1	1	1	2	DRB1*01:02:01:01	DRB1*03:01:01:01	
HG01101	PR19	AMR	T1K-four-field	DQB1	complete	1	1	1	2	DQB1*05:01:01:01	DQB1*02:01:01:01	
HG01102	PR19	AMR	T1K-four-field	A	complete	1	1	1	2	A*31:01:02:01	A*02:02:01:01	
HG01102	PR19	AMR	T1K-four-field	B	complete	1	1	1	2	B*40:01:02:01,HLA-B*40:01:02:62,HLA-B*40:01:02:63	B*15:16:01:02	
HG01102	PR19	AMR	T1K-four-field	C	complete	1	1	1	2	C*03:04:01:01	C*14:02:01:02	
HG01102	PR19	AMR	T1K-four-field	DRB1	complete	1	1	1	2	DRB1*04:04:01:02,HLA-DRB1*04:04:01:03,HLA-DRB1*04:04:01:04,HLA-DRB1*04:04:01:05,HLA-DRB1*04:04:01:06,HLA-DRB1*04:04:01:07,HLA-DRB1*04:04:01:15	DRB1*13:03:01:05	
HG01102	PR19	AMR	T1K-four-field	DQB1	complete	1	1	1	2	DQB1*03:02:01:01	DQB1*03:01:01:01	
HG01110	PR34	AMR	T1K-four-field	A	complete	1	1	1	2	A*68:01:01:02	A*29:01:01:01	
HG01110	PR34	AMR	T1K-four-field	B	complete	1	1	1	2	B*45:01:01:01	B*35:02:01:01	
HG01110	PR34	AMR	T1K-four-field	C	complete	1	1	1	2	C*04:01:01:06	C*06:02:01:03	
HG01110	PR34	AMR	T1K-four-field	DRB1	complete	1	1	1	2	DRB1*04:04:01:02,HLA-DRB1*04:04:01:04,HLA-DRB1*04:04:01:05,HLA-DRB1*04:04:01:06,HLA-DRB1*04:04:01:07,HLA-DRB1*04:04:01:14,HLA-DRB1*04:04:01:15	DRB1*13:01:01:03	
HG01110	PR34	AMR	T1K-four-field	DQB1	complete	1	1	1	2	DQB1*03:02:01:01	DQB1*06:03:01:01	
HG01111	PR34	AMR	T1K-four-field	A	complete	1	1	1	2	A*11:01:01:01	A*68:02:01:01	
HG01111	PR34	AMR	T1K-four-field	B	complete	1	1	0	1	B*14:02:01:01	B*35:01:01:01,HLA-B*35:370,HLA-B*35:615	
HG01111	PR34	AMR	T1K-four-field	C	complete	1	1	1	2	C*08:02:01:01	C*04:01:01:05	
HG01111	PR34	AMR	T1K-four-field	DRB1	complete	1	1	1	2	DRB1*01:03:01:01	DRB1*01:02:01:02	
HG01111	PR34	AMR	T1K-four-field	DQB1	complete	1	1	1	2	DQB1*05:01:01:01	DQB1*05:01:01:01	
HG01112	CLM03	AMR	T1K-four-field	A	complete	1	1	1	2	A*26:01:01:01	A*02:01:01:01	
HG01112	CLM03	AMR	T1K-four-field	B	complete	1	1	1	2	B*44:02:01:01	B*38:01:01:01	
HG01112	CLM03	AMR	T1K-four-field	C	complete	1	1	1	2	C*05:01:01:02	C*12:03:01:01	
HG01112	CLM03	AMR	T1K-four-field	DRB1	complete	1	1	1	2	DRB1*01:01:01:01	DRB1*14:01:01:01	
HG01112	CLM03	AMR	T1K-four-field	DQB1	complete	1	1	1	2	DQB1*05:03:01:01	DQB1*05:01:01:01	
HG01113	CLM03	AMR	T1K-four-field	A	complete	1	1	1	2	A*24:02:01:01	A*02:01:01:01	
HG01113	CLM03	AMR	T1K-four-field	B	complete	1	1	1	2	B*39:11	B*35:43:01:01	
HG01113	CLM03	AMR	T1K-four-field	C	complete	1	1	1	2	C*07:02:01:01	C*01:02:01:01	
HG01113	CLM03	AMR	T1K-four-field	DRB1	complete	1	1	1	2	DRB1*08:02:01:01	DRB1*04:04:01:02,HLA-DRB1*04:04:01:03,HLA-DRB1*04:04:01:04,HLA-DRB1*04:04:01:05,HLA-DRB1*04:04:01:06,HLA-DRB1*04:04:01:07,HLA-DRB1*04:04:01:14,HLA-DRB1*04:04:01:15	
HG01113	CLM03	AMR	T1K-four-field	DQB1	complete	1	1	0	1	DQB1*03:02:01:01	DQB1*04:59N	
HG01124	CLM04	AMR	T1K-four-field	A	complete	1	1	1	2	A*24:02:01:01	A*02:11:01:01	
HG01124	CLM04	AMR	T1K-four-field	B	complete	1	1	0	1	B*40:04:01:01	B*40:02:01:01	
HG01124	CLM04	AMR	T1K-four-field	C	complete	1	1	1	2	C*03:04:01:01	C*03:05:01:01	
HG01124	CLM04	AMR	T1K-four-field	DRB1	complete	1	1	1	2	DRB1*14:02:01:01	DRB1*04:07:01:01	
HG01124	CLM04	AMR	T1K-four-field	DQB1	complete	1	1	1	2	DQB1*03:02:01:01	DQB1*03:01:01:73	
HG01125	CLM04	AMR	T1K-four-field	A	complete	1	1	1	2	A*24:02:01:01	A*25:01:01:01	
HG01125	CLM04	AMR	T1K-four-field	B	complete	1	1	1	2	B*15:01:01:01,HLA-B*15:01:01:58	B*35:12:01:01	
HG01125	CLM04	AMR	T1K-four-field	C	complete	1	1	1	2	C*04:01:01:01,HLA-C*04:01:01:32,HLA-C*04:01:01:129	C*03:03:01:01	
HG01125	CLM04	AMR	T1K-four-field	DRB1	complete	1	1	1	2	DRB1*13:01:01:13	DRB1*16:02:01:04	
HG01125	CLM04	AMR	T1K-four-field	DQB1	complete	1	1	1	2	DQB1*06:03:01:01,HLA-DQB1*06:03:01:10	DQB1*03:01:01:01	
HG01133	CLM07	AMR	T1K-four-field	A	complete	1	1	1	2	A*01:01:01:01	A*03:01:01:01	
HG01133	CLM07	AMR	T1K-four-field	B	complete	1	1	1	2	B*08:01:01:01	B*35:01:01:01	
HG01133	CLM07	AMR	T1K-four-field	C	complete	1	1	1	2	C*07:01:01:01	C*04:01:01:01	
HG01133	CLM07	AMR	T1K-four-field	DRB1	complete	1	1	1	2	DRB1*01:01:01:01	DRB1*03:01:01:01	
HG01133	CLM07	AMR	T1K-four-field	DQB1	complete	1	1	1	2	DQB1*05:01:01:01	DQB1*02:01:01:01	
HG01134	CLM07	AMR	T1K-four-field	A	complete	1	1	1	2	A*01:01:01:01	A*02:22:01:01	
HG01134	CLM07	AMR	T1K-four-field	B	complete	1	1	1	2	B*39:08	B*57:01:01:01	
HG01134	CLM07	AMR	T1K-four-field	C	complete	1	1	1	2	C*07:02:01:01	C*06:02:01:01	
HG01134	CLM07	AMR	T1K-four-field	DRB1	complete	1	1	1	2	DRB1*16:02:01:04	DRB1*07:01:01:01	
HG01134	CLM07	AMR	T1K-four-field	DQB1	complete	1	1	1	2	DQB1*03:03:02:01	DQB1*03:01:01:73	
HG01136	CLM08	AMR	T1K-four-field	A	complete	1	1	1	2	A*32:01:01:01	A*11:01:01:01	
HG01136	CLM08	AMR	T1K-four-field	B	complete	1	1	1	2	B*35:01:01:01	B*53:01:01:01	
HG01136	CLM08	AMR	T1K-four-field	C	complete	1	1	1	2	C*04:01:01:05	C*04:01:01:01	
HG01136	CLM08	AMR	T1K-four-field	DRB1	complete	1	1	1	2	DRB1*13:02:01:05,HLA-DRB1*13:02:01:07	DRB1*11:02:01:01	
HG01136	CLM08	AMR	T1K-four-field	DQB1	complete	1	1	0	1	DQB1*06:04:01:01	DQB1*03:191	
HG01137	CLM08	AMR	T1K-four-field	A	complete	1	1	1	2	A*02:01:01:01	A*03:01:01:01	
HG01137	CLM08	AMR	T1K-four-field	B	complete	1	1	1	2	B*15:01:01:01	B*07:02:01:01	
HG01137	CLM08	AMR	T1K-four-field	C	complete	1	1	1	2	C*03:03:01:01	C*07:02:01:03	
HG01137	CLM08	AMR	T1K-four-field	DRB1	complete	1	1	1	2	DRB1*04:05:01:02	DRB1*15:01:01:01,HLA-DRB1*15:01:01:06,HLA-DRB1*15:01:01:25	
HG01137	CLM08	AMR	T1K-four-field	DQB1	complete	1	1	1	2	DQB1*03:02:01:01	DQB1*06:02:01:01	
HG01139	CLM09	AMR	T1K-four-field	A	complete	1	1	1	2	A*23:01:01:01	A*68:02:01:01	
HG01139	CLM09	AMR	T1K-four-field	B	complete	1	1	1	2	B*41:02:01:01	B*50:01:01:01,HLA-B*50:01:01:05	
HG01139	CLM09	AMR	T1K-four-field	C	complete	1	1	1	2	C*05:01:01:02	C*17:03:01:01	
HG01139	CLM09	AMR	T1K-four-field	DRB1	complete	1	1	1	2	DRB1*13:03:01:01	DRB1*09:01:02:06	
HG01139	CLM09	AMR	T1K-four-field	DQB1	complete	1	1	1	2	DQB1*02:02:01:02	DQB1*03:01:01:01	
HG01140	CLM09	AMR	T1K-four-field	A	complete	1	1	1	2	A*02:01:01:01	A*23:01:01:01	
HG01140	CLM09	AMR	T1K-four-field	B	complete	1	1	1	2	B*44:03:01:01	B*39:11	
HG01140	CLM09	AMR	T1K-four-field	C	complete	1	1	1	2	C*07:02:01:01	C*04:01:01:01,HLA-C*04:01:01:32,HLA-C*04:01:01:129	
HG01140	CLM09	AMR	T1K-four-field	DRB1	complete	1	1	1	2	DRB1*08:02:01:01	DRB1*07:01:01:01	
HG01140	CLM09	AMR	T1K-four-field	DQB1	complete	1	1	0	1	DQB1*04:59N	DQB1*02:02:01:01	
HG01170	PR24	AMR	T1K-four-field	A	complete	1	1	1	2	A*11:01:01:01	A*02:01:01:01	
HG01170	PR24	AMR	T1K-four-field	B	complete	1	1	1	2	B*35:01:01:01,HLA-B*35:01:01:68	B*15:01:01:01	
HG01170	PR24	AMR	T1K-four-field	C	complete	1	1	1	2	C*03:03:01:01	C*04:01:01:01	
HG01170	PR24	AMR	T1K-four-field	DRB1	complete	1	1	1	2	DRB1*13:01:01:12	DRB1*14:04:01:02	
HG01170	PR24	AMR	T1K-four-field	DQB1	complete	1	1	1	2	DQB1*05:03:01:01	DQB1*06:03:01:01,HLA-DQB1*06:03:01:09	
HG01171	PR24	AMR	T1K-four-field	A	complete	1	1	1	2	A*02:20:01	A*02:01:01:127	
HG01171	PR24	AMR	T1K-four-field	B	complete	1	1	1	2	B*07:02:01:01	B*56:01:01:02	
HG01171	PR24	AMR	T1K-four-field	C	complete	1	1	0	1	C*07:02:01:03	C*01:247	
HG01171	PR24	AMR	T1K-four-field	DRB1	complete	1	1	1	2	DRB1*03:01:01:01	DRB1*13:01:01:01,HLA-DRB1*13:01:01:03,HLA-DRB1*13:01:01:13,HLA-DRB1*13:01:01:20	
HG01171	PR24	AMR	T1K-four-field	DQB1	complete	1	1	1	2	DQB1*06:03:01:01,HLA-DQB1*06:03:01:10	DQB1*02:01:01:01	
HG01176	PR42	AMR	T1K-four-field	A	complete	1	1	1	2	A*23:01:01:01	A*29:01:01:01	
HG01176	PR42	AMR	T1K-four-field	B	complete	1	1	1	2	B*44:03:01:01	B*07:05:01:01	
HG01176	PR42	AMR	T1K-four-field	C	complete	1	1	1	2	C*15:05:02:01	C*04:01:01:01	
HG01176	PR42	AMR	T1K-four-field	DRB1	complete	1	1	1	2	DRB1*10:01:01:03	DRB1*04:05:01:07	
HG01176	PR42	AMR	T1K-four-field	DQB1	complete	1	1	1	2	DQB1*03:02:01:01	DQB1*05:01:01:01	
HG01177	PR42	AMR	T1K-four-field	A	complete	1	1	1	2	A*02:01:01:01	A*68:02:01:01	
HG01177	PR42	AMR	T1K-four-field	B	complete	1	1	1	2	B*53:01:01:01	B*51:01:01:01	
HG01177	PR42	AMR	T1K-four-field	C	complete	1	1	1	2	C*16:02:01:01	C*04:01:01:95	
HG01177	PR42	AMR	T1K-four-field	DRB1	complete	1	1	1	2	DRB1*11:02:01:04	DRB1*07:01:01:01	
HG01177	PR42	AMR	T1K-four-field	DQB1	complete	1	1	1	2	DQB1*02:02:01:01	DQB1*03:19:01:01	
HG01182	PR44	AMR	T1K-four-field	A	complete	1	1	1	2	A*02:01:01:01	A*31:01:02:01	
HG01182	PR44	AMR	T1K-four-field	B	complete	1	1	1	2	B*44:03:01:01	B*35:08:01:01	
HG01182	PR44	AMR	T1K-four-field	C	complete	1	1	1	2	C*16:01:01:01	C*04:01:01:06	
HG01182	PR44	AMR	T1K-four-field	DRB1	complete	1	1	1	2	DRB1*07:01:01:01	DRB1*04:03:01:02,HLA-DRB1*04:03:01:03	
HG01182	PR44	AMR	T1K-four-field	DQB1	complete	1	1	1	2	DQB1*02:02:01:01	DQB1*03:02:01:01	
HG01183	PR44	AMR	T1K-four-field	A	complete	1	1	1	2	A*24:02:01:01	A*33:01:01:01	
HG01183	PR44	AMR	T1K-four-field	B	complete	1	1	1	2	B*35:03:01:01	B*78:01:01:02	
HG01183	PR44	AMR	T1K-four-field	C	complete	1	1	1	2	C*12:03:01:01	C*16:01:01:01	
HG01183	PR44	AMR	T1K-four-field	DRB1	complete	1	1	1	2	DRB1*07:01:01:01	DRB1*13:01:01:10	
HG01183	PR44	AMR	T1K-four-field	DQB1	complete	1	1	1	2	DQB1*02:02:01:01	DQB1*06:04:01:01	
HG01187	PR38	AMR	T1K-four-field	A	complete	1	1	1	2	A*11:01:01:01	A*02:01:01:01	
HG01187	PR38	AMR	T1K-four-field	B	complete	1	1	1	2	B*57:01:01:01	B*44:02:01:01	
HG01187	PR38	AMR	T1K-four-field	C	complete	1	1	1	2	C*05:01:01:02	C*06:02:01:01	
HG01187	PR38	AMR	T1K-four-field	DRB1	complete	1	1	1	2	DRB1*11:01:01:03	DRB1*07:01:01:01	
HG01187	PR38	AMR	T1K-four-field	DQB1	complete	1	1	1	2	DQB1*03:03:02:01	DQB1*03:01:01:73	
HG01188	PR38	AMR	T1K-four-field	A	complete	1	1	1	2	A*24:02:01:01	A*29:02:01:01	
HG01188	PR38	AMR	T1K-four-field	B	complete	1	1	1	2	B*44:03:01:01	B*35:02:01:01	
HG01188	PR38	AMR	T1K-four-field	C	complete	1	1	1	2	C*16:01:01:01	C*04:01:01:06,HLA-C*04:01:01:61	
HG01188	PR38	AMR	T1K-four-field	DRB1	complete	1	1	1	2	DRB1*07:01:01:01	DRB1*11:04:01:07	
HG01188	PR38	AMR	T1K-four-field	DQB1	complete	1	1	1	2	DQB1*02:02:01:01	DQB1*03:01:01:02	
HG01197	PR46	AMR	T1K-four-field	A	complete	1	1	1	2	A*30:10	A*02:01:01:01	
HG01197	PR46	AMR	T1K-four-field	B	complete	1	1	1	2	B*56:01:01:02	B*07:02:01:01,HLA-B*07:02:01:79,HLA-B*07:02:01:81	
HG01197	PR46	AMR	T1K-four-field	C	complete	1	1	1	2	C*06:02:01:01	C*07:02:01:03	
HG01197	PR46	AMR	T1K-four-field	DRB1	complete	1	1	1	2	DRB1*03:02:01:01	DRB1*12:01:01:08,HLA-DRB1*12:01:01:10	
HG01197	PR46	AMR	T1K-four-field	DQB1	complete	1	1	1	2	DQB1*04:02:01:04	DQB1*03:01:01:73	
HG01198	PR46	AMR	T1K-four-field	A	complete	1	1	1	2	A*11:01:01:01	A*24:02:01:01	
HG01198	PR46	AMR	T1K-four-field	B	complete	1	1	0	1	B*44:03:01:01,HLA-B*44:03:01:14	B*40:01:02:01,HLA-B*40:01:02:07,HLA-B*40:01:02:23,HLA-B*40:01:02:24,HLA-B*40:01:02:29,HLA-B*40:01:02:49,HLA-B*40:01:02:52,HLA-B*40:01:02:62,HLA-B*40:01:02:63,HLA-B*40:01:58,HLA-B*40:01:71,HLA-B*40:01:80,HLA-B*40:379:01:01,HLA-B*40:379:01:02	
HG01198	PR46	AMR	T1K-four-field	C	complete	1	1	1	2	C*03:04:01:01	C*04:01:01:01	
HG01198	PR46	AMR	T1K-four-field	DRB1	complete	1	1	1	2	DRB1*04:05:01:07	DRB1*04:04:01:02,HLA-DRB1*04:04:01:03,HLA-DRB1*04:04:01:06	
HG01198	PR46	AMR	T1K-four-field	DQB1	complete	1	1	1	2	DQB1*03:02:01:01	DQB1*03:02:01:01	
HG01204	PR49	AMR	T1K-four-field	A	complete	1	1	1	2	A*02:01:01:01	A*29:02:01:01	
HG01204	PR49	AMR	T1K-four-field	B	complete	1	1	1	2	B*15:01:01:01	B*44:03:01:23	
HG01204	PR49	AMR	T1K-four-field	C	complete	1	1	1	2	C*03:03:01:01	C*16:01:01:01	
HG01204	PR49	AMR	T1K-four-field	DRB1	complete	1	1	1	2	DRB1*07:01:01:01	DRB1*07:01:01:01	
HG01204	PR49	AMR	T1K-four-field	DQB1	complete	1	1	1	2	DQB1*02:02:01:01	DQB1*02:02:01:01	
HG01205	PR49	AMR	T1K-four-field	A	complete	1	1	1	2	A*11:01:01:01	A*03:01:01:01	
HG01205	PR49	AMR	T1K-four-field	B	complete	1	1	1	2	B*07:02:01:01	B*35:01:01:01	
HG01205	PR49	AMR	T1K-four-field	C	complete	1	1	1	2	C*04:01:01:01,HLA-C*04:01:01:32	C*07:02:01:03	
HG01205	PR49	AMR	T1K-four-field	DRB1	complete	1	1	1	2	DRB1*13:01:01:01	DRB1*01:01:01:01	
HG01205	PR49	AMR	T1K-four-field	DQB1	complete	1	1	1	2	DQB1*05:01:01:01	DQB1*06:03:01:01	
HG01247	PR32	AMR	T1K-four-field	A	complete	1	1	1	2	A*02:01:01:01	A*01:01:01:01	
HG01247	PR32	AMR	T1K-four-field	B	complete	1	1	1	2	B*57:01:01:01	B*52:01:01:01	
HG01247	PR32	AMR	T1K-four-field	C	complete	1	1	1	2	C*12:02:02:01	C*06:02:01:01	
HG01247	PR32	AMR	T1K-four-field	DRB1	complete	1	1	1	2	DRB1*03:01:01:01,HLA-DRB1*03:01:01:02,HLA-DRB1*03:01:01:03,HLA-DRB1*03:01:01:16	DRB1*07:01:01:01	
HG01247	PR32	AMR	T1K-four-field	DQB1	complete	1	1	1	2	DQB1*02:01:01:01	DQB1*03:03:02:01	
HG01248	PR32	AMR	T1K-four-field	A	complete	1	1	1	2	A*03:01:01:01	A*02:04:01	
HG01248	PR32	AMR	T1K-four-field	B	complete	1	1	1	2	B*14:02:01:01	B*51:01:01:01	
HG01248	PR32	AMR	T1K-four-field	C	complete	1	1	1	2	C*15:02:01:01	C*08:02:01:01	
HG01248	PR32	AMR	T1K-four-field	DRB1	complete	1	1	1	2	DRB1*01:02:01:02	DRB1*04:11:01:02	
HG01248	PR32	AMR	T1K-four-field	DQB1	complete	1	1	1	2	DQB1*04:02:01:05	DQB1*05:01:01:01	
HG01271	CLM21	AMR	T1K-four-field	A	complete	1	1	1	2	A*02:01:01:01	A*01:01:01:01	
HG01271	CLM21	AMR	T1K-four-field	B	complete	1	1	1	2	B*35:43:01:01	B*41:01:01:01	
HG01271	CLM21	AMR	T1K-four-field	C	complete	1	1	1	2	C*01:02:01:01,HLA-C*01:02:01:21,HLA-C*01:02:01:55	C*17:01:01:05	
HG01271	CLM21	AMR	T1K-four-field	DRB1	complete	1	1	1	2	DRB1*08:02:01:01	DRB1*13:02:01:03	
HG01271	CLM21	AMR	T1K-four-field	DQB1	complete	1	1	1	2	DQB1*04:02:01:04	DQB1*06:09:01:01	
HG01272	CLM21	AMR	T1K-four-field	A	complete	1	1	1	2	A*03:01:01:05	A*11:01:01:01	
HG01272	CLM21	AMR	T1K-four-field	B	complete	1	1	1	2	B*35:01:01:01	B*44:03:01:01	
HG01272	CLM21	AMR	T1K-four-field	C	complete	1	1	1	2	C*04:01:01:01,HLA-C*04:01:01:32,HLA-C*04:01:01:129	C*04:01:01:01,HLA-C*04:01:01:32,HLA-C*04:01:01:129	
HG01272	CLM21	AMR	T1K-four-field	DRB1	complete	1	1	1	2	DRB1*01:01:01:01	DRB1*07:01:01:01	
HG01272	CLM21	AMR	T1K-four-field	DQB1	complete	1	1	1	2	DQB1*05:01:01:01	DQB1*02:02:01:01	
HG01274	CLM22	AMR	T1K-four-field	A	complete	1	1	1	2	A*29:01:01:01	A*02:01:01:110	
HG01274	CLM22	AMR	T1K-four-field	B	complete	1	1	1	2	B*40:02:01:01	B*39:11	
HG01274	CLM22	AMR	T1K-four-field	C	complete	1	1	1	2	C*05:01:01:02	C*07:02:01:01	
HG01274	CLM22	AMR	T1K-four-field	DRB1	complete	1	1	1	2	DRB1*04:10:01	DRB1*16:01:01:01,HLA-DRB1*16:01:01:02	
HG01274	CLM22	AMR	T1K-four-field	DQB1	complete	1	1	1	2	DQB1*05:02:01:01	DQB1*04:02:01:05	
HG01275	CLM22	AMR	T1K-four-field	A	complete	1	1	1	2	A*30:02:01:01	A*03:01:01:01	
HG01275	CLM22	AMR	T1K-four-field	B	complete	1	1	1	2	B*35:01:01:01	B*07:02:01:01,HLA-B*07:02:01:79,HLA-B*07:02:01:81,HLA-B*07:02:01:97	
HG01275	CLM22	AMR	T1K-four-field	C	complete	1	1	1	2	C*07:02:01:03	C*04:01:01:01,HLA-C*04:01:01:32,HLA-C*04:01:01:129	
HG01275	CLM22	AMR	T1K-four-field	DRB1	complete	1	1	1	2	DRB1*07:01:01:01	DRB1*15:01:01:01	
HG01275	CLM22	AMR	T1K-four-field	DQB1	complete	1	1	1	2	DQB1*02:02:01:01	DQB1*06:02:01:01	
HG01277	CLM23	AMR	T1K-four-field	A	complete	1	1	1	2	A*29:02:01:01	A*02:01:01:01	
HG01277	CLM23	AMR	T1K-four-field	B	complete	1	1	1	2	B*57:01:01:01	B*51:01:01:01	
HG01277	CLM23	AMR	T1K-four-field	C	complete	1	1	1	2	C*07:01:01:01	C*01:02:01:01,HLA-C*01:02:01:07	
HG01277	CLM23	AMR	T1K-four-field	DRB1	complete	1	1	1	2	DRB1*01:01:01:01	DRB1*01:01:01:01	
HG01277	CLM23	AMR	T1K-four-field	DQB1	complete	1	1	1	2	DQB1*05:01:01:01	DQB1*05:01:01:01	
HG01278	CLM23	AMR	T1K-four-field	A	complete	1	1	1	2	A*02:11:01:01	A*02:01:01:01	
HG01278	CLM23	AMR	T1K-four-field	B	complete	1	1	1	2	B*39:05:01:01	B*44:02:01:01	
HG01278	CLM23	AMR	T1K-four-field	C	complete	1	1	1	2	C*05:01:01:02	C*07:02:01:01	
HG01278	CLM23	AMR	T1K-four-field	DRB1	complete	1	1	1	2	DRB1*14:02:01:01	DRB1*01:01:01:01	
HG01278	CLM23	AMR	T1K-four-field	DQB1	complete	1	1	1	2	DQB1*05:01:01:01	DQB1*03:01:01:73	
HG01334	HG01334	EUR	T1K-four-field	A	complete	1	1	1	2	A*24:02:01:01	A*02:01:01:01	
HG01334	HG01334	EUR	T1K-four-field	B	complete	1	1	1	2	B*44:02:01:03	B*44:02:01:01	
HG01334	HG01334	EUR	T1K-four-field	C	complete	1	1	1	2	C*07:04:01:01	C*05:01:01:02	
HG01334	HG01334	EUR	T1K-four-field	DRB1	complete	1	1	1	2	DRB1*13:02:01:05,HLA-DRB1*13:02:01:09	DRB1*04:01:01:01,HLA-DRB1*04:01:01:03	
HG01334	HG01334	EUR	T1K-four-field	DQB1	complete	1	1	1	2	DQB1*03:01:01:01	DQB1*06:04:01:01	
HG01341	CLM26	AMR	T1K-four-field	A	complete	1	1	1	2	A*66:01:01:01	A*02:04:01	
HG01341	CLM26	AMR	T1K-four-field	B	complete	1	1	1	2	B*49:01:01:01	B*51:01:01:01	
HG01341	CLM26	AMR	T1K-four-field	C	complete	1	1	1	2	C*07:01:01:01	C*15:02:01:01	
HG01341	CLM26	AMR	T1K-four-field	DRB1	complete	1	1	1	2	DRB1*03:01:01:03	DRB1*04:11:01:02	
HG01341	CLM26	AMR	T1K-four-field	DQB1	complete	1	1	1	2	DQB1*04:02:01:05	DQB1*02:01:01:01	
HG01342	CLM26	AMR	T1K-four-field	A	complete	1	1	1	2	A*02:02:01:01	A*02:01:01:01	
HG01342	CLM26	AMR	T1K-four-field	B	complete	1	1	1	2	B*15:01:01:01	B*53:01:01:01	
HG01342	CLM26	AMR	T1K-four-field	C	complete	1	1	1	2	C*03:03:01:01	C*04:01:01:32	
HG01342	CLM26	AMR	T1K-four-field	DRB1	complete	1	1	1	2	DRB1*11:01:01:01	DRB1*10:01:01:03	
HG01342	CLM26	AMR	T1K-four-field	DQB1	complete	1	1	1	2	DQB1*05:01:01:01	DQB1*03:01:01:01	
HG01347	CLM28	AMR	T1K-four-field	A	complete	1	1	1	2	A*02:01:01:01	A*02:05:01:01	
HG01347	CLM28	AMR	T1K-four-field	B	complete	1	1	1	2	B*39:11	B*13:02:01:01	
HG01347	CLM28	AMR	T1K-four-field	C	complete	1	1	0	1	C*07:02:01:01	C*06:02:01:02,HLA-C*06:227,HLA-C*06:278	
HG01347	CLM28	AMR	T1K-four-field	DRB1	complete	1	1	1	2	DRB1*08:02:01:01	DRB1*07:01:01:01	
HG01347	CLM28	AMR	T1K-four-field	DQB1	complete	1	1	0	1	DQB1*04:59N	DQB1*02:02:01:01	
HG01348	CLM28	AMR	T1K-four-field	A	complete	1	1	1	2	A*30:01:01:01	A*29:02:01:01	
HG01348	CLM28	AMR	T1K-four-field	B	complete	1	1	1	2	B*44:03:01:01	B*13:02:01:01	
HG01348	CLM28	AMR	T1K-four-field	C	complete	1	1	1	2	C*06:02:01:01	C*16:01:01:01	
HG01348	CLM28	AMR	T1K-four-field	DRB1	complete	1	1	1	2	DRB1*01:01:01:01	DRB1*07:01:01:01	
HG01348	CLM28	AMR	T1K-four-field	DQB1	complete	1	1	1	2	DQB1*02:02:01:01	DQB1*05:01:01:01	
HG01350	CLM29	AMR	T1K-four-field	A	complete	1	1	1	2	A*02:11:01:01	A*24:02:01:01	
HG01350	CLM29	AMR	T1K-four-field	B	complete	1	1	1	2	B*40:04:01:01	B*57:01:01:01	
HG01350	CLM29	AMR	T1K-four-field	C	complete	1	1	1	2	C*03:04:01:01	C*06:02:01:01	
HG01350	CLM29	AMR	T1K-four-field	DRB1	complete	1	1	1	2	DRB1*04:11:01:02	DRB1*04:11:01:02	
HG01350	CLM29	AMR	T1K-four-field	DQB1	complete	1	1	1	2	DQB1*03:02:01:01	DQB1*03:02:01:01	
HG01351	CLM29	AMR	T1K-four-field	A	complete	1	1	1	2	A*03:01:01:01	A*68:02:01:01	
HG01351	CLM29	AMR	T1K-four-field	B	complete	1	1	1	2	B*49:01:01:01	B*35:01:01:01	
HG01351	CLM29	AMR	T1K-four-field	C	complete	1	1	1	2	C*07:01:01:01	C*04:01:01:01,HLA-C*04:01:01:10,HLA-C*04:01:01:32,HLA-C*04:01:01:57,HLA-C*04:01:01:129,HLA-C*04:01:01:145	
HG01351	CLM29	AMR	T1K-four-field	DRB1	complete	1	1	1	2	DRB1*01:01:01:01	DRB1*10:01:01:03	
HG01351	CLM29	AMR	T1K-four-field	DQB1	complete	1	1	1	2	DQB1*05:01:01:01	DQB1*05:01:01:01	
HG01353	CLM30	AMR	T1K-four-field	A	complete	1	1	1	2	A*24:02:01:01	A*03:01:01:03	
HG01353	CLM30	AMR	T1K-four-field	B	complete	1	1	1	2	B*38:01:01:01	B*35:43:01:01	
HG01353	CLM30	AMR	T1K-four-field	C	complete	1	1	1	2	C*01:02:01:01	C*12:03:01:01	
HG01353	CLM30	AMR	T1K-four-field	DRB1	complete	1	1	1	2	DRB1*13:01:01:17,HLA-DRB1*13:01:01:21	DRB1*04:07:01:01	
HG01353	CLM30	AMR	T1K-four-field	DQB1	complete	1	1	1	2	DQB1*06:03:01:01	DQB1*03:02:01:01	
HG01354	CLM30	AMR	T1K-four-field	A	complete	1	1	1	2	A*31:01:02:01	A*02:01:01:01	
HG01354	CLM30	AMR	T1K-four-field	B	complete	1	1	1	2	B*49:01:01:01	B*35:43:01:01	
HG01354	CLM30	AMR	T1K-four-field	C	complete	1	1	1	2	C*01:02:01:01	C*07:01:02:01	
HG01354	CLM30	AMR	T1K-four-field	DRB1	complete	1	1	1	2	DRB1*04:07:01:01	DRB1*13:02:01:09	
HG01354	CLM30	AMR	T1K-four-field	DQB1	complete	1	1	1	2	DQB1*03:02:01:01	DQB1*06:04:01:01	
HG01365	CLM34	AMR	T1K-four-field	A	complete	1	1	1	2	A*02:02:01:02	A*24:02:01:01	
HG01365	CLM34	AMR	T1K-four-field	B	complete	1	1	1	2	B*53:01:01:01	B*35:10	
HG01365	CLM34	AMR	T1K-four-field	C	complete	1	1	1	2	C*04:01:01:01,HLA-C*04:01:01:32,HLA-C*04:01:01:129	C*03:04:01:01	
HG01365	CLM34	AMR	T1K-four-field	DRB1	complete	1	1	1	2	DRB1*13:03:01:01,HLA-DRB1*13:03:01:03,HLA-DRB1*13:03:01:05	DRB1*04:07:01:05	
HG01365	CLM34	AMR	T1K-four-field	DQB1	complete	1	1	1	2	DQB1*03:02:01:01	DQB1*03:01:01:73	
HG01366	CLM34	AMR	T1K-four-field	A	complete	1	1	1	2	A*30:02:01:01	A*29:02:01:01	
HG01366	CLM34	AMR	T1K-four-field	B	complete	1	1	1	2	B*44:03:01:01	B*57:03:01:01	
HG01366	CLM34	AMR	T1K-four-field	C	complete	1	1	1	2	C*07:01:01:01	C*16:01:01:01	
HG01366	CLM34	AMR	T1K-four-field	DRB1	complete	1	1	1	2	DRB1*07:01:01:01	DRB1*15:03:01:01,HLA-DRB1*15:03:01:02	
HG01366	CLM34	AMR	T1K-four-field	DQB1	complete	1	1	1	2	DQB1*02:02:01:01	DQB1*06:02:01:01	
HG01374	CLM37	AMR	T1K-four-field	A	complete	1	1	1	2	A*26:01:01:01	A*03:01:01:01	
HG01374	CLM37	AMR	T1K-four-field	B	complete	1	1	1	2	B*35:01:01:01	B*35:01:01:01	
HG01374	CLM37	AMR	T1K-four-field	C	complete	1	1	1	2	C*04:01:01:06	C*04:01:01:01,HLA-C*04:01:01:32	
HG01374	CLM37	AMR	T1K-four-field	DRB1	complete	1	1	1	2	DRB1*01:01:01:01	DRB1*11:04:01:01	
HG01374	CLM37	AMR	T1K-four-field	DQB1	complete	1	1	1	2	DQB1*05:01:01:01	DQB1*02:01:01:01	
HG01375	CLM37	AMR	T1K-four-field	A	complete	1	1	1	2	A*33:03:01:01	A*33:03:01:01	
HG01375	CLM37	AMR	T1K-four-field	B	complete	1	1	1	2	B*15:16:01:02	B*14:02:01:01,HLA-B*14:02:01:02,HLA-B*14:02:01:26	
HG01375	CLM37	AMR	T1K-four-field	C	complete	1	1	1	2	C*08:02:01:01	C*16:01:01:01	
HG01375	CLM37	AMR	T1K-four-field	DRB1	complete	1	1	1	2	DRB1*13:01:01:10	DRB1*13:03:01:03	
HG01375	CLM37	AMR	T1K-four-field	DQB1	complete	1	1	1	2	DQB1*02:02:01:01	DQB1*06:03:01:01	
HG01377	CLM38	AMR	T1K-four-field	A	complete	1	1	1	2	A*02:22:01:01	A*02:01:01:64,HLA-A*02:01:01:165	
HG01377	CLM38	AMR	T1K-four-field	B	complete	1	1	0	1	B*40:02:01:01,HLA-B*40:02:01:10,HLA-B*40:356	B*51:01:01:01,HLA-B*51:01:01:80	
HG01377	CLM38	AMR	T1K-four-field	C	complete	1	1	1	2	C*03:04:01:01	C*01:02:01:01	
HG01377	CLM38	AMR	T1K-four-field	DRB1	complete	1	1	1	2	DRB1*04:04:01:06	DRB1*01:01:01:01	
HG01377	CLM38	AMR	T1K-four-field	DQB1	complete	1	1	1	2	DQB1*03:02:01:01	DQB1*05:01:01:01	
HG01378	CLM38	AMR	T1K-four-field	A	complete	1	1	1	2	A*02:01:01:01	A*24:02:01:01	
HG01378	CLM38	AMR	T1K-four-field	B	complete	1	1	1	2	B*18:01:01:01	B*35:10	
HG01378	CLM38	AMR	T1K-four-field	C	complete	1	1	1	2	C*03:04:01:01	C*05:01:01:01	
HG01378	CLM38	AMR	T1K-four-field	DRB1	complete	1	1	1	2	DRB1*03:01:01:02	DRB1*04:05:01:02	
HG01378	CLM38	AMR	T1K-four-field	DQB1	complete	1	1	1	2	DQB1*02:01:01:01	DQB1*04:02:01:05	
HG01383	CLM40	AMR	T1K-four-field	A	complete	1	1	1	2	A*33:01:01:01	A*68:02:01:01	
HG01383	CLM40	AMR	T1K-four-field	B	complete	1	1	1	2	B*53:01:01:01	B*14:02:01:01	
HG01383	CLM40	AMR	T1K-four-field	C	complete	1	1	1	2	C*08:02:01:01	C*04:01:01:01	
HG01383	CLM40	AMR	T1K-four-field	DRB1	complete	1	1	1	2	DRB1*07:01:01:01	DRB1*13:02:01:02,HLA-DRB1*13:02:01:05,HLA-DRB1*13:02:01:07,HLA-DRB1*13:02:01:09	
HG01383	CLM40	AMR	T1K-four-field	DQB1	complete	1	1	1	2	DQB1*02:02:01:01	DQB1*06:04:01:01	
HG01384	CLM40	AMR	T1K-four-field	A	complete	1	1	1	2	A*02:05:01:01	A*03:01:01:01	
HG01384	CLM40	AMR	T1K-four-field	B	complete	1	1	1	2	B*35:01:01:01	B*07:02:01:54	
HG01384	CLM40	AMR	T1K-four-field	C	complete	1	1	1	2	C*16:01:01:01	C*04:01:01:01,HLA-C*04:01:01:32,HLA-C*04:01:01:129	
HG01384	CLM40	AMR	T1K-four-field	DRB1	complete	1	1	1	2	DRB1*01:01:01:01	DRB1*04:07:01:01	
HG01384	CLM40	AMR	T1K-four-field	DQB1	complete	1	1	1	2	DQB1*05:01:01:01	DQB1*03:01:01:01	
HG01389	CLM42	AMR	T1K-four-field	A	complete	1	1	1	2	A*29:02:01:04	A*24:02:01:01	
HG01389	CLM42	AMR	T1K-four-field	B	complete	1	1	0	1	B*44:03:01:01	B*40:02:01:01	
HG01389	CLM42	AMR	T1K-four-field	C	complete	1	1	1	2	C*03:05:01:01	C*16:01:01:01	
HG01389	CLM42	AMR	T1K-four-field	DRB1	complete	1	1	1	2	DRB1*07:01:01:01	DRB1*04:07:01:01,HLA-DRB1*04:07:01:02	
HG01389	CLM42	AMR	T1K-four-field	DQB1	complete	1	1	1	2	DQB1*03:02:01:01	DQB1*02:02:01:01	
HG01390	CLM42	AMR	T1K-four-field	A	complete	1	1	1	2	A*30:02:01:01	A*02:01:01:01	
HG01390	CLM42	AMR	T1K-four-field	B	complete	1	1	1	2	B*14:02:01:01	B*39:01:01:02L	
HG01390	CLM42	AMR	T1K-four-field	C	complete	1	1	1	2	C*12:03:01:01	C*08:02:01:01	
HG01390	CLM42	AMR	T1K-four-field	DRB1	complete	1	1	1	2	DRB1*15:03:01:02	DRB1*16:01:01:02	
HG01390	CLM42	AMR	T1K-four-field	DQB1	complete	1	1	1	2	DQB1*06:02:01:01	DQB1*05:02:01:01	
HG01437	CLM45	AMR	T1K-four-field	A	complete	1	1	1	2	A*24:02:01:01	A*02:05:01:01	
HG01437	CLM45	AMR	T1K-four-field	B	complete	1	1	1	2	B*39:06:02:01	B*58:01:01:01,HLA-B*58:01:01:17	
HG01437	CLM45	AMR	T1K-four-field	C	complete	1	1	1	2	C*07:02:01:01	C*07:18:01:01	
HG01437	CLM45	AMR	T1K-four-field	DRB1	complete	1	1	1	2	DRB1*15:01:01:01,HLA-DRB1*15:01:01:06,HLA-DRB1*15:01:01:25	DRB1*04:02:01	
HG01437	CLM45	AMR	T1K-four-field	DQB1	complete	1	1	0	1	DQB1*03:289	DQB1*06:02:01:01	
HG01438	CLM45	AMR	T1K-four-field	A	complete	1	1	1	2	A*03:01:01:01	A*03:01:01:01	
HG01438	CLM45	AMR	T1K-four-field	B	complete	1	1	1	2	B*07:02:01:01	B*07:02:01:01	
HG01438	CLM45	AMR	T1K-four-field	C	complete	1	1	1	2	C*07:02:01:03	C*07:02:01:03	
HG01438	CLM45	AMR	T1K-four-field	DRB1	complete	1	1	1	2	DRB1*15:01:01:01,HLA-DRB1*15:01:01:06,HLA-DRB1*15:01:01:25	DRB1*04:04:01:04,HLA-DRB1*04:04:01:15	
HG01438	CLM45	AMR	T1K-four-field	DQB1	complete	1	1	1	2	DQB1*06:02:01:01	DQB1*03:02:01:01	
HG01440	CLM46a	AMR	T1K-four-field	A	complete	1	1	1	2	A*02:04:01	A*30:02:01:03	
HG01440	CLM46a	AMR	T1K-four-field	B	complete	1	1	1	2	B*08:01:01:01	B*39:05:01:01	
HG01440	CLM46a	AMR	T1K-four-field	C	complete	1	1	1	2	C*07:02:01:01	C*07:01:01:01	
HG01440	CLM46a	AMR	T1K-four-field	DRB1	complete	1	1	1	2	DRB1*03:01:01:03	DRB1*15:02:01:02,HLA-DRB1*15:02:01:08	
HG01440	CLM46a	AMR	T1K-four-field	DQB1	complete	1	1	1	2	DQB1*06:01:01:01	DQB1*02:01:01:01	
HG01441	CLM46	AMR	T1K-four-field	A	complete	1	1	1	2	A*23:01:01:01	A*24:02:01:01	
HG01441	CLM46	AMR	T1K-four-field	B	complete	1	1	1	2	B*14:02:01:01	B*39:05:01:01	
HG01441	CLM46	AMR	T1K-four-field	C	complete	1	1	1	2	C*07:02:01:01	C*08:02:01:01	
HG01441	CLM46	AMR	T1K-four-field	DRB1	complete	1	1	1	2	DRB1*01:02:01:02	DRB1*13:01:01:02	
HG01441	CLM46	AMR	T1K-four-field	DQB1	complete	1	1	1	2	DQB1*06:03:01:01	DQB1*05:01:01:01	
HG01455	CLM51	AMR	T1K-four-field	A	complete	1	1	1	2	A*24:03:01:02	A*02:01:01:01	
HG01455	CLM51	AMR	T1K-four-field	B	complete	1	1	1	2	B*44:02:01:01	B*35:05:01:02	
HG01455	CLM51	AMR	T1K-four-field	C	complete	1	1	1	2	C*05:01:01:02	C*04:01:01:01	
HG01455	CLM51	AMR	T1K-four-field	DRB1	complete	1	1	1	2	DRB1*04:03:01:01	DRB1*04:11:01:02	
HG01455	CLM51	AMR	T1K-four-field	DQB1	complete	1	1	1	2	DQB1*03:02:01:02	DQB1*03:02:01:01	
HG01456	CLM51	AMR	T1K-four-field	A	complete	1	1	1	2	A*32:01:01:01	A*31:01:02:01	
HG01456	CLM51	AMR	T1K-four-field	B	complete	1	1	1	2	B*35:08:01:01	B*40:02:01:01	
HG01456	CLM51	AMR	T1K-four-field	C	complete	1	1	0	1	C*03:05:01:01	C*04:01:01:06,HLA-C*04:275:01:01	
HG01456	CLM51	AMR	T1K-four-field	DRB1	complete	1	1	1	2	DRB1*14:02:01:01	DRB1*15:01:01:03	
HG01456	CLM51	AMR	T1K-four-field	DQB1	complete	1	1	1	2	DQB1*05:02:01:01	DQB1*03:01:01:01	
HG01461	CLM53	AMR	T1K-four-field	A	complete	1	1	1	2	A*68:02:01:01	A*24:02:01:01	
HG01461	CLM53	AMR	T1K-four-field	B	complete	1	1	0	1	B*40:02:01:01	B*58:01:01:01,HLA-B*58:01:01:17,HLA-B*58:120	
HG01461	CLM53	AMR	T1K-four-field	C	complete	1	1	1	2	C*03:04:01:01	C*07:18:01:01	
HG01461	CLM53	AMR	T1K-four-field	DRB1	complete	1	1	0	1	DRB1*03:02:01:01	DRB1*14:02:01:01	
HG01461	CLM53	AMR	T1K-four-field	DQB1	complete	1	1	1	2	DQB1*04:02:01:04	DQB1*03:01:01:01	
HG01462	CLM53	AMR	T1K-four-field	A	complete	1	1	1	2	A*74:01:01:01	A*03:01:01:01	
HG01462	CLM53	AMR	T1K-four-field	B	complete	1	1	1	2	B*81:01:01:01	B*35:08:01:01	
HG01462	CLM53	AMR	T1K-four-field	C	complete	1	1	1	2	C*08:04:01:01	C*04:01:01:06	
HG01462	CLM53	AMR	T1K-four-field	DRB1	complete	1	1	1	2	DRB1*12:01:01:01	DRB1*13:03:01:04	
HG01462	CLM53	AMR	T1K-four-field	DQB1	complete	1	1	1	2	DQB1*05:01:01:01	DQB1*03:01:01:01	
HG01464	CLM54	AMR	T1K-four-field	A	complete	1	1	1	2	A*02:01:01:01	A*24:02:01:01	
HG01464	CLM54	AMR	T1K-four-field	B	complete	1	1	1	2	B*35:43:01:01	B*44:02:01:01	
HG01464	CLM54	AMR	T1K-four-field	C	complete	1	1	1	2	C*01:02:01:01	C*05:01:01:02	
HG01464	CLM54	AMR	T1K-four-field	DRB1	complete	1	1	1	2	DRB1*01:01:01:01	DRB1*04:11:01:02	
HG01464	CLM54	AMR	T1K-four-field	DQB1	complete	1	1	1	2	DQB1*05:01:01:01	DQB1*03:02:01:01	
HG01465	CLM54	AMR	T1K-four-field	A	complete	1	1	1	2	A*03:01:01:05	A*02:01:01:01	
HG01465	CLM54	AMR	T1K-four-field	B	complete	1	1	0	1	B*51:01:01:01,HLA-B*51:01:01:31	B*51:193:01	
HG01465	CLM54	AMR	T1K-four-field	C	complete	1	1	1	2	C*15:02:01:01	C*01:02:01:01	
HG01465	CLM54	AMR	T1K-four-field	DRB1	complete	1	1	1	2	DRB1*09:01:02:01	DRB1*13:01:01:03	
HG01465	CLM54	AMR	T1K-four-field	DQB1	complete	1	1	1	2	DQB1*03:03:02:02	DQB1*03:03:02:02	
HG01488	CLM62	AMR	T1K-four-field	A	complete	1	1	1	2	A*68:01:02:01	A*23:01:01:01	
HG01488	CLM62	AMR	T1K-four-field	B	complete	1	1	1	2	B*44:03:01:01	B*39:11	
HG01488	CLM62	AMR	T1K-four-field	C	complete	1	1	1	2	C*07:02:01:01	C*04:01:01:01	
HG01488	CLM62	AMR	T1K-four-field	DRB1	complete	1	1	1	2	DRB1*07:01:01:01	DRB1*16:02:01:04	
HG01488	CLM62	AMR	T1K-four-field	DQB1	complete	1	1	1	2	DQB1*02:02:01:01	DQB1*03:01:01:73	
HG01489	CLM62	AMR	T1K-four-field	A	complete	1	1	1	2	A*03:01:01:01	A*01:01:01:01	
HG01489	CLM62	AMR	T1K-four-field	B	complete	1	1	1	2	B*15:17:01:01	B*35:01:01:01	
HG01489	CLM62	AMR	T1K-four-field	C	complete	1	1	0	1	C*07:01:02:01	C*07:01:02:01	
HG01489	CLM62	AMR	T1K-four-field	DRB1	complete	1	1	1	2	DRB1*01:01:01:01	DRB1*13:02:01:02,HLA-DRB1*13:02:01:05,HLA-DRB1*13:02:01:07,HLA-DRB1*13:02:01:09	
HG01489	CLM62	AMR	T1K-four-field	DQB1	complete	1	1	1	2	DQB1*06:04:01:01	DQB1*05:01:01:01	
HG01491	CLM63	AMR	T1K-four-field	A	complete	1	1	1	2	A*01:01:01:01	A*01:01:01:01	
HG01491	CLM63	AMR	T1K-four-field	B	complete	1	1	1	2	B*57:01:01:01	B*14:02:01:01	
HG01491	CLM63	AMR	T1K-four-field	C	complete	1	1	1	2	C*08:02:01:01	C*06:02:01:01	
HG01491	CLM63	AMR	T1K-four-field	DRB1	complete	1	1	0	1	DRB1*07:01:01:01	DRB1*13:01:01:13	
HG01491	CLM63	AMR	T1K-four-field	DQB1	complete	1	1	1	2	DQB1*02:02:01:01	DQB1*06:03:01:01,HLA-DQB1*06:03:01:10	
HG01492	CLM63	AMR	T1K-four-field	A	complete	1	1	1	2	A*24:02:01:01	A*30:01:01:01	
HG01492	CLM63	AMR	T1K-four-field	B	complete	1	1	1	2	B*42:02:01:02	B*39:06:02:01	
HG01492	CLM63	AMR	T1K-four-field	C	complete	1	1	1	2	C*07:02:01:01	C*17:01:01:02	
HG01492	CLM63	AMR	T1K-four-field	DRB1	complete	1	1	1	2	DRB1*15:01:01:01,HLA-DRB1*15:01:01:06,HLA-DRB1*15:01:01:25	DRB1*13:03:01:01,HLA-DRB1*13:03:01:03	
HG01492	CLM63	AMR	T1K-four-field	DQB1	complete	1	1	1	2	DQB1*06:02:01:01	DQB1*03:01:01:01	
HG01497	CLM65	AMR	T1K-four-field	A	complete	1	1	1	2	A*24:02:01:06	A*03:01:01:01	
HG01497	CLM65	AMR	T1K-four-field	B	complete	1	1	1	2	B*14:02:01:01	B*15:01:01:01,HLA-B*15:01:01:30	
HG01497	CLM65	AMR	T1K-four-field	C	complete	1	1	1	2	C*08:02:01:01	C*01:02:01:01	
HG01497	CLM65	AMR	T1K-four-field	DRB1	complete	1	1	1	2	DRB1*16:02:01:04	DRB1*08:02:01:01	
HG01497	CLM65	AMR	T1K-four-field	DQB1	complete	1	1	1	2	DQB1*04:02:01:04	DQB1*03:01:01:01	
HG01498	CLM65	AMR	T1K-four-field	A	complete	1	1	1	2	A*03:01:01:01	A*24:02:01:01	
HG01498	CLM65	AMR	T1K-four-field	B	complete	1	1	0	1	B*40:02:01:01	B*35:01:01:01,HLA-B*35:01:01:17,HLA-B*35:370,HLA-B*35:615	
HG01498	CLM65	AMR	T1K-four-field	C	complete	1	1	1	2	C*03:05:01:01	C*04:01:01:01,HLA-C*04:01:01:32,HLA-C*04:01:01:129	
HG01498	CLM65	AMR	T1K-four-field	DRB1	complete	1	1	1	2	DRB1*01:01:01:01	DRB1*04:07:01:01	
HG01498	CLM65	AMR	T1K-four-field	DQB1	complete	1	1	1	2	DQB1*03:02:01:01	DQB1*05:01:01:01	
HG01550	CLM66	AMR	T1K-four-field	A	complete	1	1	1	2	A*31:01:02:01	A*24:02:01:01	
HG01550	CLM66	AMR	T1K-four-field	B	complete	1	1	1	2	B*35:12:01:01	B*51:01:01:01	
HG01550	CLM66	AMR	T1K-four-field	C	complete	1	1	1	2	C*04:01:01:01	C*15:02:01:38	
HG01550	CLM66	AMR	T1K-four-field	DRB1	complete	1	1	1	2	DRB1*04:07:01:01	DRB1*04:08:01:04	
HG01550	CLM66	AMR	T1K-four-field	DQB1	complete	1	1	1	2	DQB1*03:02:01:01	DQB1*03:01:01:01	
HG01551	CLM66	AMR	T1K-four-field	A	complete	1	1	1	2	A*33:03:01:01	A*29:02:01:01	
HG01551	CLM66	AMR	T1K-four-field	B	complete	1	1	1	2	B*15:16:01:02	B*07:06:01:01	
HG01551	CLM66	AMR	T1K-four-field	C	complete	1	1	1	2	C*14:02:01:02	C*15:05:02:01	
HG01551	CLM66	AMR	T1K-four-field	DRB1	complete	1	1	1	2	DRB1*01:02:01:01	DRB1*11:01:02:04	
HG01551	CLM66	AMR	T1K-four-field	DQB1	complete	1	1	1	2	DQB1*05:01:01:01	DQB1*03:01:01:73	
NA06985	1341	EUR	T1K-four-field	A	complete	1	1	1	2	A*03:01:01:01	A*02:01:01:01	
NA06985	1341	EUR	T1K-four-field	B	complete	1	1	0	1	B*57:01:01:01	B*07:02:01:01,HLA-B*07:529	
NA06985	1341	EUR	T1K-four-field	C	complete	1	1	1	2	C*07:02:01:03	C*06:02:01:01	
NA06985	1341	EUR	T1K-four-field	DRB1	complete	1	1	1	2	DRB1*15:01:01:06	DRB1*15:01:01:26	
NA06985	1341	EUR	T1K-four-field	DQB1	complete	1	1	1	2	DQB1*06:02:01:01	DQB1*06:02:01:01	
NA06986	13291	EUR	T1K-four-field	A	complete	1	1	1	2	A*32:01:01:01	A*03:01:01:01	
NA06986	13291	EUR	T1K-four-field	B	complete	1	1	1	2	B*44:03:01:01	B*44:03:01:01	
NA06986	13291	EUR	T1K-four-field	C	complete	1	1	1	2	C*16:01:01:01	C*04:01:01:01,HLA-C*04:01:01:32,HLA-C*04:01:01:129,HLA-C*04:01:01:173	
NA06986	13291	EUR	T1K-four-field	DRB1	complete	1	1	1	2	DRB1*07:01:01:01	DRB1*07:01:01:01	
NA06986	13291	EUR	T1K-four-field	DQB1	complete	1	1	0	0	DQB1*02:02:01:01	DQB1*02:02:01:01	
NA06991	1341	EUR	T1K-four-field	A	complete	1	1	1	2	A*03:01:01:01	A*02:01:01:01	
NA06991	1341	EUR	T1K-four-field	B	complete	1	1	1	2	B*07:02:01:01	B*07:02:01:01	
NA06991	1341	EUR	T1K-four-field	C	complete	1	1	1	2	C*07:02:01:03	C*07:02:01:03	
NA06991	1341	EUR	T1K-four-field	DRB1	complete	1	1	1	2	DRB1*15:01:01:01,HLA-DRB1*15:01:01:06	DRB1*04:04:01:05,HLA-DRB1*04:04:01:14	
NA06991	1341	EUR	T1K-four-field	DQB1	complete	1	1	1	2	DQB1*06:02:01:01	DQB1*03:02:01:02	
NA06993	1341	EUR	T1K-four-field	A	complete	1	1	1	2	A*02:01:01:01	A*01:01:01:01,HLA-A*01:01:01:61	
NA06993	1341	EUR	T1K-four-field	B	complete	1	1	1	2	B*50:01:01:01	B*07:02:01:01	
NA06993	1341	EUR	T1K-four-field	C	complete	1	1	1	2	C*06:02:01:02	C*07:02:01:03	
NA06993	1341	EUR	T1K-four-field	DRB1	complete	1	1	1	2	DRB1*04:04:01:04,HLA-DRB1*04:04:01:05,HLA-DRB1*04:04:01:06,HLA-DRB1*04:04:01:07,HLA-DRB1*04:04:01:15	DRB1*07:01:01:01	
NA06993	1341	EUR	T1K-four-field	DQB1	complete	1	1	0	1	DQB1*03:02:01:02	DQB1*02:02:01:01	
NA06994	1340	EUR	T1K-four-field	A	complete	1	1	1	2	A*32:01:01:01	A*02:01:01:01	
NA06994	1340	EUR	T1K-four-field	B	complete	1	1	1	2	B*08:01:01:01	B*40:02:01:01	
NA06994	1340	EUR	T1K-four-field	C	complete	1	1	1	2	C*07:01:01:01	C*02:02:02:01	
NA06994	1340	EUR	T1K-four-field	DRB1	complete	1	1	1	2	DRB1*01:01:01:01	DRB1*04:04:01:02,HLA-DRB1*04:04:01:04,HLA-DRB1*04:04:01:05,HLA-DRB1*04:04:01:06,HLA-DRB1*04:04:01:07,HLA-DRB1*04:04:01:15	
NA06994	1340	EUR	T1K-four-field	DQB1	complete	1	1	1	2	DQB1*03:02:01:01	DQB1*05:01:01:01	
NA06995	13291	EUR	T1K-four-field	A	complete	1	1	1	2	A*01:01:01:01	A*30:01:01:01	
NA06995	13291	EUR	T1K-four-field	B	complete	1	1	1	2	B*08:01:01:01	B*15:10:01:01	
NA06995	13291	EUR	T1K-four-field	C	complete	1	1	1	2	C*03:04:02:01	C*07:01:01:01	
NA06995	13291	EUR	T1K-four-field	DRB1	complete	1	1	1	2	DRB1*11:03:01:01,HLA-DRB1*11:03:01:02	DRB1*13:02:01:11	
NA06995	13291	EUR	T1K-four-field	DQB1	complete	1	1	1	2	DQB1*06:04:01:01	DQB1*03:01:01:73	
NA06997	13291	EUR	T1K-four-field	A	complete	1	1	1	2	A*03:01:01:01	A*29:02:01:01	
NA06997	13291	EUR	T1K-four-field	B	complete	1	1	1	2	B*44:03:01:01	B*44:03:01:01	
NA06997	13291	EUR	T1K-four-field	C	complete	1	1	1	2	C*16:01:01:01	C*04:01:01:01,HLA-C*04:01:01:32,HLA-C*04:01:01:129,HLA-C*04:01:01:173	
NA06997	13291	EUR	T1K-four-field	DRB1	complete	1	1	1	2	DRB1*07:01:01:01	DRB1*07:01:01:01	
NA06997	13291	EUR	T1K-four-field	DQB1	complete	1	1	0	0	DQB1*02:02:01:01	DQB1*02:02:01:01	
NA07000	1340	EUR	T1K-four-field	A	complete	1	1	1	2	A*02:01:01:137	A*68:01:02:01	
NA07000	1340	EUR	T1K-four-field	B	complete	1	1	1	2	B*40:01:02:01	B*44:02:01:03	
NA07000	1340	EUR	T1K-four-field	C	complete	1	1	1	2	C*07:04:01:01	C*03:04:01:01	
NA07000	1340	EUR	T1K-four-field	DRB1	complete	1	1	1	2	DRB1*03:01:01:01	DRB1*11:01:01:03	
NA07000	1340	EUR	T1K-four-field	DQB1	complete	1	1	1	2	DQB1*02:01:01:01	DQB1*03:01:01:01	
NA07014	13292	EUR	T1K-four-field	A	complete	1	1	1	2	A*01:01:01:01	A*68:01:02:01	
NA07014	13292	EUR	T1K-four-field	B	complete	1	1	0	1	B*07:02:01:01	B*52:01:01:01,HLA-B*52:95	
NA07014	13292	EUR	T1K-four-field	C	complete	1	1	1	2	C*12:02:02:01,HLA-C*12:02:02:19	C*07:02:01:03	
NA07014	13292	EUR	T1K-four-field	DRB1	complete	1	1	1	2	DRB1*15:01:01:06	DRB1*15:02:01:02,HLA-DRB1*15:02:01:08	
NA07014	13292	EUR	T1K-four-field	DQB1	complete	1	1	1	2	DQB1*06:02:01:01	DQB1*06:01:01:01	
NA07019	1340	EUR	T1K-four-field	A	complete	1	1	1	2	A*02:01:01:01	A*01:01:01:01	
NA07019	1340	EUR	T1K-four-field	B	complete	1	1	1	2	B*07:02:01:37	B*08:01:01:26	
NA07019	1340	EUR	T1K-four-field	C	complete	1	1	1	2	C*07:02:01:03	C*07:01:01:01	
NA07019	1340	EUR	T1K-four-field	DRB1	complete	1	1	1	2	DRB1*03:01:01:01	DRB1*04:04:01:02,HLA-DRB1*04:04:01:03,HLA-DRB1*04:04:01:06	
NA07019	1340	EUR	T1K-four-field	DQB1	complete	1	1	1	2	DQB1*02:01:01:01	DQB1*03:02:01:02	
NA07022	1340	EUR	T1K-four-field	A	complete	1	1	1	2	A*01:01:01:01	A*02:01:01:01	
NA07022	1340	EUR	T1K-four-field	B	complete	1	1	1	2	B*08:01:01:01	B*07:02:01:01	
NA07022	1340	EUR	T1K-four-field	C	complete	1	1	1	2	C*07:02:01:79	C*07:01:01:109	
NA07022	1340	EUR	T1K-four-field	DRB1	complete	1	1	1	2	DRB1*07:01:01:01	DRB1*04:04:01:05,HLA-DRB1*04:04:01:14	
NA07022	1340	EUR	T1K-four-field	DQB1	complete	1	1	0	1	DQB1*03:02:01:02	DQB1*02:02:01:01	
NA07029	1340	EUR	T1K-four-field	A	complete	1	1	1	2	A*02:01:01:137	A*68:01:02:01	
NA07029	1340	EUR	T1K-four-field	B	complete	1	1	1	2	B*08:01:01:01	B*44:02:01:03	
NA07029	1340	EUR	T1K-four-field	C	complete	1	1	1	2	C*07:04:01:01	C*07:01:01:01	
NA07029	1340	EUR	T1K-four-field	DRB1	complete	1	1	1	2	DRB1*04:04:01:04,HLA-DRB1*04:04:01:15	DRB1*11:01:01:03	
NA07029	1340	EUR	T1K-four-field	DQB1	complete	1	1	1	2	DQB1*03:02:01:01	DQB1*03:01:01:01	
NA07031	13292	EUR	T1K-four-field	A	complete	1	1	1	2	A*01:01:01:01	A*02:01:01:01	
NA07031	13292	EUR	T1K-four-field	B	complete	1	1	0	1	B*18:01:01:02	B*52:01:01:01,HLA-B*52:01:01:25,HLA-B*52:95	
NA07031	13292	EUR	T1K-four-field	C	complete	1	1	1	2	C*07:01:01:01	C*12:02:02:01	
NA07031	13292	EUR	T1K-four-field	DRB1	complete	1	1	0	1	DRB1*15:02:01:02,HLA-DRB1*15:02:01:08	DRB1*11:04:01:01,HLA-DRB1*11:04:01:03,HLA-DRB1*11:04:01:06,HLA-DRB1*11:04:01:09	
NA07031	13292	EUR	T1K-four-field	DQB1	complete	1	1	1	2	DQB1*06:01:01:01	DQB1*03:01:01:73	
NA07034	1341	EUR	T1K-four-field	A	complete	1	1	1	2	A*02:01:01:01	A*24:03:01:01	
NA07034	1341	EUR	T1K-four-field	B	complete	1	1	1	2	B*44:02:01:01	B*18:01:01:02	
NA07034	1341	EUR	T1K-four-field	C	complete	1	1	1	2	C*07:01:01:01	C*05:01:01:02	
NA07034	1341	EUR	T1K-four-field	DRB1	complete	1	1	1	2	DRB1*07:01:01:01	DRB1*04:01:01:01	
NA07034	1341	EUR	T1K-four-field	DQB1	complete	1	1	0	1	DQB1*02:02:01:01	DQB1*03:01:01:01	
NA07037	13291	EUR	T1K-four-field	A	complete	1	1	1	2	A*31:01:02:01	A*30:01:01:01	
NA07037	13291	EUR	T1K-four-field	B	complete	1	1	1	2	B*40:01:02:01,HLA-B*40:01:02:62	B*15:10:01:01	
NA07037	13291	EUR	T1K-four-field	C	complete	1	1	1	2	C*03:04:01:01	C*03:04:02:01	
NA07037	13291	EUR	T1K-four-field	DRB1	complete	1	1	1	2	DRB1*04:04:01:05	DRB1*13:02:01:02,HLA-DRB1*13:02:01:05,HLA-DRB1*13:02:01:07,HLA-DRB1*13:02:01:09,HLA-DRB1*13:02:01:11	
NA07037	13291	EUR	T1K-four-field	DQB1	complete	1	1	1	2	DQB1*03:02:01:02	DQB1*06:04:01:01	
NA07045	13291	EUR	T1K-four-field	A	complete	1	1	1	2	A*02:01:01:01	A*29:02:01:01	
NA07045	13291	EUR	T1K-four-field	B	complete	1	1	1	2	B*44:03:01:01,HLA-B*44:03:01:14	B*07:02:01:01	
NA07045	13291	EUR	T1K-four-field	C	complete	1	1	1	2	C*07:02:01:03	C*16:01:01:01	
NA07045	13291	EUR	T1K-four-field	DRB1	complete	1	1	1	2	DRB1*07:01:01:01	DRB1*15:01:01:03	
NA07045	13291	EUR	T1K-four-field	DQB1	complete	1	1	0	1	DQB1*02:02:01:01	DQB1*06:02:01:01	
NA07048	1341	EUR	T1K-four-field	A	complete	1	1	1	2	A*02:01:01:05	A*02:01:01:01	
NA07048	1341	EUR	T1K-four-field	B	complete	1	1	1	2	B*07:02:01:01	B*44:02:01:01	
NA07048	1341	EUR	T1K-four-field	C	complete	1	1	1	2	C*05:01:01:02	C*07:02:01:03	
NA07048	1341	EUR	T1K-four-field	DRB1	complete	1	1	1	2	DRB1*15:01:01:01	DRB1*04:01:01:01,HLA-DRB1*04:01:01:03	
NA07048	1341	EUR	T1K-four-field	DQB1	complete	1	1	1	2	DQB1*06:02:01:01	DQB1*03:01:01:73	
NA07051	13292	EUR	T1K-four-field	A	complete	1	1	1	2	A*68:01:02:01	A*02:01:01:01	
NA07051	13292	EUR	T1K-four-field	B	complete	1	1	1	2	B*07:02:01:01,HLA-B*07:02:01:79,HLA-B*07:02:01:81	B*15:01:01:01,HLA-B*15:01:01:53,HLA-B*15:01:01:58	
NA07051	13292	EUR	T1K-four-field	C	complete	1	1	1	2	C*07:02:01:03	C*03:03:01:01	
NA07051	13292	EUR	T1K-four-field	DRB1	complete	1	1	1	2	DRB1*15:01:01:01	DRB1*04:01:01:01,HLA-DRB1*04:01:01:03	
NA07051	13292	EUR	T1K-four-field	DQB1	complete	1	1	1	2	DQB1*06:02:01:01	DQB1*03:01:01:73	
NA07055	1341	EUR	T1K-four-field	A	complete	1	1	1	2	A*68:01:02:01	A*02:01:01:05	
NA07055	1341	EUR	T1K-four-field	B	complete	1	1	1	2	B*07:02:01:01	B*07:02:01:01	
NA07055	1341	EUR	T1K-four-field	C	complete	1	1	1	2	C*07:02:01:03	C*07:02:01:03	
NA07055	1341	EUR	T1K-four-field	DRB1	complete	1	1	0	1	DRB1*15:01:01:01,HLA-DRB1*15:01:01:06,HLA-DRB1*15:01:01:25,HLA-DRB1*15:01:01:31	DRB1*14:54:01:14	
NA07055	1341	EUR	T1K-four-field	DQB1	complete	1	1	1	2	DQB1*05:03:01:01	DQB1*06:02:01:01	
NA07056	1340	EUR	T1K-four-field	A	complete	1	1	1	2	A*01:01:01:01	A*02:01:01:01,HLA-A*02:01:01:18,HLA-A*02:01:01:107,HLA-A*02:01:01:118,HLA-A*02:01:01:233	
NA07056	1340	EUR	T1K-four-field	B	complete	1	1	1	2	B*57:01:01:01	B*08:01:01:01	
NA07056	1340	EUR	T1K-four-field	C	complete	1	1	1	2	C*07:01:01:01	C*06:02:01:01	
NA07056	1340	EUR	T1K-four-field	DRB1	complete	1	1	1	2	DRB1*07:01:01:01	DRB1*03:01:01:01	
NA07056	1340	EUR	T1K-four-field	DQB1	complete	1	1	1	2	DQB1*03:03:02:01	DQB1*02:01:01:01	
NA07345	1345	EUR	T1K-four-field	A	complete	1	1	1	2	A*01:01:01:01	A*02:01:01:01	
NA07345	1345	EUR	T1K-four-field	B	complete	1	1	1	2	B*44:02:01:01	B*57:01:01:01	
NA07345	1345	EUR	T1K-four-field	C	complete	1	1	1	2	C*06:02:01:10	C*05:01:01:02	
NA07345	1345	EUR	T1K-four-field	DRB1	complete	1	1	1	2	DRB1*07:01:01:01	DRB1*15:01:01:01,HLA-DRB1*15:01:01:06,HLA-DRB1*15:01:01:25	
NA07345	1345	EUR	T1K-four-field	DQB1	complete	1	1	1	2	DQB1*06:02:01:01	DQB1*03:03:02:01	
NA07346	1345	EUR	T1K-four-field	A	complete	1	1	0	1	A*03:01:01:01	A*03:01:01:01	
NA07346	1345	EUR	T1K-four-field	B	complete	1	1	1	2	B*35:01:01:01	B*35:03:01:03	
NA07346	1345	EUR	T1K-four-field	C	complete	1	1	1	2	C*04:01:01:01	C*04:01:01:01	
NA07346	1345	EUR	T1K-four-field	DRB1	complete	1	1	1	2	DRB1*01:01:01:01	DRB1*04:03:01:01,HLA-DRB1*04:03:01:02,HLA-DRB1*04:03:01:03	
NA07346	1345	EUR	T1K-four-field	DQB1	complete	1	1	1	2	DQB1*03:02:01:01	DQB1*05:01:01:01	
NA07347	1345	EUR	T1K-four-field	A	complete	1	1	1	2	A*30:02:01:01	A*26:01:01:01	
NA07347	1345	EUR	T1K-four-field	B	complete	1	1	1	2	B*18:01:01:01,HLA-B*18:01:01:85	B*44:02:01:01	
NA07347	1345	EUR	T1K-four-field	C	complete	1	1	1	2	C*05:01:01:01	C*05:01:01:02	
NA07347	1345	EUR	T1K-four-field	DRB1	complete	1	1	1	2	DRB1*03:01:01:02	DRB1*11:04:01:01	
NA07347	1345	EUR	T1K-four-field	DQB1	complete	1	1	1	2	DQB1*02:01:01:01	DQB1*03:01:01:73	
NA07348	1345	EUR	T1K-four-field	A	complete	1	1	1	2	A*24:02:01:01	A*02:01:01:01	
NA07348	1345	EUR	T1K-four-field	B	complete	1	1	1	2	B*39:06:02:01	B*44:02:01:01	
NA07348	1345	EUR	T1K-four-field	C	complete	1	1	1	2	C*07:02:01:01	C*05:01:01:02	
NA07348	1345	EUR	T1K-four-field	DRB1	complete	1	1	1	2	DRB1*15:01:01:01,HLA-DRB1*15:01:01:06,HLA-DRB1*15:01:01:25	DRB1*04:04:01:05	
NA07348	1345	EUR	T1K-four-field	DQB1	complete	1	1	1	2	DQB1*03:02:01:02	DQB1*06:02:01:01	
NA07349	1345	EUR	T1K-four-field	A	complete	1	1	1	2	A*03:01:01:01	A*26:01:01:01	
NA07349	1345	EUR	T1K-four-field	B	complete	1	1	1	2	B*35:03:01:03	B*44:02:01:01	
NA07349	1345	EUR	T1K-four-field	C	complete	1	1	1	2	C*05:01:01:02	C*04:01:01:01,HLA-C*04:01:01:32,HLA-C*04:01:01:129	
NA07349	1345	EUR	T1K-four-field	DRB1	complete	1	1	1	2	DRB1*04:03:01:01,HLA-DRB1*04:03:01:02,HLA-DRB1*04:03:01:03	DRB1*11:04:01:09	
NA07349	1345	EUR	T1K-four-field	DQB1	complete	1	1	1	2	DQB1*03:02:01:01	DQB1*03:01:01:01	
NA07357	1345	EUR	T1K-four-field	A	complete	1	1	1	2	A*01:01:01:01	A*24:02:01:01	
NA07357	1345	EUR	T1K-four-field	B	complete	1	1	1	2	B*39:06:02:01	B*08:01:01:01,HLA-B*08:01:01:13,HLA-B*08:01:01:23,HLA-B*08:01:01:30,HLA-B*08:01:01:36,HLA-B*08:01:01:67	
NA07357	1345	EUR	T1K-four-field	C	complete	1	1	0	1	C*07:02:01:01	C*07:811	
NA07357	1345	EUR	T1K-four-field	DRB1	complete	1	1	1	2	DRB1*03:01:01:01	DRB1*04:04:01:02,HLA-DRB1*04:04:01:04,HLA-DRB1*04:04:01:05,HLA-DRB1*04:04:01:06,HLA-DRB1*04:04:01:07,HLA-DRB1*04:04:01:14,HLA-DRB1*04:04:01:15	
NA07357	1345	EUR	T1K-four-field	DQB1	complete	1	1	1	2	DQB1*02:01:01:01	DQB1*03:02:01:02	
NA07435	13291	EUR	T1K-four-field	A	complete	1	1	1	2	A*24:02:01:01	A*01:01:01:01	
NA07435	13291	EUR	T1K-four-field	B	complete	1	1	1	2	B*08:01:01:01	B*07:02:01:01	
NA07435	13291	EUR	T1K-four-field	C	complete	1	1	1	2	C*07:02:01:79	C*07:01:01:109	
NA07435	13291	EUR	T1K-four-field	DRB1	complete	1	1	1	2	DRB1*15:01:01:03	DRB1*11:03:01:01,HLA-DRB1*11:03:01:02	
NA07435	13291	EUR	T1K-four-field	DQB1	complete	1	1	1	2	DQB1*06:02:01:01	DQB1*03:01:01:01	
NA10830	1408	EUR	T1K-four-field	A	complete	1	1	1	2	A*01:01:01:01	A*02:01:01:01	
NA10830	1408	EUR	T1K-four-field	B	complete	1	1	1	2	B*08:01:01:01	B*07:02:01:01,HLA-B*07:02:01:29,HLA-B*07:02:01:72,HLA-B*07:02:01:79,HLA-B*07:02:01:81,HLA-B*07:02:01:97	
NA10830	1408	EUR	T1K-four-field	C	complete	1	1	1	2	C*07:02:01:79	C*07:01:01:109	
NA10830	1408	EUR	T1K-four-field	DRB1	complete	1	1	1	2	DRB1*12:01:01:03	DRB1*03:01:01:01	
NA10830	1408	EUR	T1K-four-field	DQB1	complete	1	1	1	2	DQB1*02:01:01:01	DQB1*03:01:01:73	
NA10831	1408	EUR	T1K-four-field	A	complete	1	1	1	2	A*01:01:01:01	A*01:01:01:01	
NA10831	1408	EUR	T1K-four-field	B	complete	1	1	1	2	B*08:01:01:01	B*51:01:01:57	
NA10831	1408	EUR	T1K-four-field	C	complete	1	1	1	2	C*07:01:01:01	C*15:02:01:01	
NA10831	1408	EUR	T1K-four-field	DRB1	complete	1	1	1	2	DRB1*03:01:01:01	DRB1*04:07:01:01	
NA10831	1408	EUR	T1K-four-field	DQB1	complete	1	1	1	2	DQB1*02:01:01:01	DQB1*03:01:01:01	
NA10835	1416	EUR	T1K-four-field	A	complete	1	1	1	2	A*23:01:01:01	A*02:01:01:01,HLA-A*02:01:01:27,HLA-A*02:01:01:75,HLA-A*02:01:01:228	
NA10835	1416	EUR	T1K-four-field	B	complete	1	1	1	2	B*41:01:01:01	B*40:01:02:01,HLA-B*40:01:02:62	
NA10835	1416	EUR	T1K-four-field	C	complete	0	0	0	0	C*17:01:01:05	C*03:04:01:01	unmappable_name
NA10835	1416	EUR	T1K-four-field	DRB1	complete	1	1	1	2	DRB1*07:01:01:01	DRB1*13:02:01:02,HLA-DRB1*13:02:01:05,HLA-DRB1*13:02:01:07,HLA-DRB1*13:02:01:09,HLA-DRB1*13:02:01:11	
NA10835	1416	EUR	T1K-four-field	DQB1	complete	1	1	0	1	DQB1*06:04:01:01	DQB1*02:02:01:01	
NA10836	1418	EUR	T1K-four-field	A	complete	1	1	1	2	A*23:01:01:01	A*11:01:01:01	
NA10836	1418	EUR	T1K-four-field	B	complete	1	1	1	2	B*14:01:01:01	B*07:02:01:01	
NA10836	1418	EUR	T1K-four-field	C	complete	1	1	1	2	C*07:02:01:03	C*08:02:01:01	
NA10836	1418	EUR	T1K-four-field	DRB1	complete	1	1	1	2	DRB1*15:01:01:01	DRB1*12:01:01:03	
NA10836	1418	EUR	T1K-four-field	DQB1	complete	1	1	1	2	DQB1*06:02:01:01	DQB1*03:01:01:73	
NA10837	1418	EUR	T1K-four-field	A	complete	1	1	1	2	A*32:01:01:01	A*02:01:01:01	
NA10837	1418	EUR	T1K-four-field	B	complete	1	1	1	2	B*44:02:01:03	B*35:01:01:01	
NA10837	1418	EUR	T1K-four-field	C	complete	1	1	1	2	C*07:04:01:01	C*04:01:01:06	
NA10837	1418	EUR	T1K-four-field	DRB1	complete	1	1	0	1	DRB1*13:05:01:01	DRB1*14:54:01:14	
NA10837	1418	EUR	T1K-four-field	DQB1	complete	1	1	1	2	DQB1*05:03:01:01	DQB1*03:01:01:01	
NA10838	1420	EUR	T1K-four-field	A	complete	1	1	1	2	A*02:01:01:01	A*02:01:01:01	
NA10838	1420	EUR	T1K-four-field	B	complete	1	1	1	2	B*07:02:01:01	B*08:01:01:01	
NA10838	1420	EUR	T1K-four-field	C	complete	1	1	1	2	C*07:01:01:01	C*07:02:01:03	
NA10838	1420	EUR	T1K-four-field	DRB1	complete	1	1	1	2	DRB1*15:01:01:15	DRB1*15:01:01:03	
NA10838	1420	EUR	T1K-four-field	DQB1	complete	1	1	1	2	DQB1*06:02:01:01	DQB1*06:02:01:01	
NA10839	1420	EUR	T1K-four-field	A	complete	1	1	1	2	A*29:02:01:01	A*25:01:01:01	
NA10839	1420	EUR	T1K-four-field	B	complete	1	1	0	1	B*27:05:02:01	B*18:01:01:02,HLA-B*18:01:01:60	
NA10839	1420	EUR	T1K-four-field	C	complete	1	1	1	2	C*12:03:01:01	C*01:02:01:01	
NA10839	1420	EUR	T1K-four-field	DRB1	complete	1	1	1	2	DRB1*15:01:01:03	DRB1*15:01:01:03	
NA10839	1420	EUR	T1K-four-field	DQB1	complete	1	1	1	2	DQB1*06:02:01:01	DQB1*06:02:01:01	
NA10840	1421	EUR	T1K-four-field	A	complete	1	1	1	2	A*11:01:01:01	A*24:02:01:05	
NA10840	1421	EUR	T1K-four-field	B	complete	1	1	1	2	B*13:02:01:01,HLA-B*13:02:01:08,HLA-B*13:02:01:13,HLA-B*13:02:01:14,HLA-B*13:02:01:15,HLA-B*13:02:01:18,HLA-B*13:02:01:19	B*51:01:01:01	
NA10840	1421	EUR	T1K-four-field	C	complete	1	1	1	2	C*06:02:01:01	C*15:02:01:01	
NA10840	1421	EUR	T1K-four-field	DRB1	complete	1	1	1	2	DRB1*07:01:01:01	DRB1*04:04:01:03,HLA-DRB1*04:04:01:04,HLA-DRB1*04:04:01:15	
NA10840	1421	EUR	T1K-four-field	DQB1	complete	1	1	0	1	DQB1*02:02:01:01	DQB1*03:02:01:01	
NA10842	1423	EUR	T1K-four-field	A	complete	1	1	1	2	A*03:01:01:01	A*02:01:01:01	
NA10842	1423	EUR	T1K-four-field	B	complete	1	1	1	2	B*44:02:01:01	B*35:01:01:01	
NA10842	1423	EUR	T1K-four-field	C	complete	1	1	1	2	C*04:01:01:01,HLA-C*04:01:01:32,HLA-C*04:01:01:129,HLA-C*04:01:01:173	C*05:01:01:02	
NA10842	1423	EUR	T1K-four-field	DRB1	complete	1	1	1	2	DRB1*01:01:01:01	DRB1*04:01:01:01	
NA10842	1423	EUR	T1K-four-field	DQB1	complete	1	1	1	2	DQB1*05:01:01:01	DQB1*03:01:01:01	
NA10843	1423	EUR	T1K-four-field	A	complete	1	1	1	2	A*11:01:01:01	A*02:01:01:01	
NA10843	1423	EUR	T1K-four-field	B	complete	1	1	1	2	B*55:01:01:01	B*15:01:01:04	
NA10843	1423	EUR	T1K-four-field	C	complete	1	1	1	2	C*03:03:01:01	C*04:01:01:06	
NA10843	1423	EUR	T1K-four-field	DRB1	complete	1	1	1	2	DRB1*01:01:01:01	DRB1*04:01:01:01	
NA10843	1423	EUR	T1K-four-field	DQB1	complete	1	1	1	2	DQB1*05:01:01:01,HLA-DQB1*05:01:01:24,HLA-DQB1*05:01:01:36	DQB1*03:01:01:01	
NA10845	1424	EUR	T1K-four-field	A	complete	1	1	1	2	A*02:01:01:01	A*24:02:01:01	
NA10845	1424	EUR	T1K-four-field	B	complete	1	1	1	2	B*13:02:01:01,HLA-B*13:02:01:18	B*44:02:01:01	
NA10845	1424	EUR	T1K-four-field	C	complete	1	1	1	2	C*06:02:01:10	C*05:01:01:02	
NA10845	1424	EUR	T1K-four-field	DRB1	complete	1	1	1	2	DRB1*15:01:01:03	DRB1*03:01:01:01	
NA10845	1424	EUR	T1K-four-field	DQB1	complete	1	1	1	2	DQB1*02:01:01:04	DQB1*06:02:01:01	
NA10846	1334	EUR	T1K-four-field	A	failed_final	1	0	0	0	NO_CALL	NO_CALL	
NA10846	1334	EUR	T1K-four-field	B	failed_final	1	0	0	0	NO_CALL	NO_CALL	
NA10846	1334	EUR	T1K-four-field	C	failed_final	1	0	0	0	NO_CALL	NO_CALL	
NA10846	1334	EUR	T1K-four-field	DRB1	failed_final	1	0	0	0	NO_CALL	NO_CALL	
NA10846	1334	EUR	T1K-four-field	DQB1	failed_final	1	0	0	0	NO_CALL	NO_CALL	
NA10847	1334	EUR	T1K-four-field	A	complete	1	1	1	2	A*03:01:01:01	A*25:01:01:01	
NA10847	1334	EUR	T1K-four-field	B	complete	1	1	1	2	B*18:01:01:02	B*08:01:01:01	
NA10847	1334	EUR	T1K-four-field	C	complete	1	1	0	1	C*12:03:01:01	C*07:01:01:01	
NA10847	1334	EUR	T1K-four-field	DRB1	complete	1	1	1	2	DRB1*01:01:01:01	DRB1*01:01:01:01	
NA10847	1334	EUR	T1K-four-field	DQB1	complete	1	1	1	2	DQB1*05:01:01:01	DQB1*05:01:01:01	
NA10851	1344	EUR	T1K-four-field	A	complete	1	1	1	2	A*01:01:01:01	A*24:02:01:01	
NA10851	1344	EUR	T1K-four-field	B	complete	1	1	1	2	B*08:01:01:01	B*40:01:02:01	
NA10851	1344	EUR	T1K-four-field	C	complete	1	1	1	2	C*07:01:01:01	C*03:04:01:01	
NA10851	1344	EUR	T1K-four-field	DRB1	complete	1	1	1	2	DRB1*07:01:01:01	DRB1*04:04:01:03,HLA-DRB1*04:04:01:04,HLA-DRB1*04:04:01:15	
NA10851	1344	EUR	T1K-four-field	DQB1	complete	1	1	1	2	DQB1*03:03:02:01	DQB1*03:02:01:02	
NA10852	1346	EUR	T1K-four-field	A	complete	1	1	1	2	A*11:01:01:01	A*01:01:01:01	
NA10852	1346	EUR	T1K-four-field	B	complete	1	1	0	1	B*57:01:01:01	B*35:01:01:01,HLA-B*35:370,HLA-B*35:615	
NA10852	1346	EUR	T1K-four-field	C	complete	1	1	1	2	C*04:01:01:01,HLA-C*04:01:01:32,HLA-C*04:01:01:129	C*06:02:01:01	
NA10852	1346	EUR	T1K-four-field	DRB1	complete	1	1	0	1	DRB1*03:01:01:01	DRB1*14:54:01:03	
NA10852	1346	EUR	T1K-four-field	DQB1	complete	1	1	1	2	DQB1*02:01:01:01	DQB1*05:03:01:01	
NA10854	1349	EUR	T1K-four-field	A	complete	1	1	1	2	A*02:01:01:01	A*02:01:01:01	
NA10854	1349	EUR	T1K-four-field	B	complete	1	1	0	1	B*44:02:01:01	B*27:05:03	
NA10854	1349	EUR	T1K-four-field	C	complete	1	1	1	2	C*02:02:02:01	C*05:01:01:02	
NA10854	1349	EUR	T1K-four-field	DRB1	complete	1	1	1	2	DRB1*04:01:01:01	DRB1*04:04:01:10	
NA10854	1349	EUR	T1K-four-field	DQB1	complete	1	1	1	2	DQB1*03:02:01:02	DQB1*03:01:01:73	
NA10855	1350	EUR	T1K-four-field	A	complete	1	1	1	2	A*01:01:01:01	A*32:01:01:01	
NA10855	1350	EUR	T1K-four-field	B	complete	1	1	1	2	B*08:01:01:01	B*40:02:01:01	
NA10855	1350	EUR	T1K-four-field	C	complete	1	1	1	2	C*02:02:02:01	C*07:01:01:01	
NA10855	1350	EUR	T1K-four-field	DRB1	complete	1	1	1	2	DRB1*13:01:01:13	DRB1*03:01:01:01	
NA10855	1350	EUR	T1K-four-field	DQB1	complete	1	1	1	2	DQB1*02:01:01:01	DQB1*06:03:01:01	
NA10856	1350	EUR	T1K-four-field	A	complete	1	1	1	2	A*02:01:01:01	A*02:01:01:01	
NA10856	1350	EUR	T1K-four-field	B	complete	1	1	1	2	B*44:02:01:01	B*14:02:01:01,HLA-B*14:02:01:02	
NA10856	1350	EUR	T1K-four-field	C	complete	1	1	1	2	C*05:01:01:02	C*08:02:01:01	
NA10856	1350	EUR	T1K-four-field	DRB1	complete	1	1	1	2	DRB1*04:01:01:10	DRB1*13:03:01:03	
NA10856	1350	EUR	T1K-four-field	DQB1	complete	1	1	1	2	DQB1*03:01:01:01	DQB1*03:01:01:73	
NA10857	1346	EUR	T1K-four-field	A	complete	1	1	1	2	A*02:01:01:18	A*02:06:01:01	
NA10857	1346	EUR	T1K-four-field	B	complete	1	1	1	2	B*07:02:01:01	B*35:01:01:01	
NA10857	1346	EUR	T1K-four-field	C	complete	1	1	1	2	C*07:02:01:03	C*04:01:01:01,HLA-C*04:01:01:32	
NA10857	1346	EUR	T1K-four-field	DRB1	complete	1	1	1	2	DRB1*01:01:01:01	DRB1*13:01:01:20	
NA10857	1346	EUR	T1K-four-field	DQB1	complete	1	1	1	2	DQB1*05:01:01:01,HLA-DQB1*05:01:01:24	DQB1*06:03:01:01	
NA10859	1347	EUR	T1K-four-field	A	complete	1	1	1	2	A*03:01:01:01	A*01:01:01:01	
NA10859	1347	EUR	T1K-four-field	B	complete	1	1	1	2	B*07:02:01:01,HLA-B*07:02:01:29,HLA-B*07:02:01:72,HLA-B*07:02:01:79,HLA-B*07:02:01:81	B*15:01:01:01	
NA10859	1347	EUR	T1K-four-field	C	complete	1	1	1	2	C*07:02:01:03	C*06:02:01:01	
NA10859	1347	EUR	T1K-four-field	DRB1	complete	1	1	1	2	DRB1*15:01:01:01	DRB1*04:01:01:06	
NA10859	1347	EUR	T1K-four-field	DQB1	complete	1	1	1	2	DQB1*06:02:01:01	DQB1*03:02:01:01	
NA10860	1362	EUR	T1K-four-field	A	complete	1	1	1	2	A*02:01:01:01	A*29:02:01:01	
NA10860	1362	EUR	T1K-four-field	B	complete	1	1	0	1	B*44:03:01:01	B*35:01:01:01,HLA-B*35:01:01:17,HLA-B*35:370,HLA-B*35:615	
NA10860	1362	EUR	T1K-four-field	C	complete	1	1	0	1	C*16:01:01:01	C*04:01:01:01,HLA-C*04:01:01:32,HLA-C*04:01:01:84Q,HLA-C*04:01:01:152,HLA-C*04:275:01:02	
NA10860	1362	EUR	T1K-four-field	DRB1	complete	1	1	1	2	DRB1*01:01:01:01	DRB1*01:01:01:01	
NA10860	1362	EUR	T1K-four-field	DQB1	complete	1	1	1	2	DQB1*05:01:01:01	DQB1*05:01:01:01	
NA10861	1362	EUR	T1K-four-field	A	complete	1	1	1	2	A*01:01:01:01	A*01:01:01:01	
NA10861	1362	EUR	T1K-four-field	B	complete	1	1	1	2	B*57:01:01:01	B*07:02:01:01	
NA10861	1362	EUR	T1K-four-field	C	complete	1	1	1	2	C*06:02:01:01	C*07:02:01:03	
NA10861	1362	EUR	T1K-four-field	DRB1	complete	1	1	1	2	DRB1*13:01:01:03	DRB1*04:04:01:04,HLA-DRB1*04:04:01:15	
NA10861	1362	EUR	T1K-four-field	DQB1	complete	1	1	1	2	DQB1*03:02:01:01	DQB1*06:03:01:01	
NA10863	1375	EUR	T1K-four-field	A	complete	1	1	1	2	A*32:01:01:01	A*32:01:01:01	
NA10863	1375	EUR	T1K-four-field	B	complete	1	1	1	2	B*40:02:01:01	B*15:01:01:01	
NA10863	1375	EUR	T1K-four-field	C	complete	0	0	0	0	C*15:02:01:02	C*03:03:01:01	missing_or_one_field
NA10863	1375	EUR	T1K-four-field	DRB1	complete	1	1	1	2	DRB1*14:04:01:03	DRB1*04:04:01:04,HLA-DRB1*04:04:01:07,HLA-DRB1*04:04:01:15	
NA10863	1375	EUR	T1K-four-field	DQB1	complete	1	1	1	2	DQB1*03:02:01:01	DQB1*05:03:01:01	
NA10864	1377	EUR	T1K-four-field	A	complete	1	1	1	2	A*24:02:01:01	A*02:01:01:01	
NA10864	1377	EUR	T1K-four-field	B	complete	1	1	1	2	B*55:01:01:01,HLA-B*55:01:35	B*44:02:01:01	
NA10864	1377	EUR	T1K-four-field	C	complete	1	1	1	2	C*03:03:01:01	C*05:01:01:02	
NA10864	1377	EUR	T1K-four-field	DRB1	complete	1	1	1	2	DRB1*15:01:01:01	DRB1*04:01:01:01,HLA-DRB1*04:01:01:03	
NA10864	1377	EUR	T1K-four-field	DQB1	complete	1	1	1	2	DQB1*06:02:01:01	DQB1*03:01:01:01	
NA10865	1377	EUR	T1K-four-field	A	complete	1	1	1	2	A*02:01:01:01	A*02:01:01:01	
NA10865	1377	EUR	T1K-four-field	B	complete	1	1	1	2	B*41:02:01:01	B*13:02:01:01,HLA-B*13:02:01:18	
NA10865	1377	EUR	T1K-four-field	C	complete	1	1	1	2	C*06:02:01:01	C*02:02:02:01	
NA10865	1377	EUR	T1K-four-field	DRB1	complete	1	1	1	2	DRB1*13:02:01:09	DRB1*07:01:01:01	
NA10865	1377	EUR	T1K-four-field	DQB1	complete	1	1	0	1	DQB1*02:02:01:01	DQB1*06:04:01:01	
NA11829	1350	EUR	T1K-four-field	A	complete	1	1	1	2	A*02:01:01:01	A*02:01:01:01	
NA11829	1350	EUR	T1K-four-field	B	complete	1	1	1	2	B*44:02:01:01	B*15:01:01:01	
NA11829	1350	EUR	T1K-four-field	C	complete	1	1	1	2	C*05:01:01:02	C*03:04:01:01	
NA11829	1350	EUR	T1K-four-field	DRB1	complete	1	1	1	2	DRB1*04:01:01:01	DRB1*04:01:01:10	
NA11829	1350	EUR	T1K-four-field	DQB1	complete	1	1	1	2	DQB1*03:02:01:01	DQB1*03:01:01:01	
NA11830	1350	EUR	T1K-four-field	A	complete	1	1	1	2	A*02:01:01:01	A*02:01:01:01	
NA11830	1350	EUR	T1K-four-field	B	complete	1	1	1	2	B*14:01:01:01	B*14:02:01:01	
NA11830	1350	EUR	T1K-four-field	C	complete	1	1	1	2	C*08:02:01:01	C*08:02:01:01	
NA11830	1350	EUR	T1K-four-field	DRB1	complete	1	1	1	2	DRB1*07:01:01:01	DRB1*13:03:01:01,HLA-DRB1*13:03:01:03,HLA-DRB1*13:03:01:04,HLA-DRB1*13:03:01:05	
NA11830	1350	EUR	T1K-four-field	DQB1	complete	1	1	0	1	DQB1*02:02:01:01	DQB1*03:01:01:01	
NA11831	1350	EUR	T1K-four-field	A	complete	1	1	1	2	A*03:01:01:01	A*01:01:01:01	
NA11831	1350	EUR	T1K-four-field	B	complete	1	1	1	2	B*07:02:01:01	B*08:01:01:01	
NA11831	1350	EUR	T1K-four-field	C	complete	1	1	1	2	C*07:02:01:03	C*07:01:01:01	
NA11831	1350	EUR	T1K-four-field	DRB1	complete	1	1	1	2	DRB1*03:01:01:01	DRB1*15:01:01:03	
NA11831	1350	EUR	T1K-four-field	DQB1	complete	1	1	1	2	DQB1*02:01:01:01	DQB1*06:02:01:01	
NA11832	1350	EUR	T1K-four-field	A	complete	1	1	1	2	A*02:01:01:01	A*32:01:01:01	
NA11832	1350	EUR	T1K-four-field	B	complete	1	1	0	1	B*27:05:02:01	B*40:02:01:01	
NA11832	1350	EUR	T1K-four-field	C	complete	1	1	1	2	C*02:02:02:01	C*07:04:01:01	
NA11832	1350	EUR	T1K-four-field	DRB1	complete	1	1	1	2	DRB1*15:01:01:03	DRB1*13:01:01:13	
NA11832	1350	EUR	T1K-four-field	DQB1	complete	1	1	1	2	DQB1*06:03:01:01	DQB1*06:02:01:01	
NA11839	1349	EUR	T1K-four-field	A	complete	1	1	1	2	A*25:01:01:01	A*02:01:01:01	
NA11839	1349	EUR	T1K-four-field	B	complete	1	1	1	2	B*44:02:01:01	B*07:02:01:01	
NA11839	1349	EUR	T1K-four-field	C	complete	1	1	1	2	C*05:01:01:02	C*07:02:01:03	
NA11839	1349	EUR	T1K-four-field	DRB1	complete	1	1	1	2	DRB1*15:01:01:26	DRB1*04:01:01:01,HLA-DRB1*04:01:01:03	
NA11839	1349	EUR	T1K-four-field	DQB1	complete	1	1	1	2	DQB1*03:01:01:01	DQB1*06:02:01:01	
NA11840	1349	EUR	T1K-four-field	A	complete	1	1	1	2	A*02:01:01:01	A*02:01:01:01	
NA11840	1349	EUR	T1K-four-field	B	complete	1	1	0	1	B*57:01:01:01	B*27:05:03	
NA11840	1349	EUR	T1K-four-field	C	complete	1	1	1	2	C*02:02:02:01	C*06:02:01:01	
NA11840	1349	EUR	T1K-four-field	DRB1	complete	1	1	1	2	DRB1*07:01:01:01,HLA-DRB1*07:01:01:06,HLA-DRB1*07:01:01:11,HLA-DRB1*07:01:01:23	DRB1*04:04:01:02	
NA11840	1349	EUR	T1K-four-field	DQB1	complete	1	1	1	2	DQB1*03:03:02:01	DQB1*03:02:01:02	
NA11843	1349	EUR	T1K-four-field	A	complete	1	1	1	2	A*11:01:01:01	A*02:01:01:01	
NA11843	1349	EUR	T1K-four-field	B	complete	1	1	1	2	B*51:01:01:01	B*15:01:01:01	
NA11843	1349	EUR	T1K-four-field	C	complete	1	1	1	2	C*03:04:01:01	C*15:02:01:01	
NA11843	1349	EUR	T1K-four-field	DRB1	complete	1	1	1	2	DRB1*04:04:01:04,HLA-DRB1*04:04:01:15	DRB1*04:01:01:10,HLA-DRB1*04:01:01:19	
NA11843	1349	EUR	T1K-four-field	DQB1	complete	1	1	1	2	DQB1*03:02:01:01	DQB1*03:01:01:01	
NA11881	1347	EUR	T1K-four-field	A	complete	1	1	1	2	A*03:01:01:01	A*26:01:01:01	
NA11881	1347	EUR	T1K-four-field	B	complete	1	1	0	1	B*07:02:01:54	B*07:386N	
NA11881	1347	EUR	T1K-four-field	C	complete	1	1	1	2	C*07:02:01:03	C*07:02:01:03	
NA11881	1347	EUR	T1K-four-field	DRB1	complete	1	1	1	2	DRB1*15:01:01:03	DRB1*15:01:01:06	
NA11881	1347	EUR	T1K-four-field	DQB1	complete	1	1	1	2	DQB1*06:02:01:01	DQB1*06:02:01:01	
NA11882	1347	EUR	T1K-four-field	A	complete	1	1	1	2	A*29:02:01:01	A*01:01:01:01	
NA11882	1347	EUR	T1K-four-field	B	complete	1	1	1	2	B*44:03:01:01,HLA-B*44:03:01:04	B*15:01:01:01	
NA11882	1347	EUR	T1K-four-field	C	complete	1	1	1	2	C*16:01:01:01	C*06:02:01:01	
NA11882	1347	EUR	T1K-four-field	DRB1	complete	1	1	1	2	DRB1*15:01:01:01	DRB1*04:01:01:06	
NA11882	1347	EUR	T1K-four-field	DQB1	complete	1	1	1	2	DQB1*03:02:01:01	DQB1*06:02:01:01	
NA11891	1377	EUR	T1K-four-field	A	complete	1	1	1	2	A*31:01:02:01	A*02:01:01:01	
NA11891	1377	EUR	T1K-four-field	B	complete	1	1	1	2	B*40:01:02:01,HLA-B*40:01:02:62	B*41:02:01:01	
NA11891	1377	EUR	T1K-four-field	C	complete	1	1	1	2	C*02:02:02:01	C*03:04:01:01	
NA11891	1377	EUR	T1K-four-field	DRB1	complete	1	1	0	1	DRB1*13:02:01:02,HLA-DRB1*13:02:01:05,HLA-DRB1*13:02:01:07,HLA-DRB1*13:02:01:09,HLA-DRB1*13:02:01:11	DRB1*04:04:01:04,HLA-DRB1*04:04:01:07,HLA-DRB1*04:04:01:15	
NA11891	1377	EUR	T1K-four-field	DQB1	complete	1	1	1	2	DQB1*03:02:01:01	DQB1*06:04:01:01	
NA11892	1377	EUR	T1K-four-field	A	complete	1	1	1	2	A*23:01:01:01	A*02:01:01:01	
NA11892	1377	EUR	T1K-four-field	B	complete	1	1	1	2	B*49:01:01:01	B*13:02:01:01	
NA11892	1377	EUR	T1K-four-field	C	complete	1	1	1	2	C*07:01:01:01	C*06:02:01:01	
NA11892	1377	EUR	T1K-four-field	DRB1	complete	1	1	1	2	DRB1*07:01:01:01	DRB1*08:01:01:01	
NA11892	1377	EUR	T1K-four-field	DQB1	complete	1	1	0	1	DQB1*04:02:01:04	DQB1*02:02:01:01	
NA11893	1377	EUR	T1K-four-field	A	complete	1	1	1	2	A*02:01:01:01	A*02:01:01:01	
NA11893	1377	EUR	T1K-four-field	B	complete	1	1	0	1	B*15:01:01:01,HLA-B*15:01:01:05,HLA-B*15:01:01:06,HLA-B*15:01:01:55,HLA-B*15:01:84,HLA-B*15:542,HLA-B*15:632	B*44:02:01:01	
NA11893	1377	EUR	T1K-four-field	C	complete	1	1	1	2	C*03:04:01:01	C*05:01:01:02	
NA11893	1377	EUR	T1K-four-field	DRB1	complete	1	1	1	2	DRB1*04:01:01:01	DRB1*04:01:01:01	
NA11893	1377	EUR	T1K-four-field	DQB1	complete	1	1	1	2	DQB1*03:02:01:01	DQB1*03:01:01:01	
NA11894	1377	EUR	T1K-four-field	A	complete	1	1	1	2	A*24:02:01:01	A*01:01:01:01	
NA11894	1377	EUR	T1K-four-field	B	complete	1	1	1	2	B*08:01:01:01	B*55:01:01:01	
NA11894	1377	EUR	T1K-four-field	C	complete	1	1	1	2	C*03:03:01:01	C*07:01:01:01	
NA11894	1377	EUR	T1K-four-field	DRB1	complete	1	1	1	2	DRB1*03:01:01:01	DRB1*15:01:01:01	
NA11894	1377	EUR	T1K-four-field	DQB1	complete	1	1	1	2	DQB1*02:01:01:01	DQB1*06:02:01:01	
NA11917	1423	EUR	T1K-four-field	A	complete	1	1	1	2	A*31:01:02:01	A*03:01:01:01	
NA11917	1423	EUR	T1K-four-field	B	complete	1	1	1	2	B*35:01:01:01	B*44:02:01:01	
NA11917	1423	EUR	T1K-four-field	C	complete	1	1	1	2	C*05:01:01:02	C*04:01:01:01	
NA11917	1423	EUR	T1K-four-field	DRB1	complete	1	1	1	2	DRB1*01:01:01:01	DRB1*16:01:01:01,HLA-DRB1*16:01:01:02	
NA11917	1423	EUR	T1K-four-field	DQB1	complete	1	1	1	2	DQB1*05:01:01:01	DQB1*05:02:01:01	
NA11918	1423	EUR	T1K-four-field	A	complete	1	1	1	2	A*02:01:01:165	A*01:01:01:01	
NA11918	1423	EUR	T1K-four-field	B	complete	1	1	1	2	B*44:02:01:01	B*07:02:01:01	
NA11918	1423	EUR	T1K-four-field	C	complete	1	1	1	2	C*07:01:01:01	C*05:01:01:02	
NA11918	1423	EUR	T1K-four-field	DRB1	complete	1	1	1	2	DRB1*15:01:01:01,HLA-DRB1*15:01:01:02,HLA-DRB1*15:01:01:03,HLA-DRB1*15:01:01:05,HLA-DRB1*15:01:01:06,HLA-DRB1*15:01:01:15,HLA-DRB1*15:01:01:23,HLA-DRB1*15:01:01:25,HLA-DRB1*15:01:01:26	DRB1*04:01:01:01	
NA11918	1423	EUR	T1K-four-field	DQB1	complete	1	1	1	2	DQB1*06:02:01:01	DQB1*03:01:01:01	
NA11919	1423	EUR	T1K-four-field	A	complete	1	1	1	2	A*11:01:01:01	A*02:01:01:01	
NA11919	1423	EUR	T1K-four-field	B	complete	1	1	1	2	B*15:01:01:04	B*57:01:01:01	
NA11919	1423	EUR	T1K-four-field	C	complete	1	1	1	2	C*06:02:01:01	C*04:01:01:06	
NA11919	1423	EUR	T1K-four-field	DRB1	complete	1	1	1	2	DRB1*01:01:01:01	DRB1*07:01:01:01	
NA11919	1423	EUR	T1K-four-field	DQB1	complete	1	1	1	2	DQB1*05:01:01:01	DQB1*03:03:02:01	
NA11920	1423	EUR	T1K-four-field	A	complete	1	1	1	2	A*02:01:01:01	A*02:01:01:01	
NA11920	1423	EUR	T1K-four-field	B	complete	1	1	1	2	B*44:02:01:01	B*55:01:01:01	
NA11920	1423	EUR	T1K-four-field	C	complete	1	1	1	2	C*03:03:01:01	C*05:01:01:02	
NA11920	1423	EUR	T1K-four-field	DRB1	complete	1	1	0	1	DRB1*14:54:01:03,HLA-DRB1*14:54:01:09	DRB1*04:01:01:01	
NA11920	1423	EUR	T1K-four-field	DQB1	complete	1	1	1	2	DQB1*05:03:01:01	DQB1*03:01:01:01	
NA11930	1424	EUR	T1K-four-field	A	complete	1	1	1	2	A*24:02:01:01	A*02:01:01:01,HLA-A*02:01:01:27,HLA-A*02:01:01:75	
NA11930	1424	EUR	T1K-four-field	B	complete	1	1	1	2	B*13:02:01:01	B*13:02:01:01	
NA11930	1424	EUR	T1K-four-field	C	complete	1	1	1	2	C*06:02:01:01	C*06:02:01:01	
NA11930	1424	EUR	T1K-four-field	DRB1	complete	1	1	1	2	DRB1*07:01:01:01	DRB1*15:01:01:03	
NA11930	1424	EUR	T1K-four-field	DQB1	complete	1	1	0	1	DQB1*06:02:01:01	DQB1*02:02:01:01	
NA11931	1424	EUR	T1K-four-field	A	complete	1	1	1	2	A*03:01:01:01	A*02:01:01:01	
NA11931	1424	EUR	T1K-four-field	B	complete	1	1	1	2	B*07:02:01:01,HLA-B*07:02:01:97	B*44:02:01:01	
NA11931	1424	EUR	T1K-four-field	C	complete	1	1	1	2	C*07:02:01:03	C*05:01:01:02	
NA11931	1424	EUR	T1K-four-field	DRB1	complete	1	1	1	2	DRB1*15:01:01:01,HLA-DRB1*15:01:01:06,HLA-DRB1*15:01:01:25	DRB1*03:01:01:01	
NA11931	1424	EUR	T1K-four-field	DQB1	complete	1	1	1	2	DQB1*02:01:01:04	DQB1*06:02:01:01	
NA11992	1362	EUR	T1K-four-field	A	complete	1	1	1	2	A*02:01:01:01	A*01:01:01:01	
NA11992	1362	EUR	T1K-four-field	B	complete	1	1	0	1	B*08:01:01:01,HLA-B*08:01:01:23,HLA-B*08:01:01:67	B*35:01:01:01,HLA-B*35:370,HLA-B*35:615	
NA11992	1362	EUR	T1K-four-field	C	complete	1	1	1	2	C*07:01:01:01	C*04:01:01:01,HLA-C*04:01:01:94	
NA11992	1362	EUR	T1K-four-field	DRB1	complete	1	1	1	2	DRB1*03:01:01:01,HLA-DRB1*03:01:01:02,HLA-DRB1*03:01:01:03,HLA-DRB1*03:01:01:16	DRB1*01:01:01:01	
NA11992	1362	EUR	T1K-four-field	DQB1	complete	1	1	1	2	DQB1*05:01:01:01	DQB1*02:01:01:01	
NA11993	1362	EUR	T1K-four-field	A	complete	1	1	1	2	A*29:02:01:01	A*26:01:01:01	
NA11993	1362	EUR	T1K-four-field	B	complete	1	1	1	2	B*44:02:01:01	B*44:03:01:01	
NA11993	1362	EUR	T1K-four-field	C	complete	1	1	1	2	C*16:01:01:01	C*05:01:01:26	
NA11993	1362	EUR	T1K-four-field	DRB1	complete	1	1	1	2	DRB1*15:01:01:03	DRB1*01:01:01:01	
NA11993	1362	EUR	T1K-four-field	DQB1	complete	1	1	1	2	DQB1*06:02:01:01	DQB1*05:01:01:01	
NA11994	1362	EUR	T1K-four-field	A	complete	1	1	1	2	A*01:01:01:01	A*11:01:01:01	
NA11994	1362	EUR	T1K-four-field	B	complete	1	1	1	2	B*07:02:01:01,HLA-B*07:02:01:79,HLA-B*07:02:01:81,HLA-B*07:02:01:97	B*51:01:01:01	
NA11994	1362	EUR	T1K-four-field	C	complete	1	1	0	1	C*07:02:01:03	C*15:13:01:01	
NA11994	1362	EUR	T1K-four-field	DRB1	complete	1	1	1	2	DRB1*04:04:01:04,HLA-DRB1*04:04:01:15	DRB1*04:02:01	
NA11994	1362	EUR	T1K-four-field	DQB1	complete	1	1	1	2	DQB1*03:02:01:01	DQB1*03:02:01:01	
NA11995	1362	EUR	T1K-four-field	A	complete	1	1	1	2	A*01:01:01:01	A*01:01:01:01	
NA11995	1362	EUR	T1K-four-field	B	complete	1	1	1	2	B*08:01:01:01	B*57:01:01:01	
NA11995	1362	EUR	T1K-four-field	C	complete	1	1	1	2	C*07:01:01:01	C*06:02:01:01	
NA11995	1362	EUR	T1K-four-field	DRB1	complete	1	1	1	2	DRB1*15:01:01:01,HLA-DRB1*15:01:01:06,HLA-DRB1*15:01:01:25	DRB1*13:01:01:03	
NA11995	1362	EUR	T1K-four-field	DQB1	complete	1	1	1	2	DQB1*06:02:01:01	DQB1*06:03:01:01	
NA12003	1420	EUR	T1K-four-field	A	complete	1	1	1	2	A*02:01:01:01	A*02:01:01:127	
NA12003	1420	EUR	T1K-four-field	B	complete	1	1	1	2	B*13:02:01:01	B*08:01:01:01	
NA12003	1420	EUR	T1K-four-field	C	complete	1	1	1	2	C*07:01:01:01	C*06:02:01:01	
NA12003	1420	EUR	T1K-four-field	DRB1	complete	1	1	1	2	DRB1*15:01:01:03	DRB1*04:01:01:01	
NA12003	1420	EUR	T1K-four-field	DQB1	complete	1	1	1	2	DQB1*03:02:01:01	DQB1*06:02:01:01	
NA12004	1420	EUR	T1K-four-field	A	complete	1	1	1	2	A*02:01:01:01	A*24:02:01:01	
NA12004	1420	EUR	T1K-four-field	B	complete	1	1	1	2	B*07:02:01:01	B*07:02:01:01	
NA12004	1420	EUR	T1K-four-field	C	complete	1	1	1	2	C*07:02:01:03	C*07:02:01:03	
NA12004	1420	EUR	T1K-four-field	DRB1	complete	1	1	1	2	DRB1*01:01:01:01	DRB1*15:01:01:02,HLA-DRB1*15:01:01:15	
NA12004	1420	EUR	T1K-four-field	DQB1	complete	1	1	1	2	DQB1*05:01:01:01	DQB1*06:02:01:01	
NA12005	1420	EUR	T1K-four-field	A	complete	1	1	1	2	A*29:02:01:01	A*02:01:01:01,HLA-A*02:01:01:18,HLA-A*02:01:01:107,HLA-A*02:01:01:118,HLA-A*02:01:01:233	
NA12005	1420	EUR	T1K-four-field	B	complete	1	1	0	1	B*27:05:02:01	B*07:02:01:01	
NA12005	1420	EUR	T1K-four-field	C	complete	1	1	0	1	C*07:02:01:03	C*01:02:01:01,HLA-C*01:02:01:63,HLA-C*01:194	
NA12005	1420	EUR	T1K-four-field	DRB1	complete	1	1	1	2	DRB1*15:01:01:03	DRB1*15:01:01:03	
NA12005	1420	EUR	T1K-four-field	DQB1	complete	1	1	1	2	DQB1*06:02:01:01	DQB1*06:02:01:01	
NA12006	1420	EUR	T1K-four-field	A	complete	1	1	1	2	A*11:01:01:01	A*25:01:01:01	
NA12006	1420	EUR	T1K-four-field	B	complete	1	1	1	2	B*18:01:01:02	B*15:01:01:01,HLA-B*15:01:01:30	
NA12006	1420	EUR	T1K-four-field	C	complete	1	1	1	2	C*03:03:01:01	C*12:03:01:01	
NA12006	1420	EUR	T1K-four-field	DRB1	complete	1	1	1	2	DRB1*15:01:01:03	DRB1*04:04:01:04,HLA-DRB1*04:04:01:15	
NA12006	1420	EUR	T1K-four-field	DQB1	complete	1	1	1	2	DQB1*03:02:01:01	DQB1*06:02:01:01	
NA12043	1346	EUR	T1K-four-field	A	complete	1	1	1	2	A*02:06:01:01	A*26:01:01:01	
NA12043	1346	EUR	T1K-four-field	B	complete	1	1	1	2	B*38:01:01:01	B*35:01:01:01	
NA12043	1346	EUR	T1K-four-field	C	complete	1	1	0	1	C*12:03:01:01,HLA-C*12:03:67,HLA-C*12:143,HLA-C*12:278,HLA-C*12:290,HLA-C*12:407,HLA-C*12:430	C*04:01:01:01,HLA-C*04:01:01:32,HLA-C*04:01:01:129	
NA12043	1346	EUR	T1K-four-field	DRB1	complete	1	1	1	2	DRB1*01:01:01:01	DRB1*04:04:01:04,HLA-DRB1*04:04:01:15	
NA12043	1346	EUR	T1K-four-field	DQB1	complete	1	1	1	2	DQB1*03:02:01:02	DQB1*05:01:01:01	
NA12044	1346	EUR	T1K-four-field	A	complete	1	1	1	2	A*01:01:01:01	A*02:01:01:01	
NA12044	1346	EUR	T1K-four-field	B	complete	1	1	1	2	B*07:02:01:01	B*07:02:01:01	
NA12044	1346	EUR	T1K-four-field	C	complete	1	1	1	2	C*07:02:01:03	C*07:02:01:03	
NA12044	1346	EUR	T1K-four-field	DRB1	complete	1	1	1	2	DRB1*15:01:01:01	DRB1*13:01:01:20	
NA12044	1346	EUR	T1K-four-field	DQB1	complete	1	1	1	2	DQB1*06:02:01:01	DQB1*06:03:01:01	
NA12045	1346	EUR	T1K-four-field	A	complete	1	1	1	2	A*11:01:01:01	A*02:01:01:01	
NA12045	1346	EUR	T1K-four-field	B	complete	1	1	1	2	B*44:02:01:01	B*35:01:01:01	
NA12045	1346	EUR	T1K-four-field	C	complete	1	1	1	2	C*04:01:01:01,HLA-C*04:01:01:32,HLA-C*04:01:01:129	C*05:01:01:02	
NA12045	1346	EUR	T1K-four-field	DRB1	complete	1	1	0	1	DRB1*13:01:01:02	DRB1*14:54:01:12	
NA12045	1346	EUR	T1K-four-field	DQB1	complete	1	1	1	2	DQB1*05:03:01:01	DQB1*06:03:01:01	
NA12046	1346	EUR	T1K-four-field	A	complete	1	1	1	2	A*02:05:01:01	A*01:01:01:01	
NA12046	1346	EUR	T1K-four-field	B	complete	1	1	1	2	B*57:01:01:01	B*50:01:01:01	
NA12046	1346	EUR	T1K-four-field	C	complete	1	1	1	2	C*06:02:01:02	C*06:02:01:72	
NA12046	1346	EUR	T1K-four-field	DRB1	complete	1	1	1	2	DRB1*03:01:01:01	DRB1*07:01:01:01	
NA12046	1346	EUR	T1K-four-field	DQB1	complete	1	1	0	1	DQB1*02:02:01:01	DQB1*02:01:01:01	
NA12056	1344	EUR	T1K-four-field	A	complete	1	1	1	2	A*01:01:01:01	A*24:02:01:01	
NA12056	1344	EUR	T1K-four-field	B	complete	1	1	1	2	B*40:01:02:01	B*15:01:01:01	
NA12056	1344	EUR	T1K-four-field	C	complete	1	1	1	2	C*03:04:01:01	C*03:03:01:01	
NA12056	1344	EUR	T1K-four-field	DRB1	complete	1	1	1	2	DRB1*15:01:01:01	DRB1*04:04:01:04,HLA-DRB1*04:04:01:15	
NA12056	1344	EUR	T1K-four-field	DQB1	complete	1	1	0	1	DQB1*06:03:01:01	DQB1*03:02:01:02	
NA12057	1344	EUR	T1K-four-field	A	complete	1	1	1	2	A*01:01:01:01	A*02:01:01:01	
NA12057	1344	EUR	T1K-four-field	B	complete	1	1	1	2	B*08:01:01:01	B*15:01:01:04	
NA12057	1344	EUR	T1K-four-field	C	complete	1	1	1	2	C*07:01:01:01	C*04:01:01:06	
NA12057	1344	EUR	T1K-four-field	DRB1	complete	1	1	1	2	DRB1*07:01:01:01	DRB1*13:01:01:02	
NA12057	1344	EUR	T1K-four-field	DQB1	complete	1	1	1	2	DQB1*03:03:02:01	DQB1*06:03:01:01	
NA12058	1344	EUR	T1K-four-field	A	complete	1	1	1	2	A*03:01:01:01	A*02:01:01:01	
NA12058	1344	EUR	T1K-four-field	B	complete	1	1	0	1	B*40:01:02:01	B*35:03:01:03,HLA-B*35:03:01:14,HLA-B*35:03:01:23	
NA12058	1344	EUR	T1K-four-field	C	complete	1	1	0	1	C*04:01:01:01	C*03:04:01:01	
NA12058	1344	EUR	T1K-four-field	DRB1	complete	1	1	1	2	DRB1*08:01:01:01	DRB1*04:04:01:02,HLA-DRB1*04:04:01:03,HLA-DRB1*04:04:01:06	
NA12058	1344	EUR	T1K-four-field	DQB1	complete	1	1	1	2	DQB1*04:02:01:04	DQB1*03:02:01:01	
NA12144	1334	EUR	T1K-four-field	A	complete	1	1	1	2	A*02:01:01:01	A*03:01:01:01	
NA12144	1334	EUR	T1K-four-field	B	complete	1	1	1	2	B*44:02:01:03	B*35:01:01:01	
NA12144	1334	EUR	T1K-four-field	C	complete	1	1	1	2	C*07:04:01:01	C*04:01:01:01,HLA-C*04:01:01:32,HLA-C*04:01:01:129	
NA12144	1334	EUR	T1K-four-field	DRB1	complete	1	1	1	2	DRB1*04:07:01:01,HLA-DRB1*04:07:01:02	DRB1*01:01:01:01	
NA12144	1334	EUR	T1K-four-field	DQB1	complete	1	1	1	2	DQB1*05:01:01:01	DQB1*03:01:01:73	
NA12145	1334	EUR	T1K-four-field	A	complete	1	1	1	2	A*01:01:01:01	A*02:01:01:01	
NA12145	1334	EUR	T1K-four-field	B	complete	1	1	1	2	B*35:03:01:03	B*52:01:01:01	
NA12145	1334	EUR	T1K-four-field	C	complete	1	1	0	1	C*12:02:02:01	C*12:02:02:01	
NA12145	1334	EUR	T1K-four-field	DRB1	complete	1	1	1	2	DRB1*15:01:01:03	DRB1*11:01:01:01	
NA12145	1334	EUR	T1K-four-field	DQB1	complete	1	1	1	2	DQB1*03:01:01:01	DQB1*06:02:01:01	
NA12146	1334	EUR	T1K-four-field	A	complete	1	1	1	2	A*03:01:01:01	A*02:01:01:01	
NA12146	1334	EUR	T1K-four-field	B	complete	1	1	1	2	B*08:01:01:01	B*44:02:01:01	
NA12146	1334	EUR	T1K-four-field	C	complete	1	1	0	1	C*07:01:01:01	C*05:01:01:02	
NA12146	1334	EUR	T1K-four-field	DRB1	complete	1	1	1	2	DRB1*01:01:01:01	DRB1*15:01:01:03	
NA12146	1334	EUR	T1K-four-field	DQB1	complete	1	1	1	2	DQB1*06:02:01:01	DQB1*05:01:01:01	
NA12154	1408	EUR	T1K-four-field	A	complete	1	1	1	2	A*31:01:02:01	A*01:01:01:01	
NA12154	1408	EUR	T1K-four-field	B	complete	1	1	1	2	B*08:01:01:01,HLA-B*08:01:01:27,HLA-B*08:01:01:67	B*40:01:02:01,HLA-B*40:01:02:23	
NA12154	1408	EUR	T1K-four-field	C	complete	1	1	1	2	C*07:01:01:01	C*03:04:01:01	
NA12154	1408	EUR	T1K-four-field	DRB1	complete	1	1	1	2	DRB1*03:01:01:01	DRB1*04:04:01:04,HLA-DRB1*04:04:01:15	
NA12154	1408	EUR	T1K-four-field	DQB1	complete	1	1	1	2	DQB1*03:02:01:01	DQB1*02:01:01:01	
NA12155	1408	EUR	T1K-four-field	A	complete	1	1	1	2	A*01:01:01:01	A*02:01:01:01	
NA12155	1408	EUR	T1K-four-field	B	complete	1	1	1	2	B*44:02:01:01	B*08:01:01:01	
NA12155	1408	EUR	T1K-four-field	C	complete	1	1	1	2	C*07:01:01:01	C*05:01:01:02	
NA12155	1408	EUR	T1K-four-field	DRB1	complete	1	1	1	2	DRB1*03:01:01:01	DRB1*04:01:01:01	
NA12155	1408	EUR	T1K-four-field	DQB1	complete	1	1	1	2	DQB1*02:01:01:01	DQB1*03:01:01:01	
NA12156	1408	EUR	T1K-four-field	A	complete	1	1	1	2	A*11:01:01:01	A*01:01:01:01	
NA12156	1408	EUR	T1K-four-field	B	complete	1	1	1	2	B*50:01:01:01	B*51:01:01:01,HLA-B*51:01:64	
NA12156	1408	EUR	T1K-four-field	C	complete	1	1	0	1	C*06:06:01:01	C*15:02:01:01	
NA12156	1408	EUR	T1K-four-field	DRB1	complete	1	1	1	2	DRB1*07:01:01:01	DRB1*04:07:01:01	
NA12156	1408	EUR	T1K-four-field	DQB1	complete	1	1	0	1	DQB1*02:02:01:01	DQB1*03:01:01:73	
NA12234	1375	EUR	T1K-four-field	A	complete	1	1	1	2	A*11:01:01:01	A*32:01:01:01	
NA12234	1375	EUR	T1K-four-field	B	complete	1	1	1	2	B*40:02:01:01	B*44:03:01:01	
NA12234	1375	EUR	T1K-four-field	C	complete	0	0	0	0	C*16:01:01:01	C*15:02:01:02	missing_or_one_field
NA12234	1375	EUR	T1K-four-field	DRB1	complete	1	1	1	2	DRB1*07:01:01:01	DRB1*14:04:01:03	
NA12234	1375	EUR	T1K-four-field	DQB1	complete	1	1	0	1	DQB1*02:02:01:01	DQB1*05:03:01:01	
NA12236	1408	EUR	T1K-four-field	A	complete	1	1	1	2	A*02:01:01:01	A*02:01:01:01	
NA12236	1408	EUR	T1K-four-field	B	complete	1	1	1	2	B*44:02:01:01	B*07:02:01:19	
NA12236	1408	EUR	T1K-four-field	C	complete	1	1	1	2	C*07:02:01:03	C*05:01:01:02	
NA12236	1408	EUR	T1K-four-field	DRB1	complete	1	1	1	2	DRB1*12:01:01:03	DRB1*04:03:01:01	
NA12236	1408	EUR	T1K-four-field	DQB1	complete	1	1	1	2	DQB1*03:02:01:01	DQB1*03:01:01:73	
NA12239	1334	EUR	T1K-four-field	A	complete	1	1	1	2	A*25:01:01:01	A*68:01:01:02	
NA12239	1334	EUR	T1K-four-field	B	complete	1	1	1	2	B*15:01:01:01	B*18:01:01:02	
NA12239	1334	EUR	T1K-four-field	C	complete	1	1	1	2	C*03:03:01:01	C*12:03:01:01	
NA12239	1334	EUR	T1K-four-field	DRB1	complete	1	1	1	2	DRB1*01:01:01:01	DRB1*04:01:01:01,HLA-DRB1*04:01:01:03	
NA12239	1334	EUR	T1K-four-field	DQB1	complete	1	1	1	2	DQB1*05:01:01:01	DQB1*03:01:01:01	
NA12248	1416	EUR	T1K-four-field	A	complete	1	1	1	2	A*23:01:01:01	A*23:01:01:01	
NA12248	1416	EUR	T1K-four-field	B	complete	1	1	1	2	B*41:01:01:01	B*51:01:01:01	
NA12248	1416	EUR	T1K-four-field	C	complete	0	0	0	0	C*17:01:01:05	C*15:02:01:01	unmappable_name
NA12248	1416	EUR	T1K-four-field	DRB1	complete	1	1	1	2	DRB1*07:01:01:01	DRB1*15:01:01:03	
NA12248	1416	EUR	T1K-four-field	DQB1	complete	1	1	0	1	DQB1*06:02:01:01	DQB1*02:02:01:01	
NA12249	1416	EUR	T1K-four-field	A	complete	1	1	1	2	A*25:01:01:01	A*02:01:01:01	
NA12249	1416	EUR	T1K-four-field	B	complete	0	0	0	0	B*44:02:01:01	B*40:01:02:01,HLA-B*40:01:02:29,HLA-B*40:01:02:63	missing_or_one_field
NA12249	1416	EUR	T1K-four-field	C	complete	1	1	1	2	C*05:01:01:02	C*03:04:01:01	
NA12249	1416	EUR	T1K-four-field	DRB1	complete	1	1	1	2	DRB1*13:02:01:05,HLA-DRB1*13:02:01:09	DRB1*04:01:01:06	
NA12249	1416	EUR	T1K-four-field	DQB1	complete	1	1	1	2	DQB1*03:02:01:01	DQB1*06:04:01:01	
NA12264	1375	EUR	T1K-four-field	A	complete	1	1	1	2	A*32:01:01:01	A*31:01:02:01	
NA12264	1375	EUR	T1K-four-field	B	complete	1	1	0	1	B*40:01:02:01	B*15:01:01:01,HLA-B*15:542	
NA12264	1375	EUR	T1K-four-field	C	complete	1	1	0	1	C*03:04:01:01	C*03:03:01:01	
NA12264	1375	EUR	T1K-four-field	DRB1	complete	1	1	1	2	DRB1*04:04:01:04,HLA-DRB1*04:04:01:15	DRB1*04:04:01:14	
NA12264	1375	EUR	T1K-four-field	DQB1	complete	1	1	1	2	DQB1*03:02:01:01	DQB1*03:02:01:01	
NA12272	1418	EUR	T1K-four-field	A	complete	1	1	1	2	A*02:01:01:137	A*68:01:02:01	
NA12272	1418	EUR	T1K-four-field	B	complete	1	1	1	2	B*44:02:01:03	B*44:02:01:03	
NA12272	1418	EUR	T1K-four-field	C	complete	1	1	1	2	C*07:04:01:01	C*07:04:01:01	
NA12272	1418	EUR	T1K-four-field	DRB1	complete	1	1	0	1	DRB1*10:01:01:01	DRB1*14:54:01:15	
NA12272	1418	EUR	T1K-four-field	DQB1	complete	1	1	1	2	DQB1*05:03:01:01	DQB1*05:01:01:01	
NA12273	1418	EUR	T1K-four-field	A	complete	1	1	1	2	A*02:01:01:01	A*32:01:01:01	
NA12273	1418	EUR	T1K-four-field	B	complete	1	1	1	2	B*44:02:01:03	B*35:01:01:01	
NA12273	1418	EUR	T1K-four-field	C	complete	1	1	0	1	C*04:01:01:06,HLA-C*04:275:01:01	C*07:04:01:01	
NA12273	1418	EUR	T1K-four-field	DRB1	complete	1	1	1	2	DRB1*11:01:01:03	DRB1*13:05:01:01	
NA12273	1418	EUR	T1K-four-field	DQB1	complete	1	1	0	1	DQB1*03:01:01:73	DQB1*03:276N	
NA12274	1418	EUR	T1K-four-field	A	complete	1	1	1	2	A*11:01:01:01	A*01:01:01:01	
NA12274	1418	EUR	T1K-four-field	B	complete	1	1	1	2	B*07:02:01:01	B*08:01:01:01,HLA-B*08:01:01:23,HLA-B*08:01:01:27,HLA-B*08:01:01:30,HLA-B*08:01:01:36,HLA-B*08:01:01:67	
NA12274	1418	EUR	T1K-four-field	C	complete	1	1	1	2	C*07:02:01:79	C*07:01:01:109	
NA12274	1418	EUR	T1K-four-field	DRB1	complete	1	1	1	2	DRB1*03:01:01:01	DRB1*15:01:01:01	
NA12274	1418	EUR	T1K-four-field	DQB1	complete	1	1	1	2	DQB1*06:02:01:01	DQB1*02:01:01:01	
NA12275	1418	EUR	T1K-four-field	A	complete	1	1	1	2	A*23:01:01:01	A*03:01:01:01	
NA12275	1418	EUR	T1K-four-field	B	complete	1	1	1	2	B*14:01:01:01	B*07:02:01:01	
NA12275	1418	EUR	T1K-four-field	C	complete	1	1	1	2	C*07:02:01:03	C*08:02:01:01	
NA12275	1418	EUR	T1K-four-field	DRB1	complete	1	1	1	2	DRB1*15:01:01:01	DRB1*12:01:01:03,HLA-DRB1*12:01:01:08,HLA-DRB1*12:01:01:10,HLA-DRB1*12:01:01:14	
NA12275	1418	EUR	T1K-four-field	DQB1	complete	1	1	1	2	DQB1*06:02:01:01	DQB1*03:01:01:73	
NA12282	1421a	EUR	T1K-four-field	A	complete	1	1	1	2	A*01:01:01:01	A*02:01:01:01	
NA12282	1421a	EUR	T1K-four-field	B	complete	1	1	1	2	B*08:01:01:01	B*37:01:01:01	
NA12282	1421a	EUR	T1K-four-field	C	complete	1	1	1	2	C*03:04:01:01	C*06:02:01:01	
NA12282	1421a	EUR	T1K-four-field	DRB1	complete	1	1	1	2	DRB1*03:01:01:01	DRB1*10:01:01:03	
NA12282	1421a	EUR	T1K-four-field	DQB1	complete	1	1	1	2	DQB1*05:01:01:01	DQB1*02:01:01:01	
NA12283	1421a	EUR	T1K-four-field	A	complete	1	1	1	2	A*02:01:01:01	A*03:01:01:01	
NA12283	1421a	EUR	T1K-four-field	B	complete	1	1	1	2	B*15:01:01:01	B*57:01:01:01	
NA12283	1421a	EUR	T1K-four-field	C	complete	1	1	1	2	C*03:03:01:01	C*06:02:01:01	
NA12283	1421a	EUR	T1K-four-field	DRB1	complete	1	1	1	2	DRB1*01:01:01:01	DRB1*07:01:01:01	
NA12283	1421a	EUR	T1K-four-field	DQB1	complete	1	1	1	2	DQB1*03:03:02:01	DQB1*05:01:01:01	
NA12286	1421	EUR	T1K-four-field	A	complete	1	1	1	2	A*24:02:01:05	A*02:01:01:01	
NA12286	1421	EUR	T1K-four-field	B	complete	1	1	1	2	B*57:01:01:01	B*13:02:01:01	
NA12286	1421	EUR	T1K-four-field	C	complete	1	1	1	2	C*06:02:01:01,HLA-C*06:02:01:10	C*06:02:01:72	
NA12286	1421	EUR	T1K-four-field	DRB1	complete	1	1	1	2	DRB1*07:01:01:01	DRB1*07:01:01:01	
NA12286	1421	EUR	T1K-four-field	DQB1	complete	1	1	0	1	DQB1*03:03:02:01	DQB1*02:02:01:01	
NA12287	1421	EUR	T1K-four-field	A	complete	1	1	1	2	A*11:01:01:01	A*02:01:01:01	
NA12287	1421	EUR	T1K-four-field	B	complete	1	1	0	1	B*51:01:01:01,HLA-B*51:01:01:23,HLA-B*51:01:01:83,HLA-B*51:01:01:118	B*15:01:01:01,HLA-B*15:01:01:30,HLA-B*15:01:01:53,HLA-B*15:01:01:58	
NA12287	1421	EUR	T1K-four-field	C	complete	1	1	1	2	C*03:04:01:01	C*15:02:01:01	
NA12287	1421	EUR	T1K-four-field	DRB1	complete	1	1	1	2	DRB1*04:01:01:01	DRB1*04:04:01:04,HLA-DRB1*04:04:01:07,HLA-DRB1*04:04:01:15	
NA12287	1421	EUR	T1K-four-field	DQB1	complete	1	1	1	2	DQB1*03:02:01:01	DQB1*03:02:01:01	
NA18500	Y004	AFR	T1K-four-field	A	complete	1	1	1	2	A*74:01:01:01	A*33:01:01:01	
NA18500	Y004	AFR	T1K-four-field	B	complete	1	1	1	2	B*58:01:01:01	B*78:01:01:02	
NA18500	Y004	AFR	T1K-four-field	C	complete	1	1	1	2	C*16:01:01:01	C*07:01:01:01	
NA18500	Y004	AFR	T1K-four-field	DRB1	complete	1	1	1	2	DRB1*01:02:01:01	DRB1*07:01:01:01	
NA18500	Y004	AFR	T1K-four-field	DQB1	complete	1	1	0	1	DQB1*05:01:01:01,HLA-DQB1*05:01:01:24,HLA-DQB1*05:01:01:36	DQB1*02:02:01:01	
NA18501	Y004	AFR	T1K-four-field	A	complete	1	1	1	2	A*66:02:01:01	A*33:01:01:01	
NA18501	Y004	AFR	T1K-four-field	B	complete	1	1	1	2	B*14:01:01:01	B*78:01:01:02	
NA18501	Y004	AFR	T1K-four-field	C	complete	1	1	1	2	C*08:02:01:01	C*16:01:01:01	
NA18501	Y004	AFR	T1K-four-field	DRB1	complete	1	1	1	2	DRB1*01:02:01:01	DRB1*13:01:01:10	
NA18501	Y004	AFR	T1K-four-field	DQB1	complete	1	1	1	2	DQB1*05:01:01:01	DQB1*06:03:01:01,HLA-DQB1*06:03:01:09	
NA18502	Y004	AFR	T1K-four-field	A	complete	1	1	1	2	A*74:01:01:01	A*24:24	
NA18502	Y004	AFR	T1K-four-field	B	complete	1	1	1	2	B*14:03	B*58:01:01:01	
NA18502	Y004	AFR	T1K-four-field	C	complete	1	1	1	2	C*07:01:01:01	C*08:02:01:01	
NA18502	Y004	AFR	T1K-four-field	DRB1	complete	1	1	1	2	DRB1*07:01:01:01	DRB1*13:01:01:10	
NA18502	Y004	AFR	T1K-four-field	DQB1	complete	1	1	0	1	DQB1*05:01:01:01	DQB1*02:02:01:01	
NA18515	Y013	AFR	T1K-four-field	A	complete	1	1	1	2	A*03:01:01:05	A*03:01:01:01	
NA18515	Y013	AFR	T1K-four-field	B	complete	1	1	1	2	B*49:01:01:01	B*15:10:01:01	
NA18515	Y013	AFR	T1K-four-field	C	complete	1	1	1	2	C*07:01:02:01	C*04:01:01:01,HLA-C*04:01:01:26,HLA-C*04:01:01:32,HLA-C*04:01:01:88,HLA-C*04:01:01:129,HLA-C*04:01:01:142,HLA-C*04:01:01:173	
NA18515	Y013	AFR	T1K-four-field	DRB1	complete	1	1	1	2	DRB1*13:03:01:03	DRB1*03:02:01:01	
NA18515	Y013	AFR	T1K-four-field	DQB1	complete	1	1	0	1	DQB1*04:02:01:04	DQB1*02:02:01:01	
NA18516	Y013	AFR	T1K-four-field	A	complete	1	1	1	2	A*29:02:01:01	A*03:01:01:01	
NA18516	Y013	AFR	T1K-four-field	B	complete	1	1	1	2	B*53:01:01:01	B*15:10:01:01	
NA18516	Y013	AFR	T1K-four-field	C	complete	1	1	1	2	C*04:01:01:01,HLA-C*04:01:01:32,HLA-C*04:01:01:129	C*04:01:01:145	
NA18516	Y013	AFR	T1K-four-field	DRB1	complete	1	1	1	2	DRB1*08:04:01:01	DRB1*03:02:01:01	
NA18516	Y013	AFR	T1K-four-field	DQB1	complete	1	1	0	1	DQB1*04:02:01:04	DQB1*03:19:01:01	
NA18517	Y013	AFR	T1K-four-field	A	complete	1	1	1	2	A*03:01:01:05	A*74:01:01:01	
NA18517	Y013	AFR	T1K-four-field	B	complete	1	1	1	2	B*49:01:01:01	B*51:01:01:01	
NA18517	Y013	AFR	T1K-four-field	C	complete	1	1	1	2	C*16:01:01:01	C*07:01:02:01	
NA18517	Y013	AFR	T1K-four-field	DRB1	complete	1	1	1	2	DRB1*13:03:01:03	DRB1*12:01:01:03,HLA-DRB1*12:01:01:08	
NA18517	Y013	AFR	T1K-four-field	DQB1	complete	1	1	0	1	DQB1*02:02:01:01	DQB1*03:01:01:73	
NA18526	NA18526	EAS	T1K-four-field	A	complete	1	1	1	2	A*24:02:01:01	A*33:03:01:01	
NA18526	NA18526	EAS	T1K-four-field	B	complete	1	1	1	2	B*40:01:02:01,HLA-B*40:01:02:62	B*58:01:01:01,HLA-B*58:01:01:06	
NA18526	NA18526	EAS	T1K-four-field	C	complete	1	1	1	2	C*03:02:02:01	C*07:02:01:01	
NA18526	NA18526	EAS	T1K-four-field	DRB1	complete	1	1	1	2	DRB1*12:02:01:01,HLA-DRB1*12:02:01:03,HLA-DRB1*12:02:01:11	DRB1*03:01:01:03	
NA18526	NA18526	EAS	T1K-four-field	DQB1	complete	1	1	1	2	DQB1*02:01:01:01	DQB1*03:01:01:07	
NA18530	NA18530	EAS	T1K-four-field	A	complete	1	1	1	2	A*24:02:01:01	A*02:01:01:01	
NA18530	NA18530	EAS	T1K-four-field	B	complete	1	1	1	2	B*48:01:01:01	B*44:03:01:01	
NA18530	NA18530	EAS	T1K-four-field	C	complete	1	1	1	2	C*08:22:01:01	C*04:01:01:01	
NA18530	NA18530	EAS	T1K-four-field	DRB1	complete	1	1	1	2	DRB1*07:01:01:01	DRB1*15:01:01:03	
NA18530	NA18530	EAS	T1K-four-field	DQB1	complete	1	1	1	2	DQB1*02:02:01:01	DQB1*06:02:01:01	
NA18532	NA18532	EAS	T1K-four-field	A	complete	1	1	1	2	A*30:01:01:01	A*68:01:02:01	
NA18532	NA18532	EAS	T1K-four-field	B	complete	1	1	1	2	B*13:02:01:01	B*15:18:01:01	
NA18532	NA18532	EAS	T1K-four-field	C	complete	1	1	1	2	C*07:04:01:01	C*06:02:01:01	
NA18532	NA18532	EAS	T1K-four-field	DRB1	complete	1	1	1	2	DRB1*07:01:01:01	DRB1*04:01:01:01	
NA18532	NA18532	EAS	T1K-four-field	DQB1	complete	1	1	0	1	DQB1*02:02:01:01	DQB1*03:01:01:01	
NA18534	NA18534	EAS	T1K-four-field	A	complete	1	1	1	2	A*11:01:01:01	A*02:01:01:01	
NA18534	NA18534	EAS	T1K-four-field	B	complete	1	1	0	1	B*15:01:01:01	B*58:01:01:01,HLA-B*58:117	
NA18534	NA18534	EAS	T1K-four-field	C	complete	1	1	1	2	C*03:02:02:01	C*04:01:01:01,HLA-C*04:01:01:32,HLA-C*04:01:01:129	
NA18534	NA18534	EAS	T1K-four-field	DRB1	complete	1	1	1	2	DRB1*04:06:01	DRB1*03:01:01:03	
NA18534	NA18534	EAS	T1K-four-field	DQB1	complete	1	1	1	2	DQB1*03:02:01:01	DQB1*02:01:01:01	
NA18536	NA18536	EAS	T1K-four-field	A	complete	1	1	1	2	A*11:01:01:01	A*24:02:01:01	
NA18536	NA18536	EAS	T1K-four-field	B	complete	1	1	1	2	B*48:01:01:01	B*51:02:01:01	
NA18536	NA18536	EAS	T1K-four-field	C	complete	1	1	1	2	C*15:02:01:01	C*07:02:01:01	
NA18536	NA18536	EAS	T1K-four-field	DRB1	complete	1	1	1	2	DRB1*08:03:02:01,HLA-DRB1*08:03:02:02	DRB1*15:01:01:06	
NA18536	NA18536	EAS	T1K-four-field	DQB1	complete	1	1	1	2	DQB1*06:01:01:01	DQB1*06:02:01:01	
NA18537	NA18537	EAS	T1K-four-field	A	complete	1	1	0	1	A*02:07:01:01	A*11:01:01:01	
NA18537	NA18537	EAS	T1K-four-field	B	complete	1	1	1	2	B*38:02:01:01	B*46:01:01:01	
NA18537	NA18537	EAS	T1K-four-field	C	complete	1	1	1	2	C*07:02:01:01	C*01:02:01:01	
NA18537	NA18537	EAS	T1K-four-field	DRB1	complete	1	1	1	2	DRB1*16:02:01:04	DRB1*09:01:02:01	
NA18537	NA18537	EAS	T1K-four-field	DQB1	complete	1	1	1	2	DQB1*03:03:02:02	DQB1*05:02:01:01	
NA18542	NA18542	EAS	T1K-four-field	A	complete	1	1	1	2	A*11:01:01:01	A*33:03:01:01	
NA18542	NA18542	EAS	T1K-four-field	B	complete	1	1	1	2	B*46:01:01:01	B*58:01:01:01,HLA-B*58:01:01:17	
NA18542	NA18542	EAS	T1K-four-field	C	complete	1	1	0	1	C*03:02:02:01	C*01:172	
NA18542	NA18542	EAS	T1K-four-field	DRB1	complete	1	1	1	2	DRB1*03:01:01:03	DRB1*09:01:02:01	
NA18542	NA18542	EAS	T1K-four-field	DQB1	complete	1	1	1	2	DQB1*02:01:01:01	DQB1*03:03:02:02	
NA18543	NA18543	EAS	T1K-four-field	A	complete	1	1	1	2	A*11:01:01:01	A*11:01:01:01	
NA18543	NA18543	EAS	T1K-four-field	B	complete	1	1	1	2	B*13:01:01:01	B*46:01:01:01	
NA18543	NA18543	EAS	T1K-four-field	C	complete	1	1	1	2	C*03:04:01:01	C*01:02:01:01	
NA18543	NA18543	EAS	T1K-four-field	DRB1	complete	1	1	1	2	DRB1*09:01:02:01	DRB1*15:01:01:03	
NA18543	NA18543	EAS	T1K-four-field	DQB1	complete	1	1	1	2	DQB1*03:03:02:02	DQB1*06:01:01:01	
NA18544	NA18544	EAS	T1K-four-field	A	complete	1	1	1	2	A*01:01:01:01	A*11:01:01:01	
NA18544	NA18544	EAS	T1K-four-field	B	complete	1	1	1	2	B*07:02:01:01	B*52:01:01:01	
NA18544	NA18544	EAS	T1K-four-field	C	complete	1	1	1	2	C*07:02:01:03	C*12:02:02:01	
NA18544	NA18544	EAS	T1K-four-field	DRB1	complete	1	1	1	2	DRB1*01:01:01:01	DRB1*15:02:01:05	
NA18544	NA18544	EAS	T1K-four-field	DQB1	complete	1	1	1	2	DQB1*05:01:01:01	DQB1*06:01:01:01	
NA18545	NA18545	EAS	T1K-four-field	A	complete	1	1	1	2	A*11:01:01:01	A*24:02:01:01	
NA18545	NA18545	EAS	T1K-four-field	B	complete	1	1	1	2	B*40:01:02:01	B*40:01:02:01	
NA18545	NA18545	EAS	T1K-four-field	C	complete	1	1	0	1	C*04:82:01	C*07:02:01:01	
NA18545	NA18545	EAS	T1K-four-field	DRB1	complete	1	1	1	2	DRB1*04:03:01:01,HLA-DRB1*04:03:01:02	DRB1*04:05:01:05,HLA-DRB1*04:05:01:07,HLA-DRB1*04:05:01:09	
NA18545	NA18545	EAS	T1K-four-field	DQB1	complete	1	1	1	2	DQB1*03:02:01:01	DQB1*04:01:01:02	
NA18546	NA18546	EAS	T1K-four-field	A	complete	1	1	1	2	A*11:01:01:01	A*11:01:01:01	
NA18546	NA18546	EAS	T1K-four-field	B	complete	1	1	0	1	B*40:01:02:01,HLA-B*40:01:02:62	B*58:01:01:01,HLA-B*58:01:01:06,HLA-B*58:01:01:15,HLA-B*58:01:01:17,HLA-B*58:117,HLA-B*58:120	
NA18546	NA18546	EAS	T1K-four-field	C	complete	1	1	1	2	C*03:02:02:01	C*03:04:01:01	
NA18546	NA18546	EAS	T1K-four-field	DRB1	complete	1	1	1	2	DRB1*03:01:01:03	DRB1*04:05:01:01,HLA-DRB1*04:05:01:02,HLA-DRB1*04:05:01:05,HLA-DRB1*04:05:01:07,HLA-DRB1*04:05:01:09	
NA18546	NA18546	EAS	T1K-four-field	DQB1	complete	1	1	1	2	DQB1*02:01:01:01	DQB1*04:01:01:02	
NA18547	NA18547	EAS	T1K-four-field	A	complete	1	1	1	2	A*68:01:01:02	A*02:03:01:01	
NA18547	NA18547	EAS	T1K-four-field	B	complete	1	1	1	2	B*38:01:01:01	B*15:02:01:01	
NA18547	NA18547	EAS	T1K-four-field	C	complete	1	1	1	2	C*08:01:01:01	C*12:03:01:01	
NA18547	NA18547	EAS	T1K-four-field	DRB1	complete	1	1	1	2	DRB1*13:01:01:02	DRB1*04:01:01:01,HLA-DRB1*04:01:01:03	
NA18547	NA18547	EAS	T1K-four-field	DQB1	complete	1	1	1	2	DQB1*03:02:01:01	DQB1*06:03:01:01	
NA18548	NA18548	EAS	T1K-four-field	A	complete	1	1	1	2	A*30:01:01:01	A*31:01:02:01	
NA18548	NA18548	EAS	T1K-four-field	B	complete	1	1	1	2	B*40:02:01:01	B*51:01:01:01	
NA18548	NA18548	EAS	T1K-four-field	C	complete	0	0	0	0	C*03:04:01:01	C*14:02:01:01	missing_or_one_field
NA18548	NA18548	EAS	T1K-four-field	DRB1	complete	1	1	1	2	DRB1*09:01:02:01	DRB1*01:01:01:01	
NA18548	NA18548	EAS	T1K-four-field	DQB1	complete	1	1	1	2	DQB1*03:03:02:02	DQB1*05:01:01:01	
NA18549	NA18549	EAS	T1K-four-field	A	complete	1	1	1	2	A*33:03:01:01	A*02:03:01:01	
NA18549	NA18549	EAS	T1K-four-field	B	complete	1	1	0	1	B*58:01:01:01,HLA-B*58:01:01:06,HLA-B*58:01:01:15,HLA-B*58:01:01:17,HLA-B*58:120	B*55:02:01:01	
NA18549	NA18549	EAS	T1K-four-field	C	complete	1	1	1	2	C*03:02:02:01	C*12:03:01:01	
NA18549	NA18549	EAS	T1K-four-field	DRB1	complete	1	1	1	2	DRB1*16:02:01:04	DRB1*01:01:01:01	
NA18549	NA18549	EAS	T1K-four-field	DQB1	complete	1	1	1	2	DQB1*05:02:01:01	DQB1*05:01:01:01	
NA18550	NA18550	EAS	T1K-four-field	A	complete	1	1	0	0	A*02:07:01:01	A*02:07:01:01	
NA18550	NA18550	EAS	T1K-four-field	B	complete	1	1	1	2	B*13:01:01:01	B*46:01:01:01	
NA18550	NA18550	EAS	T1K-four-field	C	complete	1	1	1	2	C*03:04:01:01	C*01:02:01:01	
NA18550	NA18550	EAS	T1K-four-field	DRB1	complete	1	1	1	2	DRB1*09:01:02:01	DRB1*15:01:01:03	
NA18550	NA18550	EAS	T1K-four-field	DQB1	complete	1	1	1	2	DQB1*03:03:02:02	DQB1*06:01:01:01	
NA18552	NA18552	EAS	T1K-four-field	A	complete	1	1	0	1	A*11:01:01:01	A*02:07:01:01	
NA18552	NA18552	EAS	T1K-four-field	B	complete	1	1	1	2	B*46:01:01:01	B*40:02:01:01	
NA18552	NA18552	EAS	T1K-four-field	C	complete	1	1	0	1	C*15:02:01:01,HLA-C*15:02:01:57,HLA-C*15:176	C*01:02:01:01,HLA-C*01:02:01:23,HLA-C*01:02:01:57	
NA18552	NA18552	EAS	T1K-four-field	DRB1	complete	1	1	1	2	DRB1*09:01:02:01	DRB1*12:02:01:01,HLA-DRB1*12:02:01:03	
NA18552	NA18552	EAS	T1K-four-field	DQB1	complete	1	1	1	2	DQB1*05:02:01:01	DQB1*03:03:02:02	
NA18555	NA18555	EAS	T1K-four-field	A	complete	1	1	1	2	A*11:01:01:01	A*02:06:01:01	
NA18555	NA18555	EAS	T1K-four-field	B	complete	1	1	0	1	B*07:06:01:01	B*54:01:01:01	
NA18555	NA18555	EAS	T1K-four-field	C	complete	1	1	1	2	C*01:02:01:01	C*07:02:01:01	
NA18555	NA18555	EAS	T1K-four-field	DRB1	complete	1	1	1	2	DRB1*11:01:01:01	DRB1*04:05:01:01,HLA-DRB1*04:05:01:07	
NA18555	NA18555	EAS	T1K-four-field	DQB1	complete	1	1	1	2	DQB1*04:01:01:02	DQB1*03:01:01:73	
NA18557	NA18557	EAS	T1K-four-field	A	complete	1	1	1	2	A*02:01:01:01	A*03:01:01:01	
NA18557	NA18557	EAS	T1K-four-field	B	complete	1	1	1	2	B*44:02:01:01	B*35:03:01:01,HLA-B*35:03:01:38	
NA18557	NA18557	EAS	T1K-four-field	C	complete	1	1	1	2	C*05:01:01:02	C*12:03:01:01	
NA18557	NA18557	EAS	T1K-four-field	DRB1	complete	1	1	1	2	DRB1*07:01:01:01	DRB1*13:01:01:20	
NA18557	NA18557	EAS	T1K-four-field	DQB1	complete	1	1	1	2	DQB1*03:03:02:01	DQB1*06:03:01:01	
NA18558	NA18558	EAS	T1K-four-field	A	complete	1	1	1	2	A*24:02:01:01	A*02:01:01:01	
NA18558	NA18558	EAS	T1K-four-field	B	complete	1	1	1	2	B*67:01:01	B*48:01:01:01	
NA18558	NA18558	EAS	T1K-four-field	C	complete	1	1	1	2	C*08:01:01:01	C*07:02:01:01	
NA18558	NA18558	EAS	T1K-four-field	DRB1	complete	1	1	1	2	DRB1*15:01:01:03	DRB1*09:01:02:01	
NA18558	NA18558	EAS	T1K-four-field	DQB1	complete	1	1	1	2	DQB1*06:02:01:01	DQB1*03:03:02:02	
NA18559	NA18559	EAS	T1K-four-field	A	complete	1	1	1	2	A*11:01:01:01	A*01:01:01:01	
NA18559	NA18559	EAS	T1K-four-field	B	complete	1	1	1	2	B*37:01:01:01,HLA-B*37:01:39	B*15:02:01:01	
NA18559	NA18559	EAS	T1K-four-field	C	complete	1	1	1	2	C*08:01:01:01	C*06:02:01:10	
NA18559	NA18559	EAS	T1K-four-field	DRB1	complete	1	1	1	2	DRB1*10:01:01:03	DRB1*13:12:01	
NA18559	NA18559	EAS	T1K-four-field	DQB1	complete	1	1	1	2	DQB1*05:01:01:01	DQB1*03:01:01:01	
NA18561	NA18561	EAS	T1K-four-field	A	complete	1	1	1	2	A*26:01:01:01	A*24:02:01:01	
NA18561	NA18561	EAS	T1K-four-field	B	complete	1	1	1	2	B*59:01:01:01	B*39:01:01:01,HLA-B*39:01:01:02L	
NA18561	NA18561	EAS	T1K-four-field	C	complete	1	1	1	2	C*07:02:01:01	C*01:02:01:01	
NA18561	NA18561	EAS	T1K-four-field	DRB1	complete	1	1	1	2	DRB1*08:03:02:01,HLA-DRB1*08:03:02:02	DRB1*04:05:01:03	
NA18561	NA18561	EAS	T1K-four-field	DQB1	complete	1	1	1	2	DQB1*06:01:01:01	DQB1*04:01:01:02	
NA18562	NA18562	EAS	T1K-four-field	A	complete	1	1	1	2	A*33:03:01:01	A*11:01:01:01	
NA18562	NA18562	EAS	T1K-four-field	B	complete	1	1	1	2	B*52:01:01:01	B*51:01:01:01	
NA18562	NA18562	EAS	T1K-four-field	C	complete	1	1	1	2	C*14:02:01:01	C*12:02:02:01	
NA18562	NA18562	EAS	T1K-four-field	DRB1	complete	1	1	1	2	DRB1*09:01:02:01	DRB1*12:02:01:03	
NA18562	NA18562	EAS	T1K-four-field	DQB1	complete	1	1	1	2	DQB1*03:03:02:02	DQB1*03:01:01:07	
NA18563	NA18563	EAS	T1K-four-field	A	complete	1	1	1	2	A*02:01:01:01	A*33:03:01:01	
NA18563	NA18563	EAS	T1K-four-field	B	complete	1	1	1	2	B*48:01:01:01	B*51:01:01:01	
NA18563	NA18563	EAS	T1K-four-field	C	complete	1	1	0	1	C*15:02:01:01	C*08:03:01:01	
NA18563	NA18563	EAS	T1K-four-field	DRB1	complete	1	1	1	2	DRB1*04:03:01:01	DRB1*14:07:01	
NA18563	NA18563	EAS	T1K-four-field	DQB1	complete	1	1	1	2	DQB1*03:02:01:01	DQB1*05:02:01:01	
NA18564	NA18564	EAS	T1K-four-field	A	complete	1	1	1	2	A*02:01:01:01	A*30:01:01:01	
NA18564	NA18564	EAS	T1K-four-field	B	complete	1	1	1	2	B*13:02:01:01	B*13:01:01:01	
NA18564	NA18564	EAS	T1K-four-field	C	complete	1	1	1	2	C*03:04:01:01	C*06:02:01:01	
NA18564	NA18564	EAS	T1K-four-field	DRB1	complete	1	1	1	2	DRB1*07:01:01:01	DRB1*12:02:01:05,HLA-DRB1*12:02:01:06	
NA18564	NA18564	EAS	T1K-four-field	DQB1	complete	1	1	0	1	DQB1*02:02:01:01	DQB1*03:01:01:07	
NA18566	NA18566	EAS	T1K-four-field	A	complete	1	1	1	2	A*02:01:01:137	A*33:03:01:01	
NA18566	NA18566	EAS	T1K-four-field	B	complete	1	1	1	2	B*08:01:01:01	B*35:01:01:01	
NA18566	NA18566	EAS	T1K-four-field	C	complete	1	1	1	2	C*07:02:01:01	C*03:03:01:01	
NA18566	NA18566	EAS	T1K-four-field	DRB1	complete	1	1	1	2	DRB1*03:01:01:03	DRB1*13:02:01:02,HLA-DRB1*13:02:01:07	
NA18566	NA18566	EAS	T1K-four-field	DQB1	complete	1	1	1	2	DQB1*06:04:01:01	DQB1*02:01:01:01	
NA18571	NA18571	EAS	T1K-four-field	A	complete	1	1	1	2	A*24:02:01:01	A*03:02:01:01	
NA18571	NA18571	EAS	T1K-four-field	B	complete	1	1	1	2	B*51:01:01:01,HLA-B*51:01:01:31	B*40:01:02:01	
NA18571	NA18571	EAS	T1K-four-field	C	complete	1	1	1	2	C*07:02:01:01	C*15:02:01:01	
NA18571	NA18571	EAS	T1K-four-field	DRB1	complete	1	1	1	2	DRB1*08:01:01:01	DRB1*04:05:01:01,HLA-DRB1*04:05:01:02,HLA-DRB1*04:05:01:03,HLA-DRB1*04:05:01:05,HLA-DRB1*04:05:01:07	
NA18571	NA18571	EAS	T1K-four-field	DQB1	complete	1	1	1	2	DQB1*03:02:01:01	DQB1*04:02:01:04	
NA18572	NA18572	EAS	T1K-four-field	A	complete	1	1	1	2	A*24:02:01:01	A*31:01:02:01	
NA18572	NA18572	EAS	T1K-four-field	B	complete	1	1	1	2	B*54:01:01:01	B*15:01:01:01	
NA18572	NA18572	EAS	T1K-four-field	C	complete	1	1	1	2	C*03:03:01:01	C*01:02:01:01	
NA18572	NA18572	EAS	T1K-four-field	DRB1	complete	1	1	0	0	DRB1*14:05:01:02,HLA-DRB1*14:05:01:03	DRB1*14:54:01:11	
NA18572	NA18572	EAS	T1K-four-field	DQB1	complete	1	1	1	2	DQB1*05:03:01:01	DQB1*05:02:01:01	
NA18573	NA18573	EAS	T1K-four-field	A	complete	1	1	0	0	A*02:07:01:01	A*02:07:01:01	
NA18573	NA18573	EAS	T1K-four-field	B	complete	1	1	1	2	B*54:01:01:01	B*46:01:01:01	
NA18573	NA18573	EAS	T1K-four-field	C	complete	1	1	1	2	C*07:02:01:01	C*01:02:01:01	
NA18573	NA18573	EAS	T1K-four-field	DRB1	complete	1	1	1	2	DRB1*09:01:02:01	DRB1*04:05:01:01,HLA-DRB1*04:05:01:07	
NA18573	NA18573	EAS	T1K-four-field	DQB1	complete	1	1	1	2	DQB1*03:03:02:02	DQB1*04:01:01:02	
NA18577	NA18577	EAS	T1K-four-field	A	complete	1	1	1	2	A*02:01:01:01	A*02:01:01:165	
NA18577	NA18577	EAS	T1K-four-field	B	complete	1	1	0	1	B*40:01:02:01	B*40:01:02:01	
NA18577	NA18577	EAS	T1K-four-field	C	complete	1	1	1	2	C*01:02:01:01	C*15:02:01:01	
NA18577	NA18577	EAS	T1K-four-field	DRB1	complete	1	1	1	2	DRB1*08:03:02:01,HLA-DRB1*08:03:02:02	DRB1*14:05:01:03	missing_or_one_field
NA18577	NA18577	EAS	T1K-four-field	DQB1	complete	1	1	1	2	DQB1*06:01:01:01	DQB1*05:03:01:01	missing_or_one_field
NA18579	NA18579	EAS	T1K-four-field	A	complete	1	1	1	2	A*11:01:01:01	A*11:01:01:01	
NA18579	NA18579	EAS	T1K-four-field	B	complete	1	1	0	1	B*81:02:01	B*52:01:01:01	
NA18579	NA18579	EAS	T1K-four-field	C	complete	1	1	0	1	C*08:22:01:01	C*12:02:02:01	
NA18579	NA18579	EAS	T1K-four-field	DRB1	complete	1	1	1	2	DRB1*15:02:01:03	DRB1*12:01:01:03,HLA-DRB1*12:01:01:08,HLA-DRB1*12:01:01:14	missing_or_one_field
NA18579	NA18579	EAS	T1K-four-field	DQB1	complete	1	1	1	2	DQB1*06:01:01:01	DQB1*03:01:01:73	missing_or_one_field
NA18582	NA18582	EAS	T1K-four-field	A	complete	1	1	1	2	A*24:02:01:01	A*11:01:01:01	
NA18582	NA18582	EAS	T1K-four-field	B	complete	1	1	1	2	B*52:01:01:01	B*40:01:02:01,HLA-B*40:01:02:62	
NA18582	NA18582	EAS	T1K-four-field	C	complete	1	1	1	2	C*07:02:01:01	C*12:02:02:01	
NA18582	NA18582	EAS	T1K-four-field	DRB1	complete	1	1	1	2	DRB1*08:03:02:01,HLA-DRB1*08:03:02:02	DRB1*09:01:02:01	
NA18582	NA18582	EAS	T1K-four-field	DQB1	complete	1	1	1	2	DQB1*06:01:01:01	DQB1*03:03:02:02	
NA18592	NA18592	EAS	T1K-four-field	A	complete	1	1	1	2	A*31:01:02:01	A*24:02:01:01	
NA18592	NA18592	EAS	T1K-four-field	B	complete	1	1	1	2	B*40:06:01:01	B*15:18:01:01	
NA18592	NA18592	EAS	T1K-four-field	C	complete	1	1	0	1	C*08:22:01:01	C*08:01:01:01	
NA18592	NA18592	EAS	T1K-four-field	DRB1	complete	1	1	1	2	DRB1*15:01:01:03	DRB1*08:03:02:01,HLA-DRB1*08:03:02:02	
NA18592	NA18592	EAS	T1K-four-field	DQB1	complete	1	1	1	2	DQB1*06:01:01:01	DQB1*06:02:01:01	
NA18593	NA18593	EAS	T1K-four-field	A	complete	1	1	1	2	A*01:01:01:01	A*24:02:01:01	
NA18593	NA18593	EAS	T1K-four-field	B	complete	1	1	1	2	B*40:01:02:01,HLA-B*40:01:02:62	B*37:01:01:01	
NA18593	NA18593	EAS	T1K-four-field	C	complete	1	1	0	1	C*06:02:01:01	C*04:82:01	
NA18593	NA18593	EAS	T1K-four-field	DRB1	complete	1	1	1	2	DRB1*10:01:01:03	DRB1*04:03:01:02,HLA-DRB1*04:03:01:03	
NA18593	NA18593	EAS	T1K-four-field	DQB1	complete	1	1	1	2	DQB1*03:02:01:01	DQB1*05:01:01:01	
NA18595	NA18595	EAS	T1K-four-field	A	complete	1	1	1	2	A*02:01:01:01	A*11:01:01:01	
NA18595	NA18595	EAS	T1K-four-field	B	complete	1	1	1	2	B*44:02:01:01	B*40:01:02:01,HLA-B*40:01:02:62	
NA18595	NA18595	EAS	T1K-four-field	C	complete	1	1	1	2	C*15:02:01:01	C*05:01:01:02	
NA18595	NA18595	EAS	T1K-four-field	DRB1	complete	1	1	1	2	DRB1*15:01:01:05	DRB1*15:01:01:03	
NA18595	NA18595	EAS	T1K-four-field	DQB1	complete	1	1	1	2	DQB1*06:02:01:01	DQB1*06:02:01:01	
NA18596	NA18596	EAS	T1K-four-field	A	complete	1	1	1	2	A*03:01:01:01	A*24:02:01:01	
NA18596	NA18596	EAS	T1K-four-field	B	complete	1	1	1	2	B*35:01:01:01	B*46:01:01:01	
NA18596	NA18596	EAS	T1K-four-field	C	complete	1	1	1	2	C*01:02:01:01	C*04:01:01:57	
NA18596	NA18596	EAS	T1K-four-field	DRB1	complete	1	1	1	2	DRB1*01:01:01:01	DRB1*09:01:02:01	
NA18596	NA18596	EAS	T1K-four-field	DQB1	complete	1	1	1	2	DQB1*03:03:02:02	DQB1*05:01:01:01	
NA18597	NA18597	EAS	T1K-four-field	A	complete	1	1	1	2	A*11:01:01:01	A*24:02:01:01	
NA18597	NA18597	EAS	T1K-four-field	B	complete	1	1	1	2	B*51:01:01:01	B*35:01:01:01	
NA18597	NA18597	EAS	T1K-four-field	C	complete	1	1	0	1	C*14:02:01:01,HLA-C*14:115	C*04:01:01:01	
NA18597	NA18597	EAS	T1K-four-field	DRB1	complete	1	1	1	2	DRB1*09:01:02:01	DRB1*07:01:01:01	
NA18597	NA18597	EAS	T1K-four-field	DQB1	complete	1	1	1	2	DQB1*03:03:02:02	DQB1*02:02:01:01	
NA18599	NA18599	EAS	T1K-four-field	A	complete	1	1	1	2	A*24:02:01:01	A*26:01:01:01	
NA18599	NA18599	EAS	T1K-four-field	B	complete	1	1	1	2	B*13:02:01:01	B*54:01:01:01	
NA18599	NA18599	EAS	T1K-four-field	C	complete	1	1	1	2	C*06:02:01:01	C*01:02:01:01	
NA18599	NA18599	EAS	T1K-four-field	DRB1	complete	1	1	1	2	DRB1*07:01:01:01	DRB1*04:05:01:01,HLA-DRB1*04:05:01:03,HLA-DRB1*04:05:01:07	
NA18599	NA18599	EAS	T1K-four-field	DQB1	complete	1	1	1	2	DQB1*04:01:01:02	DQB1*02:02:01:01	
NA18602	NA18602	EAS	T1K-four-field	A	complete	1	1	1	2	A*24:02:01:01	A*31:01:02:01	
NA18602	NA18602	EAS	T1K-four-field	B	complete	1	1	1	2	B*15:07:01:01	B*54:01:01:01	
NA18602	NA18602	EAS	T1K-four-field	C	complete	1	1	1	2	C*03:03:01:01	C*01:02:01:01	
NA18602	NA18602	EAS	T1K-four-field	DRB1	complete	1	1	1	2	DRB1*04:04:01:08	DRB1*04:05:01:07	
NA18602	NA18602	EAS	T1K-four-field	DQB1	complete	1	1	1	2	DQB1*04:01:01:02	DQB1*03:02:01:01	
NA18603	NA18603	EAS	T1K-four-field	A	complete	1	1	1	2	A*02:06:01:01	A*30:01:01:01	
NA18603	NA18603	EAS	T1K-four-field	B	complete	1	1	1	2	B*13:02:01:01	B*40:06:01:01	
NA18603	NA18603	EAS	T1K-four-field	C	complete	1	1	1	2	C*08:01:01:01	C*06:02:01:01	
NA18603	NA18603	EAS	T1K-four-field	DRB1	complete	1	1	1	2	DRB1*07:01:01:01	DRB1*09:01:02:01	
NA18603	NA18603	EAS	T1K-four-field	DQB1	complete	1	1	0	1	DQB1*03:03:02:02	DQB1*02:02:01:01	
NA18605	NA18605	EAS	T1K-four-field	A	complete	1	1	1	2	A*02:06:01:01	A*02:03:01:01	
NA18605	NA18605	EAS	T1K-four-field	B	complete	1	1	1	2	B*38:02:01:01	B*15:01:01:01	
NA18605	NA18605	EAS	T1K-four-field	C	complete	1	1	1	2	C*03:03:01:01	C*07:02:01:01	
NA18605	NA18605	EAS	T1K-four-field	DRB1	complete	1	1	1	2	DRB1*15:01:01:03	DRB1*08:03:02:01,HLA-DRB1*08:03:02:02	
NA18605	NA18605	EAS	T1K-four-field	DQB1	complete	1	1	1	2	DQB1*06:02:01:01	DQB1*06:01:01:01	
NA18606	NA18606	EAS	T1K-four-field	A	complete	1	1	1	2	A*11:01:01:01	A*02:06:01:01	
NA18606	NA18606	EAS	T1K-four-field	B	complete	1	1	1	2	B*13:01:01:01	B*46:01:01:01	
NA18606	NA18606	EAS	T1K-four-field	C	complete	1	1	1	2	C*03:04:04	C*03:03:01:01	
NA18606	NA18606	EAS	T1K-four-field	DRB1	complete	1	1	1	2	DRB1*09:01:02:01	DRB1*09:01:02:01	
NA18606	NA18606	EAS	T1K-four-field	DQB1	complete	1	1	1	2	DQB1*03:03:02:02	DQB1*03:03:02:02	
NA18609	NA18609	EAS	T1K-four-field	A	complete	1	1	1	2	A*03:01:01:01	A*02:03:01:01	
NA18609	NA18609	EAS	T1K-four-field	B	complete	1	1	1	2	B*38:02:01:01	B*35:03:01:01	
NA18609	NA18609	EAS	T1K-four-field	C	complete	1	1	1	2	C*07:02:01:01	C*12:03:01:01	
NA18609	NA18609	EAS	T1K-four-field	DRB1	complete	1	1	0	1	DRB1*08:03:02:01,HLA-DRB1*08:03:02:02	DRB1*14:54:01:11	
NA18609	NA18609	EAS	T1K-four-field	DQB1	complete	1	1	1	2	DQB1*05:02:01:01	DQB1*06:01:01:01	
NA18610	NA18610	EAS	T1K-four-field	A	complete	1	1	1	2	A*11:01:01:01	A*24:02:01:01	
NA18610	NA18610	EAS	T1K-four-field	B	complete	1	1	1	2	B*35:01:01:01	B*52:01:01:01	
NA18610	NA18610	EAS	T1K-four-field	C	complete	1	1	1	2	C*03:03:01:01	C*12:02:02:01	
NA18610	NA18610	EAS	T1K-four-field	DRB1	complete	1	1	1	2	DRB1*10:01:01:03	DRB1*15:01:01:01	
NA18610	NA18610	EAS	T1K-four-field	DQB1	complete	1	1	1	2	DQB1*05:01:01:01	DQB1*06:02:01:01	
NA18611	NA18611	EAS	T1K-four-field	A	complete	1	1	1	2	A*11:01:04	A*11:01:01:01	
NA18611	NA18611	EAS	T1K-four-field	B	complete	1	1	1	2	B*46:01:01:01	B*51:01:01:01,HLA-B*51:01:01:23,HLA-B*51:01:01:31,HLA-B*51:01:64	
NA18611	NA18611	EAS	T1K-four-field	C	complete	1	1	1	2	C*14:02:01:01	C*07:02:01:01	
NA18611	NA18611	EAS	T1K-four-field	DRB1	complete	1	1	1	2	DRB1*16:02:01:04	DRB1*11:01:01:16	
NA18611	NA18611	EAS	T1K-four-field	DQB1	complete	1	1	1	2	DQB1*05:02:01:02	DQB1*03:01:01:01	
NA18612	NA18612	EAS	T1K-four-field	A	complete	1	1	1	2	A*01:01:01:01	A*02:06:01:01	missing_or_one_field
NA18612	NA18612	EAS	T1K-four-field	B	complete	1	1	1	2	B*57:01:01:01	B*40:06:01:01	missing_or_one_field
NA18612	NA18612	EAS	T1K-four-field	C	complete	1	1	1	2	C*06:02:01:10	C*08:01:01:01	missing_or_one_field
NA18612	NA18612	EAS	T1K-four-field	DRB1	complete	1	1	1	2	DRB1*15:01:01:03	DRB1*13:02:01:09	
NA18612	NA18612	EAS	T1K-four-field	DQB1	complete	1	1	1	2	DQB1*06:02:01:01	DQB1*06:04:01:01	
NA18613	NA18613	EAS	T1K-four-field	A	complete	1	1	1	2	A*24:02:01:01	A*11:01:01:01	
NA18613	NA18613	EAS	T1K-four-field	B	complete	1	1	1	2	B*13:01:01:01	B*51:01:01:01	
NA18613	NA18613	EAS	T1K-four-field	C	complete	1	1	1	2	C*03:04:01:01	C*14:02:01:01	
NA18613	NA18613	EAS	T1K-four-field	DRB1	complete	1	1	1	2	DRB1*08:03:02:01,HLA-DRB1*08:03:02:02	DRB1*03:01:01:03	
NA18613	NA18613	EAS	T1K-four-field	DQB1	complete	1	1	1	2	DQB1*02:01:01:01	DQB1*06:01:01:01	
NA18614	NA18614	EAS	T1K-four-field	A	complete	1	1	1	2	A*31:01:02:01	A*33:03:01:01	
NA18614	NA18614	EAS	T1K-four-field	B	complete	1	1	1	2	B*46:01:01:01	B*58:01:01:01	
NA18614	NA18614	EAS	T1K-four-field	C	complete	1	1	1	2	C*03:02:02:01	C*01:02:01:01	
NA18614	NA18614	EAS	T1K-four-field	DRB1	complete	1	1	1	2	DRB1*03:01:01:03	DRB1*09:01:02:01	
NA18614	NA18614	EAS	T1K-four-field	DQB1	complete	1	1	1	2	DQB1*03:03:02:02	DQB1*02:01:01:01	
NA18615	NA18615	EAS	T1K-four-field	A	complete	1	1	1	2	A*02:07:01:01	A*30:01:01:01	
NA18615	NA18615	EAS	T1K-four-field	B	complete	1	1	1	2	B*13:02:01:01	B*46:01:01:01	
NA18615	NA18615	EAS	T1K-four-field	C	complete	1	1	1	2	C*01:02:01:01,HLA-C*01:02:01:23,HLA-C*01:02:01:57	C*06:02:01:01	
NA18615	NA18615	EAS	T1K-four-field	DRB1	complete	1	1	1	2	DRB1*08:03:02:01,HLA-DRB1*08:03:02:02	DRB1*07:01:01:01	
NA18615	NA18615	EAS	T1K-four-field	DQB1	complete	1	1	1	2	DQB1*06:01:01:01	DQB1*02:02:01:01	
NA18616	NA18616	EAS	T1K-four-field	A	complete	1	1	1	2	A*24:02:01:01	A*02:01:01:01	
NA18616	NA18616	EAS	T1K-four-field	B	complete	1	1	1	2	B*40:01:02:01,HLA-B*40:01:02:62	B*15:18:01:01	
NA18616	NA18616	EAS	T1K-four-field	C	complete	1	1	1	2	C*07:02:01:01	C*08:01:01:01	
NA18616	NA18616	EAS	T1K-four-field	DRB1	complete	1	1	1	2	DRB1*11:01:01:03	DRB1*11:01:01:03	
NA18616	NA18616	EAS	T1K-four-field	DQB1	complete	1	1	0	1	DQB1*03:01:01:73	DQB1*03:276N	
NA18617	NA18617	EAS	T1K-four-field	A	complete	1	1	1	2	A*02:01:01:01	A*33:03:01:01	
NA18617	NA18617	EAS	T1K-four-field	B	complete	1	1	1	2	B*40:01:02:01,HLA-B*40:01:02:62	B*58:01:01:01	
NA18617	NA18617	EAS	T1K-four-field	C	complete	1	1	1	2	C*03:02:02:01	C*15:02:01:01	
NA18617	NA18617	EAS	T1K-four-field	DRB1	complete	1	1	1	2	DRB1*04:05:01:05,HLA-DRB1*04:05:01:07,HLA-DRB1*04:05:01:09	DRB1*03:01:01:02	
NA18617	NA18617	EAS	T1K-four-field	DQB1	complete	1	1	1	2	DQB1*02:01:01:01	DQB1*04:01:01:02	
NA18618	NA18618	EAS	T1K-four-field	A	complete	1	1	1	2	A*24:02:01:01	A*02:01:01:01	
NA18618	NA18618	EAS	T1K-four-field	B	complete	1	1	1	2	B*40:01:02:01	B*15:27:01:01	
NA18618	NA18618	EAS	T1K-four-field	C	complete	1	1	1	2	C*03:04:01:01	C*04:01:01:01	
NA18618	NA18618	EAS	T1K-four-field	DRB1	complete	1	1	1	2	DRB1*11:01:01:03	DRB1*12:01:01:03,HLA-DRB1*12:01:01:08,HLA-DRB1*12:01:01:14	
NA18618	NA18618	EAS	T1K-four-field	DQB1	complete	1	1	1	2	DQB1*03:01:01:73	DQB1*03:01:01:01	
NA18619	NA18619	EAS	T1K-four-field	A	complete	1	1	1	2	A*33:03:01:01	A*02:03:01:01	
NA18619	NA18619	EAS	T1K-four-field	B	complete	1	1	0	1	B*40:150	B*58:01:01:01	
NA18619	NA18619	EAS	T1K-four-field	C	complete	1	1	1	2	C*03:04:01:01	C*03:02:02:01	
NA18619	NA18619	EAS	T1K-four-field	DRB1	complete	1	1	1	2	DRB1*15:02:01:06	DRB1*15:02:01:03	
NA18619	NA18619	EAS	T1K-four-field	DQB1	complete	1	1	1	2	DQB1*06:01:01:01	DQB1*05:01:24:01	
NA18621	NA18621	EAS	T1K-four-field	A	complete	1	1	1	2	A*24:02:01:01	A*11:01:01:01	
NA18621	NA18621	EAS	T1K-four-field	B	complete	1	1	1	2	B*15:01:01:01	B*15:18:01:01	
NA18621	NA18621	EAS	T1K-four-field	C	complete	1	1	1	2	C*08:01:01:01	C*01:02:01:01	
NA18621	NA18621	EAS	T1K-four-field	DRB1	complete	1	1	1	2	DRB1*12:01:01:04	DRB1*09:01:02:01	
NA18621	NA18621	EAS	T1K-four-field	DQB1	complete	1	1	1	2	DQB1*03:03:02:02	DQB1*03:01:01:01	
NA18622	NA18622	EAS	T1K-four-field	A	complete	1	1	1	2	A*24:02:01:01	A*03:01:01:01	
NA18622	NA18622	EAS	T1K-four-field	B	complete	1	1	1	2	B*51:01:01:01	B*35:03:01:01	
NA18622	NA18622	EAS	T1K-four-field	C	complete	1	1	1	2	C*12:03:01:01	C*14:02:01:01	
NA18622	NA18622	EAS	T1K-four-field	DRB1	complete	1	1	1	2	DRB1*09:01:02:01	DRB1*07:01:01:01	
NA18622	NA18622	EAS	T1K-four-field	DQB1	complete	1	1	1	2	DQB1*03:03:02:02	DQB1*03:03:02:01	
NA18623	NA18623	EAS	T1K-four-field	A	complete	1	1	1	2	A*30:01:01:01	A*24:02:01:01	
NA18623	NA18623	EAS	T1K-four-field	B	complete	1	1	1	2	B*40:01:02:62	B*13:02:01:01	
NA18623	NA18623	EAS	T1K-four-field	C	complete	1	1	1	2	C*03:04:01:01	C*06:02:01:01	
NA18623	NA18623	EAS	T1K-four-field	DRB1	complete	1	1	1	2	DRB1*07:01:01:01	DRB1*04:10:01	
NA18623	NA18623	EAS	T1K-four-field	DQB1	complete	1	1	0	1	DQB1*02:02:01:01	DQB1*04:02:01:05	
NA18624	NA18624	EAS	T1K-four-field	A	complete	1	1	1	2	A*32:01:01:01	A*30:01:01:01	
NA18624	NA18624	EAS	T1K-four-field	B	complete	1	1	1	2	B*13:02:01:01	B*52:01:01:01	
NA18624	NA18624	EAS	T1K-four-field	C	complete	1	1	1	2	C*06:02:01:01	C*12:02:02:01	
NA18624	NA18624	EAS	T1K-four-field	DRB1	complete	1	1	1	2	DRB1*07:01:01:01	DRB1*15:02:01:02,HLA-DRB1*15:02:01:08	
NA18624	NA18624	EAS	T1K-four-field	DQB1	complete	1	1	0	1	DQB1*02:02:01:01	DQB1*06:01:01:01	
NA18625	NA18625	EAS	T1K-four-field	A	complete	1	1	1	2	A*11:01:01:01	A*02:07:01:01	
NA18625	NA18625	EAS	T1K-four-field	B	complete	1	1	1	2	B*46:01:01:01	B*37:01:01:01	
NA18625	NA18625	EAS	T1K-four-field	C	complete	1	1	1	2	C*01:02:01:01	C*06:02:01:01	
NA18625	NA18625	EAS	T1K-four-field	DRB1	complete	1	1	1	2	DRB1*12:01:01:01,HLA-DRB1*12:01:01:06	DRB1*10:01:01:03	
NA18625	NA18625	EAS	T1K-four-field	DQB1	complete	1	1	1	2	DQB1*05:01:01:01	DQB1*03:01:01:73	
NA18626	NA18626	EAS	T1K-four-field	A	complete	1	1	1	2	A*03:01:01:01	A*02:05:01:01	
NA18626	NA18626	EAS	T1K-four-field	B	complete	1	1	1	2	B*50:01:01:01	B*27:07:01:01	
NA18626	NA18626	EAS	T1K-four-field	C	complete	1	1	1	2	C*15:02:01:01	C*06:02:01:02,HLA-C*06:02:01:22	
NA18626	NA18626	EAS	T1K-four-field	DRB1	complete	1	1	1	2	DRB1*11:04:01:01,HLA-DRB1*11:04:01:03,HLA-DRB1*11:04:01:06,HLA-DRB1*11:04:01:09	DRB1*07:01:01:01	
NA18626	NA18626	EAS	T1K-four-field	DQB1	complete	1	1	1	2	DQB1*02:02:01:01	DQB1*03:01:01:33	
NA18627	NA18627	EAS	T1K-four-field	A	complete	1	1	1	2	A*24:02:01:01	A*11:01:01:01	
NA18627	NA18627	EAS	T1K-four-field	B	complete	1	1	1	2	B*51:01:01:01	B*15:01:01:01	
NA18627	NA18627	EAS	T1K-four-field	C	complete	1	1	1	2	C*14:02:01:01	C*04:01:01:167	
NA18627	NA18627	EAS	T1K-four-field	DRB1	complete	1	1	1	2	DRB1*11:01:01:03	DRB1*12:02:01:03,HLA-DRB1*12:02:01:05,HLA-DRB1*12:02:01:11	
NA18627	NA18627	EAS	T1K-four-field	DQB1	complete	1	1	1	2	DQB1*03:01:01:07	DQB1*03:01:01:73	
NA18628	NA18628	EAS	T1K-four-field	A	complete	1	1	1	2	A*33:03:01:01	A*02:07:01:01	
NA18628	NA18628	EAS	T1K-four-field	B	complete	1	1	1	2	B*58:01:01:01	B*46:01:01:01	
NA18628	NA18628	EAS	T1K-four-field	C	complete	1	1	1	2	C*03:02:02:01	C*01:02:01:01	
NA18628	NA18628	EAS	T1K-four-field	DRB1	complete	1	1	1	2	DRB1*09:01:02:01	DRB1*03:01:01:03	
NA18628	NA18628	EAS	T1K-four-field	DQB1	complete	1	1	1	2	DQB1*02:01:01:01	DQB1*03:03:02:02	
NA18630	NA18630	EAS	T1K-four-field	A	complete	1	1	1	2	A*11:01:01:01	A*33:03:01:01	
NA18630	NA18630	EAS	T1K-four-field	B	complete	1	1	1	2	B*40:01:02:01	B*15:02:01:01	
NA18630	NA18630	EAS	T1K-four-field	C	complete	1	1	1	2	C*03:04:01:01	C*08:01:01:01	
NA18630	NA18630	EAS	T1K-four-field	DRB1	complete	1	1	1	2	DRB1*11:01:01:03	DRB1*12:01:01:18	
NA18630	NA18630	EAS	T1K-four-field	DQB1	complete	1	1	0	1	DQB1*03:01:01:73	DQB1*03:276N	
NA18631	NA18631	EAS	T1K-four-field	A	complete	1	1	1	2	A*11:01:01:01	A*68:01:02:02	
NA18631	NA18631	EAS	T1K-four-field	B	complete	1	1	0	1	B*40:01:02:01	B*35:01:01:01,HLA-B*35:01:01:17,HLA-B*35:01:01:68,HLA-B*35:370,HLA-B*35:615	
NA18631	NA18631	EAS	T1K-four-field	C	complete	1	1	1	2	C*07:02:01:01	C*07:02:01:01	
NA18631	NA18631	EAS	T1K-four-field	DRB1	complete	1	1	1	2	DRB1*08:03:02:01,HLA-DRB1*08:03:02:02	DRB1*09:01:02:01	
NA18631	NA18631	EAS	T1K-four-field	DQB1	complete	1	1	1	2	DQB1*03:03:02:02	DQB1*06:01:01:01	
NA18632	NA18632	EAS	T1K-four-field	A	complete	1	1	1	2	A*11:01:01:01	A*33:03:01:01	
NA18632	NA18632	EAS	T1K-four-field	B	complete	1	1	1	2	B*46:01:01:01	B*58:01:01:01	
NA18632	NA18632	EAS	T1K-four-field	C	complete	1	1	1	2	C*03:02:02:01	C*01:02:01:23	
NA18632	NA18632	EAS	T1K-four-field	DRB1	complete	1	1	1	2	DRB1*09:01:02:01	DRB1*03:01:01:03	
NA18632	NA18632	EAS	T1K-four-field	DQB1	complete	1	1	1	2	DQB1*03:03:02:02	DQB1*02:01:01:01	
NA18633	NA18633	EAS	T1K-four-field	A	complete	1	1	1	2	A*11:01:01:01	A*11:01:01:01	
NA18633	NA18633	EAS	T1K-four-field	B	complete	1	1	1	2	B*54:01:01:01	B*54:01:01:01	
NA18633	NA18633	EAS	T1K-four-field	C	complete	1	1	1	2	C*01:02:01:01	C*01:02:01:01	
NA18633	NA18633	EAS	T1K-four-field	DRB1	complete	1	1	1	2	DRB1*08:03:02:01,HLA-DRB1*08:03:02:02	DRB1*04:05:01:01	
NA18633	NA18633	EAS	T1K-four-field	DQB1	complete	1	1	1	2	DQB1*04:01:01:02	DQB1*06:01:01:01	
NA18634	NA18634	EAS	T1K-four-field	A	complete	1	1	1	2	A*11:01:01:01	A*24:02:01:01	
NA18634	NA18634	EAS	T1K-four-field	B	complete	1	1	1	2	B*40:02:01:01	B*46:01:01:01	
NA18634	NA18634	EAS	T1K-four-field	C	complete	1	1	1	2	C*03:03:01:01	C*01:02:01:01	
NA18634	NA18634	EAS	T1K-four-field	DRB1	complete	1	1	1	2	DRB1*09:01:02:01	DRB1*11:01:01:03	
NA18634	NA18634	EAS	T1K-four-field	DQB1	complete	1	1	1	2	DQB1*03:03:02:02	DQB1*03:01:01:73	
NA18635	NA18635	EAS	T1K-four-field	A	complete	1	1	1	2	A*11:01:01:01	A*11:01:01:01	
NA18635	NA18635	EAS	T1K-four-field	B	complete	1	1	1	2	B*40:06:01:01	B*51:01:01:01	
NA18635	NA18635	EAS	T1K-four-field	C	complete	1	1	1	2	C*14:02:01:01	C*08:01:01:01	
NA18635	NA18635	EAS	T1K-four-field	DRB1	complete	1	1	1	2	DRB1*09:01:02:01	DRB1*09:01:02:01	
NA18635	NA18635	EAS	T1K-four-field	DQB1	complete	1	1	1	2	DQB1*03:03:02:02	DQB1*03:03:02:02	
NA18636	NA18636	EAS	T1K-four-field	A	complete	1	1	1	2	A*11:01:01:01	A*24:02:01:01	
NA18636	NA18636	EAS	T1K-four-field	B	complete	1	1	1	2	B*46:01:01:01	B*40:01:02:01,HLA-B*40:01:02:29,HLA-B*40:01:02:62,HLA-B*40:01:02:63	
NA18636	NA18636	EAS	T1K-four-field	C	complete	1	1	1	2	C*01:02:01:01	C*07:02:01:01	
NA18636	NA18636	EAS	T1K-four-field	DRB1	complete	1	1	1	2	DRB1*15:01:01:03	DRB1*09:01:02:01	
NA18636	NA18636	EAS	T1K-four-field	DQB1	complete	1	1	1	2	DQB1*03:03:02:02	DQB1*05:02:01:01	
NA18637	NA18637	EAS	T1K-four-field	A	complete	1	1	1	2	A*11:01:01:01	A*02:01:01:01	
NA18637	NA18637	EAS	T1K-four-field	B	complete	1	1	1	2	B*67:01:02	B*15:01:01:76	
NA18637	NA18637	EAS	T1K-four-field	C	complete	1	1	1	2	C*07:02:01:01	C*04:01:01:01,HLA-C*04:01:01:04,HLA-C*04:01:01:10,HLA-C*04:01:01:32,HLA-C*04:01:01:129,HLA-C*04:01:01:134,HLA-C*04:01:01:145	
NA18637	NA18637	EAS	T1K-four-field	DRB1	complete	1	1	1	2	DRB1*12:02:01:01,HLA-DRB1*12:02:01:03,HLA-DRB1*12:02:01:05,HLA-DRB1*12:02:01:06,HLA-DRB1*12:02:01:11	DRB1*04:05:01:01,HLA-DRB1*04:05:01:02,HLA-DRB1*04:05:01:03,HLA-DRB1*04:05:01:05,HLA-DRB1*04:05:01:07	
NA18637	NA18637	EAS	T1K-four-field	DQB1	complete	1	1	1	2	DQB1*04:01:01:02	DQB1*03:01:01:07	
NA18638	NA18638	EAS	T1K-four-field	A	complete	1	1	1	2	A*33:03:01:01	A*24:02:01:01	
NA18638	NA18638	EAS	T1K-four-field	B	complete	1	1	1	2	B*40:01:02:01	B*58:01:01:01,HLA-B*58:01:01:17	
NA18638	NA18638	EAS	T1K-four-field	C	complete	1	1	1	2	C*03:02:02:01	C*07:02:01:01	
NA18638	NA18638	EAS	T1K-four-field	DRB1	complete	1	1	1	2	DRB1*03:01:01:03	DRB1*14:54:01:01	
NA18638	NA18638	EAS	T1K-four-field	DQB1	complete	1	1	1	2	DQB1*05:02:01:01	DQB1*02:01:01:01	
NA18639	NA18639	EAS	T1K-four-field	A	complete	1	1	1	2	A*11:01:01:01	A*24:02:01:01	
NA18639	NA18639	EAS	T1K-four-field	B	complete	1	1	1	2	B*54:01:01:01	B*15:02:01:01	
NA18639	NA18639	EAS	T1K-four-field	C	complete	1	1	1	2	C*08:01:01:01	C*01:02:01:01	
NA18639	NA18639	EAS	T1K-four-field	DRB1	complete	1	1	1	2	DRB1*12:02:01:01,HLA-DRB1*12:02:01:03,HLA-DRB1*12:02:01:05,HLA-DRB1*12:02:01:06,HLA-DRB1*12:02:01:11	DRB1*14:05:01:02	
NA18639	NA18639	EAS	T1K-four-field	DQB1	complete	1	1	1	2	DQB1*05:03:01:01	DQB1*03:01:01:07	
NA18640	NA18640	EAS	T1K-four-field	A	complete	1	1	1	2	A*02:06:01:01	A*02:01:01:01	
NA18640	NA18640	EAS	T1K-four-field	B	complete	1	1	1	2	B*46:01:01:01	B*46:01:01:01	
NA18640	NA18640	EAS	T1K-four-field	C	complete	1	1	1	2	C*01:02:01:01	C*01:02:01:01	
NA18640	NA18640	EAS	T1K-four-field	DRB1	complete	1	1	1	2	DRB1*08:03:02:01,HLA-DRB1*08:03:02:02	DRB1*09:01:02:01	
NA18640	NA18640	EAS	T1K-four-field	DQB1	complete	1	1	1	2	DQB1*03:03:02:02	DQB1*06:01:01:01	
NA18641	NA18641	EAS	T1K-four-field	A	complete	1	1	1	2	A*11:02:01:01	A*24:02:01:01	
NA18641	NA18641	EAS	T1K-four-field	B	complete	1	1	1	2	B*40:01:02:01,HLA-B*40:01:02:62	B*51:01:01:01	
NA18641	NA18641	EAS	T1K-four-field	C	complete	1	1	1	2	C*14:02:01:01	C*03:04:01:01	
NA18641	NA18641	EAS	T1K-four-field	DRB1	complete	1	1	1	2	DRB1*09:01:02:01	DRB1*08:03:02:01,HLA-DRB1*08:03:02:02	
NA18641	NA18641	EAS	T1K-four-field	DQB1	complete	1	1	1	2	DQB1*03:03:02:02	DQB1*06:01:01:01	
NA18642	NA18642	EAS	T1K-four-field	A	complete	1	1	1	2	A*26:01:01:01	A*68:01:02:02	
NA18642	NA18642	EAS	T1K-four-field	B	complete	1	1	1	2	B*07:02:01:01	B*38:01:01:01	
NA18642	NA18642	EAS	T1K-four-field	C	complete	1	1	1	2	C*07:02:01:03	C*12:03:01:01,HLA-C*12:03:01:56	
NA18642	NA18642	EAS	T1K-four-field	DRB1	complete	1	1	1	2	DRB1*01:01:01:01	DRB1*15:01:01:02,HLA-DRB1*15:01:01:15	
NA18642	NA18642	EAS	T1K-four-field	DQB1	complete	1	1	1	2	DQB1*06:02:01:01	DQB1*05:01:01:01	
NA18643	NA18643	EAS	T1K-four-field	A	complete	1	1	1	2	A*24:02:01:01	A*02:07:01:01	
NA18643	NA18643	EAS	T1K-four-field	B	complete	1	1	1	2	B*46:01:01:01	B*40:06:01:01	
NA18643	NA18643	EAS	T1K-four-field	C	complete	1	1	1	2	C*08:01:01:01	C*01:03:01	
NA18643	NA18643	EAS	T1K-four-field	DRB1	complete	1	1	1	2	DRB1*12:01:01:03	DRB1*04:03:01:01,HLA-DRB1*04:03:01:02,HLA-DRB1*04:03:01:03	
NA18643	NA18643	EAS	T1K-four-field	DQB1	complete	1	1	1	2	DQB1*03:02:01:01	DQB1*03:01:01:73	
NA18645	NA18645	EAS	T1K-four-field	A	complete	1	1	1	2	A*11:01:01:01	A*33:03:01:01	
NA18645	NA18645	EAS	T1K-four-field	B	complete	1	1	1	2	B*58:01:01:01	B*40:02:01:01	
NA18645	NA18645	EAS	T1K-four-field	C	complete	1	1	1	2	C*07:02:01:01	C*03:02:02:01	
NA18645	NA18645	EAS	T1K-four-field	DRB1	complete	1	1	1	2	DRB1*13:02:01:03	DRB1*08:03:02:01,HLA-DRB1*08:03:02:02	
NA18645	NA18645	EAS	T1K-four-field	DQB1	complete	1	1	1	2	DQB1*06:09:01:01	DQB1*06:01:01:01	
NA18647	NA18647	EAS	T1K-four-field	A	complete	1	1	1	2	A*03:01:01:01	A*26:01:01:01	
NA18647	NA18647	EAS	T1K-four-field	B	complete	1	1	1	2	B*13:02:01:01,HLA-B*13:02:01:18	B*44:02:01:01	
NA18647	NA18647	EAS	T1K-four-field	C	complete	1	1	1	2	C*05:01:01:02	C*06:02:01:62	
NA18647	NA18647	EAS	T1K-four-field	DRB1	complete	1	1	1	2	DRB1*13:01:01:21	DRB1*07:01:01:01	
NA18647	NA18647	EAS	T1K-four-field	DQB1	complete	1	1	1	2	DQB1*06:03:01:01	DQB1*02:02:01:01	
NA18740	NA18740	EAS	T1K-four-field	A	complete	1	1	1	2	A*11:01:01:01	A*11:01:01:01	
NA18740	NA18740	EAS	T1K-four-field	B	complete	1	1	1	2	B*40:01:02:01	B*13:01:01:01	
NA18740	NA18740	EAS	T1K-four-field	C	complete	1	1	1	2	C*03:04:04	C*07:02:01:01	
NA18740	NA18740	EAS	T1K-four-field	DRB1	complete	1	1	1	2	DRB1*16:02:01:04	DRB1*12:01:01:01	
NA18740	NA18740	EAS	T1K-four-field	DQB1	complete	1	1	1	2	DQB1*05:02:01:01	DQB1*03:01:01:01	
NA18745	NA18745	EAS	T1K-four-field	A	complete	1	1	1	2	A*11:01:01:01	A*24:02:01:01	
NA18745	NA18745	EAS	T1K-four-field	B	complete	1	1	1	2	B*38:02:01:01	B*48:01:01:01	
NA18745	NA18745	EAS	T1K-four-field	C	complete	1	1	1	2	C*07:02:01:01	C*08:03:01:01	
NA18745	NA18745	EAS	T1K-four-field	DRB1	complete	1	1	1	2	DRB1*12:02:01:01,HLA-DRB1*12:02:01:03,HLA-DRB1*12:02:01:05,HLA-DRB1*12:02:01:06,HLA-DRB1*12:02:01:11	DRB1*14:02:01:01	
NA18745	NA18745	EAS	T1K-four-field	DQB1	complete	1	1	1	2	DQB1*03:01:01:07	DQB1*03:01:01:73	
NA18748	NA18748	EAS	T1K-four-field	A	complete	1	1	1	2	A*11:02:01:01	A*03:01:01:01	
NA18748	NA18748	EAS	T1K-four-field	B	complete	1	1	1	2	B*07:02:01:01	B*58:01:01:01,HLA-B*58:01:01:17	
NA18748	NA18748	EAS	T1K-four-field	C	complete	1	1	1	2	C*03:02:02:01	C*07:02:01:03	
NA18748	NA18748	EAS	T1K-four-field	DRB1	complete	1	1	1	2	DRB1*15:01:01:03	DRB1*13:02:01:03,HLA-DRB1*13:02:01:04,HLA-DRB1*13:02:01:14	
NA18748	NA18748	EAS	T1K-four-field	DQB1	complete	1	1	1	2	DQB1*06:09:01:01	DQB1*06:02:01:01	
NA18749	NA18749	EAS	T1K-four-field	A	complete	1	1	1	2	A*02:06:01:01	A*30:01:01:01	
NA18749	NA18749	EAS	T1K-four-field	B	complete	1	1	1	2	B*44:03:02:01	B*13:02:01:01	
NA18749	NA18749	EAS	T1K-four-field	C	complete	1	1	1	2	C*07:06:01:01	C*06:02:01:01	
NA18749	NA18749	EAS	T1K-four-field	DRB1	complete	1	1	1	2	DRB1*07:01:01:01	DRB1*07:01:01:01	
NA18749	NA18749	EAS	T1K-four-field	DQB1	complete	1	1	1	2	DQB1*02:02:01:01	DQB1*02:02:01:01	
NA18757	NA18757	EAS	T1K-four-field	A	complete	1	1	1	2	A*11:01:01:01	A*24:02:01:01	
NA18757	NA18757	EAS	T1K-four-field	B	complete	1	1	1	2	B*07:02:01:01	B*55:02:01:07	
NA18757	NA18757	EAS	T1K-four-field	C	complete	1	1	1	2	C*07:02:01:03	C*01:02:01:01	
NA18757	NA18757	EAS	T1K-four-field	DRB1	complete	1	1	1	2	DRB1*04:05:01:01,HLA-DRB1*04:05:01:02,HLA-DRB1*04:05:01:03,HLA-DRB1*04:05:01:05,HLA-DRB1*04:05:01:07,HLA-DRB1*04:05:01:09	DRB1*15:01:01:03	
NA18757	NA18757	EAS	T1K-four-field	DQB1	complete	1	1	1	2	DQB1*04:01:01:02	DQB1*06:02:01:01	
NA18852	Y018	AFR	T1K-four-field	A	complete	1	1	1	2	A*03:01:01:05	A*33:03:01:01	
NA18852	Y018	AFR	T1K-four-field	B	complete	1	1	1	2	B*53:01:01:01	B*51:01:01:01	
NA18852	Y018	AFR	T1K-four-field	C	complete	1	1	1	2	C*16:01:01:01	C*04:01:01:01,HLA-C*04:01:01:32,HLA-C*04:01:01:129,HLA-C*04:01:01:142,HLA-C*04:01:01:173	
NA18852	Y018	AFR	T1K-four-field	DRB1	complete	1	1	0	1	DRB1*09:01:02:07	DRB1*04:05:01:02	
NA18852	Y018	AFR	T1K-four-field	DQB1	complete	1	1	0	1	DQB1*03:02:01:01	DQB1*02:02:01:21	
NA18853	Y018	AFR	T1K-four-field	A	complete	1	1	1	2	A*36:01:01:01	A*34:02:01:01	
NA18853	Y018	AFR	T1K-four-field	B	complete	1	1	1	2	B*44:03:01:01	B*52:01:02:01	
NA18853	Y018	AFR	T1K-four-field	C	complete	1	1	1	2	C*16:01:01:01	C*16:01:01:01	
NA18853	Y018	AFR	T1K-four-field	DRB1	complete	1	1	1	2	DRB1*07:01:01:01	DRB1*13:01:01:10	
NA18853	Y018	AFR	T1K-four-field	DQB1	complete	1	1	0	1	DQB1*05:01:01:01	DQB1*02:02:01:01	
NA18854	Y018	AFR	T1K-four-field	A	complete	1	1	1	2	A*36:01:01:01	A*33:03:01:01	
NA18854	Y018	AFR	T1K-four-field	B	complete	1	1	1	2	B*53:01:01:01	B*44:03:01:01	
NA18854	Y018	AFR	T1K-four-field	C	complete	1	1	1	2	C*04:01:01:01	C*16:01:01:01	
NA18854	Y018	AFR	T1K-four-field	DRB1	complete	1	1	1	2	DRB1*07:01:01:01	DRB1*09:01:02:07	
NA18854	Y018	AFR	T1K-four-field	DQB1	complete	1	1	0	0	DQB1*02:02:01:01	DQB1*02:02:01:21	
NA18855	Y023	AFR	T1K-four-field	A	complete	1	1	1	2	A*33:03:01:01	A*23:01:01:01	
NA18855	Y023	AFR	T1K-four-field	B	complete	1	1	1	2	B*15:03:01:02	B*52:01:02:01	
NA18855	Y023	AFR	T1K-four-field	C	complete	1	1	0	1	C*02:10:01:01	C*16:01:01:01	
NA18855	Y023	AFR	T1K-four-field	DRB1	complete	1	1	1	2	DRB1*11:02:01:04	DRB1*03:01:01:02	
NA18855	Y023	AFR	T1K-four-field	DQB1	complete	1	1	0	1	DQB1*03:19:01:01	DQB1*02:01:01:01	
NA18856	Y023	AFR	T1K-four-field	A	complete	1	1	1	2	A*74:01:01:01	A*33:03:01:01	
NA18856	Y023	AFR	T1K-four-field	B	complete	1	1	0	1	B*49:01:01:01	B*35:01:01:01,HLA-B*35:01:01:17,HLA-B*35:01:01:68,HLA-B*35:370,HLA-B*35:615	
NA18856	Y023	AFR	T1K-four-field	C	complete	1	1	1	2	C*07:01:02:01	C*04:01:01:01,HLA-C*04:01:01:32	
NA18856	Y023	AFR	T1K-four-field	DRB1	complete	1	1	1	2	DRB1*10:01:01:03	DRB1*15:03:01:02	
NA18856	Y023	AFR	T1K-four-field	DQB1	complete	1	1	1	2	DQB1*05:01:01:01	DQB1*06:03:01:01	
NA18857	Y023	AFR	T1K-four-field	A	complete	1	1	1	2	A*74:01:01:01	A*33:03:01:01	
NA18857	Y023	AFR	T1K-four-field	B	complete	1	1	1	2	B*15:03:01:02	B*49:01:01:01	
NA18857	Y023	AFR	T1K-four-field	C	complete	1	1	0	1	C*02:10:01:01	C*07:01:02:01	
NA18857	Y023	AFR	T1K-four-field	DRB1	complete	1	1	0	1	DRB1*11:02:01:04	DRB1*10:01:01:03	
NA18857	Y023	AFR	T1K-four-field	DQB1	complete	1	1	0	1	DQB1*05:01:01:01	DQB1*03:19:01:01	
NA18858	Y012	AFR	T1K-four-field	A	complete	1	1	1	2	A*29:02:01:01	A*30:01:01:01	
NA18858	Y012	AFR	T1K-four-field	B	complete	1	1	1	2	B*18:01:01:01	B*49:01:01:01	
NA18858	Y012	AFR	T1K-four-field	C	complete	1	1	1	2	C*02:02:02:01	C*07:01:02:01	
NA18858	Y012	AFR	T1K-four-field	DRB1	complete	1	1	1	2	DRB1*08:04:01:07	DRB1*03:01:01:03	
NA18858	Y012	AFR	T1K-four-field	DQB1	complete	1	1	1	2	DQB1*02:01:01:01	DQB1*03:01:04:01	
NA18859	Y012	AFR	T1K-four-field	A	complete	1	1	1	2	A*34:02:01:01	A*03:01:01:05	
NA18859	Y012	AFR	T1K-four-field	B	complete	1	1	1	2	B*49:01:01:01	B*53:01:01:01	
NA18859	Y012	AFR	T1K-four-field	C	complete	1	1	1	2	C*04:01:01:01,HLA-C*04:01:01:04,HLA-C*04:01:01:10,HLA-C*04:01:01:32,HLA-C*04:01:01:129,HLA-C*04:01:01:134,HLA-C*04:01:01:145	C*07:01:02:01	
NA18859	Y012	AFR	T1K-four-field	DRB1	complete	1	1	1	2	DRB1*01:02:01:01	DRB1*08:04:01:01	
NA18859	Y012	AFR	T1K-four-field	DQB1	complete	1	1	0	1	DQB1*03:19:01:01	DQB1*05:01:01:01	
NA18860	Y012	AFR	T1K-four-field	A	complete	1	1	1	2	A*34:02:01:01	A*30:01:01:01	
NA18860	Y012	AFR	T1K-four-field	B	complete	1	1	1	2	B*18:01:01:01,HLA-B*18:01:01:85	B*53:01:01:01	
NA18860	Y012	AFR	T1K-four-field	C	complete	1	1	1	2	C*02:02:02:01	C*04:01:01:01,HLA-C*04:01:01:32,HLA-C*04:01:01:129	
NA18860	Y012	AFR	T1K-four-field	DRB1	complete	1	1	1	2	DRB1*01:02:01:01	DRB1*08:04:01:07	
NA18860	Y012	AFR	T1K-four-field	DQB1	complete	1	1	1	2	DQB1*05:01:01:01	DQB1*03:01:04:01	
NA18861	Y024	AFR	T1K-four-field	A	complete	1	1	1	2	A*03:01:01:07	A*68:02:01:01	
NA18861	Y024	AFR	T1K-four-field	B	complete	1	1	1	2	B*57:03:01:02	B*13:02:01:07	
NA18861	Y024	AFR	T1K-four-field	C	complete	1	1	1	2	C*07:01:02:01	C*03:02:02:01	
NA18861	Y024	AFR	T1K-four-field	DRB1	complete	1	1	0	1	DRB1*08:04:01:01	DRB1*14:54:01:04,HLA-DRB1*14:54:01:06	
NA18861	Y024	AFR	T1K-four-field	DQB1	complete	1	1	0	1	DQB1*04:02:13	DQB1*05:03:01:01	
NA18862	Y024	AFR	T1K-four-field	A	complete	1	1	1	2	A*33:03:01:01	A*23:01:01:01	
NA18862	Y024	AFR	T1K-four-field	B	complete	1	1	1	2	B*07:02:01:01	B*51:01:01:01,HLA-B*51:01:01:80	
NA18862	Y024	AFR	T1K-four-field	C	complete	1	1	1	2	C*16:01:01:01	C*07:02:01:01	
NA18862	Y024	AFR	T1K-four-field	DRB1	complete	1	1	1	2	DRB1*07:01:01:01	DRB1*09:01:02:06	
NA18862	Y024	AFR	T1K-four-field	DQB1	complete	1	1	0	0	DQB1*02:02:01:01	DQB1*02:02:01:02	
NA18863	Y024	AFR	T1K-four-field	A	complete	1	1	1	2	A*03:01:01:07	A*23:01:01:01	
NA18863	Y024	AFR	T1K-four-field	B	complete	1	1	1	2	B*07:02:01:01	B*13:02:01:07	
NA18863	Y024	AFR	T1K-four-field	C	complete	1	1	1	2	C*07:02:01:01	C*03:02:02:01	
NA18863	Y024	AFR	T1K-four-field	DRB1	complete	1	1	1	2	DRB1*08:04:01:01	DRB1*09:01:02:06	
NA18863	Y024	AFR	T1K-four-field	DQB1	complete	0	0	0	0	DQB1*02:02:01:02	DQB1*04:02:13	missing_or_one_field
NA18870	Y017	AFR	T1K-four-field	A	complete	1	1	1	2	A*30:02:01:03	A*30:02:01:01	
NA18870	Y017	AFR	T1K-four-field	B	complete	1	1	1	2	B*15:03:01:02,HLA-B*15:03:01:13	B*57:03:01:02	
NA18870	Y017	AFR	T1K-four-field	C	complete	1	1	0	1	C*02:10:01:01	C*08:02:01:01	
NA18870	Y017	AFR	T1K-four-field	DRB1	complete	1	1	1	2	DRB1*07:01:01:01	DRB1*13:03:01:01,HLA-DRB1*13:03:01:03,HLA-DRB1*13:03:01:05	
NA18870	Y017	AFR	T1K-four-field	DQB1	complete	1	1	0	0	DQB1*02:02:01:01	DQB1*02:02:01:01	
NA18871	Y017	AFR	T1K-four-field	A	complete	1	1	1	2	A*30:01:01:01	A*36:01:01:01	
NA18871	Y017	AFR	T1K-four-field	B	complete	1	1	1	2	B*52:01:02:01	B*42:01:01:01	
NA18871	Y017	AFR	T1K-four-field	C	complete	1	1	1	2	C*17:01:01:02	C*16:01:01:01	
NA18871	Y017	AFR	T1K-four-field	DRB1	complete	1	1	1	2	DRB1*15:03:01:02	DRB1*08:04:01:01	
NA18871	Y017	AFR	T1K-four-field	DQB1	complete	1	1	0	0	DQB1*02:02:01:02	DQB1*03:19:01:01	
NA18872	Y017	AFR	T1K-four-field	A	complete	1	1	1	2	A*30:01:01:01	A*30:02:01:01	
NA18872	Y017	AFR	T1K-four-field	B	complete	1	1	1	2	B*57:03:01:02	B*42:01:01:01	
NA18872	Y017	AFR	T1K-four-field	C	complete	1	1	1	2	C*17:01:01:02	C*08:02:01:01	
NA18872	Y017	AFR	T1K-four-field	DRB1	complete	1	1	1	2	DRB1*15:03:01:02	DRB1*13:03:01:01	
NA18872	Y017	AFR	T1K-four-field	DQB1	complete	1	1	0	0	DQB1*02:02:01:01	DQB1*02:02:01:02	
NA18912	Y028	AFR	T1K-four-field	A	complete	1	1	1	2	A*74:01:01:01	A*34:02:01:01	
NA18912	Y028	AFR	T1K-four-field	B	complete	1	1	1	2	B*53:01:01:01	B*53:01:01:01	
NA18912	Y028	AFR	T1K-four-field	C	complete	1	1	1	2	C*04:01:01:01,HLA-C*04:01:01:32,HLA-C*04:01:01:129	C*04:01:01:169	
NA18912	Y028	AFR	T1K-four-field	DRB1	complete	1	1	1	2	DRB1*13:03:01:03	DRB1*11:01:02:03	
NA18912	Y028	AFR	T1K-four-field	DQB1	complete	1	1	0	1	DQB1*06:02:01:01	DQB1*02:02:01:01	
NA18913	Y028	AFR	T1K-four-field	A	complete	1	1	1	2	A*33:01:01:01	A*36:01:01:01	
NA18913	Y028	AFR	T1K-four-field	B	complete	1	1	1	2	B*53:01:01:01	B*14:02:01:01	
NA18913	Y028	AFR	T1K-four-field	C	complete	1	1	1	2	C*04:01:01:01	C*08:02:01:01	
NA18913	Y028	AFR	T1K-four-field	DRB1	complete	1	1	1	2	DRB1*11:01:02:03	DRB1*11:01:02:03	
NA18913	Y028	AFR	T1K-four-field	DQB1	complete	1	1	0	1	DQB1*06:02:01:01	DQB1*03:19:01:01	
NA18914	Y028	AFR	T1K-four-field	A	complete	1	1	1	2	A*33:01:01:01	A*74:01:01:01	
NA18914	Y028	AFR	T1K-four-field	B	complete	1	1	0	1	B*14:02:01:01	B*53:01:01:01,HLA-B*53:01:01:03,HLA-B*53:01:01:04,HLA-B*53:01:01:06,HLA-B*53:54,HLA-B*53:73,HLA-B*53:82	
NA18914	Y028	AFR	T1K-four-field	C	complete	1	1	1	2	C*04:01:01:01,HLA-C*04:01:01:32,HLA-C*04:01:01:129	C*08:02:01:01	
NA18914	Y028	AFR	T1K-four-field	DRB1	complete	1	1	1	2	DRB1*11:01:02:03	DRB1*11:01:02:04	
NA18914	Y028	AFR	T1K-four-field	DQB1	complete	1	1	0	1	DQB1*03:19:01:01	DQB1*06:02:01:01	
NA18939	NA18939	EAS	T1K-four-field	A	complete	1	1	1	2	A*11:01:01:01	A*31:01:02:01	
NA18939	NA18939	EAS	T1K-four-field	B	complete	1	1	1	2	B*27:04:01:01	B*67:01:01	
NA18939	NA18939	EAS	T1K-four-field	C	complete	1	1	1	2	C*07:02:01:01	C*12:02:02:01	
NA18939	NA18939	EAS	T1K-four-field	DRB1	complete	1	1	1	2	DRB1*15:01:01:03	DRB1*15:01:01:03	
NA18939	NA18939	EAS	T1K-four-field	DQB1	complete	1	1	1	2	DQB1*06:02:01:01	DQB1*06:02:01:01	
NA18941	NA18941	EAS	T1K-four-field	A	complete	1	1	1	2	A*24:20:01:02	A*24:02:01:01	
NA18941	NA18941	EAS	T1K-four-field	B	complete	1	1	1	2	B*15:07:01:01	B*40:01:02:01	
NA18941	NA18941	EAS	T1K-four-field	C	complete	1	1	1	2	C*03:04:01:01	C*03:03:01:01	
NA18941	NA18941	EAS	T1K-four-field	DRB1	complete	1	1	1	2	DRB1*04:05:01:01,HLA-DRB1*04:05:01:07	DRB1*14:54:01:12	
NA18941	NA18941	EAS	T1K-four-field	DQB1	complete	1	1	1	2	DQB1*04:01:01:02	DQB1*05:03:01:04	
NA18942	NA18942	EAS	T1K-four-field	A	complete	1	1	1	2	A*24:02:01:01	A*33:03:01:01	
NA18942	NA18942	EAS	T1K-four-field	B	complete	1	1	0	1	B*44:03:01:01	B*35:01:01:01,HLA-B*35:01:01:17,HLA-B*35:370,HLA-B*35:615	
NA18942	NA18942	EAS	T1K-four-field	C	complete	1	1	1	2	C*03:03:01:01	C*14:03:01:01	
NA18942	NA18942	EAS	T1K-four-field	DRB1	complete	1	1	1	2	DRB1*12:01:01:01,HLA-DRB1*12:01:01:06	DRB1*04:05:01:01,HLA-DRB1*04:05:01:07	
NA18942	NA18942	EAS	T1K-four-field	DQB1	complete	1	1	1	2	DQB1*04:01:01:02	DQB1*03:01:01:73	
NA18946	NA18946	EAS	T1K-four-field	A	complete	1	1	1	2	A*24:02:01:01	A*02:01:01:01	
NA18946	NA18946	EAS	T1K-four-field	B	complete	1	1	1	2	B*52:01:01:01	B*07:02:01:01	
NA18946	NA18946	EAS	T1K-four-field	C	complete	1	1	1	2	C*07:02:01:03	C*12:02:02:01	
NA18946	NA18946	EAS	T1K-four-field	DRB1	complete	1	1	1	2	DRB1*01:01:01:01	DRB1*04:05:01:01,HLA-DRB1*04:05:01:07	
NA18946	NA18946	EAS	T1K-four-field	DQB1	complete	1	1	1	2	DQB1*04:01:01:02	DQB1*05:01:01:01	
NA18947	NA18947	EAS	T1K-four-field	A	complete	1	1	1	2	A*02:06:01:04	A*24:02:01:01	
NA18947	NA18947	EAS	T1K-four-field	B	complete	1	1	1	2	B*52:01:01:01	B*52:01:01:01	
NA18947	NA18947	EAS	T1K-four-field	C	complete	1	1	1	2	C*12:02:02:01	C*12:02:02:01	
NA18947	NA18947	EAS	T1K-four-field	DRB1	complete	1	1	1	2	DRB1*15:02:01:03	DRB1*15:02:01:05	
NA18947	NA18947	EAS	T1K-four-field	DQB1	complete	1	1	1	2	DQB1*06:01:01:02	DQB1*06:01:01:01	
NA18949	NA18949	EAS	T1K-four-field	A	complete	1	1	1	2	A*24:02:01:01	A*26:03:01:01	
NA18949	NA18949	EAS	T1K-four-field	B	complete	1	1	1	2	B*40:02:01:01	B*07:02:01:01	
NA18949	NA18949	EAS	T1K-four-field	C	complete	1	1	1	2	C*07:02:01:03	C*03:04:01:01	
NA18949	NA18949	EAS	T1K-four-field	DRB1	complete	1	1	1	2	DRB1*01:01:01:01	DRB1*09:01:02:01	
NA18949	NA18949	EAS	T1K-four-field	DQB1	complete	1	1	1	2	DQB1*05:01:01:01	DQB1*03:03:02:02	
NA18951	NA18951	EAS	T1K-four-field	A	complete	1	1	1	2	A*24:02:01:01	A*24:02:01:01	
NA18951	NA18951	EAS	T1K-four-field	B	complete	1	1	1	2	B*40:01:02:01,HLA-B*40:01:02:62	B*59:01:01:01	
NA18951	NA18951	EAS	T1K-four-field	C	complete	1	1	1	2	C*01:02:01:23	C*03:04:01:01	
NA18951	NA18951	EAS	T1K-four-field	DRB1	complete	1	1	1	2	DRB1*11:01:01:07	DRB1*04:05:01:01,HLA-DRB1*04:05:01:02,HLA-DRB1*04:05:01:03,HLA-DRB1*04:05:01:05,HLA-DRB1*04:05:01:07,HLA-DRB1*04:05:01:09	
NA18951	NA18951	EAS	T1K-four-field	DQB1	complete	1	1	1	2	DQB1*04:01:01:02	DQB1*03:01:01:01	
NA18953	NA18953	EAS	T1K-four-field	A	complete	1	1	1	2	A*31:01:02:01	A*11:01:01:01	
NA18953	NA18953	EAS	T1K-four-field	B	complete	1	1	1	2	B*40:01:02:01,HLA-B*40:01:02:62	B*40:02:01:01	
NA18953	NA18953	EAS	T1K-four-field	C	complete	1	1	1	2	C*03:04:01:01	C*03:04:01:01	
NA18953	NA18953	EAS	T1K-four-field	DRB1	complete	1	1	0	1	DRB1*08:02:01:01	DRB1*04:05:01:01,HLA-DRB1*04:05:01:02,HLA-DRB1*04:05:01:03,HLA-DRB1*04:05:01:05,HLA-DRB1*04:05:01:07	
NA18953	NA18953	EAS	T1K-four-field	DQB1	complete	1	1	1	2	DQB1*04:01:01:02	DQB1*03:02:01:01	
NA18954	NA18954	EAS	T1K-four-field	A	complete	1	1	1	2	A*24:02:01:01	A*11:01:01:01	
NA18954	NA18954	EAS	T1K-four-field	B	complete	1	1	1	2	B*13:01:01:01	B*52:01:01:01	
NA18954	NA18954	EAS	T1K-four-field	C	complete	1	1	1	2	C*03:04:01:01	C*12:02:02:01	
NA18954	NA18954	EAS	T1K-four-field	DRB1	complete	1	1	1	2	DRB1*15:01:01:03	DRB1*15:02:01:03	
NA18954	NA18954	EAS	T1K-four-field	DQB1	complete	1	1	1	2	DQB1*06:01:01:01	DQB1*06:01:01:01	
NA18956	NA18956	EAS	T1K-four-field	A	complete	1	1	1	2	A*02:01:01:01	A*02:01:01:01	
NA18956	NA18956	EAS	T1K-four-field	B	complete	1	1	1	2	B*40:02:01:01	B*15:01:01:01	
NA18956	NA18956	EAS	T1K-four-field	C	complete	1	1	1	2	C*03:03:01:01	C*03:04:01:01	
NA18956	NA18956	EAS	T1K-four-field	DRB1	complete	1	1	1	2	DRB1*09:01:02:01	DRB1*15:02:01:03	
NA18956	NA18956	EAS	T1K-four-field	DQB1	complete	1	1	1	2	DQB1*03:03:02:02	DQB1*06:01:01:01	
NA18957	NA18957	EAS	T1K-four-field	A	complete	1	1	1	2	A*24:02:01:01	A*24:02:01:01	
NA18957	NA18957	EAS	T1K-four-field	B	complete	1	1	1	2	B*52:01:01:01	B*52:01:01:01	
NA18957	NA18957	EAS	T1K-four-field	C	complete	1	1	1	2	C*12:02:02:01	C*12:02:02:01	
NA18957	NA18957	EAS	T1K-four-field	DRB1	complete	1	1	1	2	DRB1*04:10:01	DRB1*15:02:01:02,HLA-DRB1*15:02:01:08	
NA18957	NA18957	EAS	T1K-four-field	DQB1	complete	1	1	1	2	DQB1*04:02:01:05	DQB1*06:01:01:01	
NA18961	NA18961	EAS	T1K-four-field	A	complete	1	1	1	2	A*24:02:01:01	A*11:01:01:01	
NA18961	NA18961	EAS	T1K-four-field	B	complete	1	1	1	2	B*51:01:01:01	B*54:01:01:01	
NA18961	NA18961	EAS	T1K-four-field	C	complete	1	1	1	2	C*01:02:01:01	C*01:02:01:01	
NA18961	NA18961	EAS	T1K-four-field	DRB1	complete	1	1	1	2	DRB1*09:01:02:01	DRB1*04:05:01:01,HLA-DRB1*04:05:01:07	
NA18961	NA18961	EAS	T1K-four-field	DQB1	complete	1	1	1	2	DQB1*03:03:02:02	DQB1*04:01:01:02	
NA18962	NA18962	EAS	T1K-four-field	A	complete	1	1	1	2	A*24:02:01:01	A*24:02:01:01	
NA18962	NA18962	EAS	T1K-four-field	B	complete	1	1	1	2	B*07:02:01:01	B*52:01:01:01	
NA18962	NA18962	EAS	T1K-four-field	C	complete	1	1	1	2	C*07:02:01:03	C*12:02:02:01	
NA18962	NA18962	EAS	T1K-four-field	DRB1	complete	1	1	1	2	DRB1*01:01:01:01	DRB1*15:02:01:03	
NA18962	NA18962	EAS	T1K-four-field	DQB1	complete	1	1	1	2	DQB1*05:01:01:01	DQB1*06:01:01:01	
NA18963	NA18963	EAS	T1K-four-field	A	complete	1	1	1	2	A*33:03:01:01	A*26:01:01:01	
NA18963	NA18963	EAS	T1K-four-field	B	complete	1	1	1	2	B*40:06:01:01	B*44:03:01:01	
NA18963	NA18963	EAS	T1K-four-field	C	complete	1	1	1	2	C*03:04:01:01	C*14:03:01:01	
NA18963	NA18963	EAS	T1K-four-field	DRB1	complete	1	1	1	2	DRB1*09:01:02:01	DRB1*13:02:01:02,HLA-DRB1*13:02:01:05,HLA-DRB1*13:02:01:07,HLA-DRB1*13:02:01:09,HLA-DRB1*13:02:01:11	
NA18963	NA18963	EAS	T1K-four-field	DQB1	complete	1	1	1	2	DQB1*03:03:02:02	DQB1*06:04:01:01	
NA18964	NA18964	EAS	T1K-four-field	A	complete	1	1	1	2	A*26:03:01:01	A*26:01:01:01	
NA18964	NA18964	EAS	T1K-four-field	B	complete	1	1	0	1	B*35:01:01:01,HLA-B*35:370,HLA-B*35:615	B*40:02:01:01	
NA18964	NA18964	EAS	T1K-four-field	C	complete	1	1	1	2	C*03:04:01:01	C*03:03:01:01	
NA18964	NA18964	EAS	T1K-four-field	DRB1	complete	1	1	1	2	DRB1*15:01:01:03	DRB1*04:05:01:01,HLA-DRB1*04:05:01:02,HLA-DRB1*04:05:01:03,HLA-DRB1*04:05:01:05,HLA-DRB1*04:05:01:07,HLA-DRB1*04:05:01:09	
NA18964	NA18964	EAS	T1K-four-field	DQB1	complete	1	1	1	2	DQB1*06:02:01:01,HLA-DQB1*06:02:01:21	DQB1*04:01:01:02	
NA18965	NA18965	EAS	T1K-four-field	A	complete	1	1	0	1	A*31:01:02:01	A*26:02:01	
NA18965	NA18965	EAS	T1K-four-field	B	complete	1	1	1	2	B*40:06:01:01	B*56:01:01:02	
NA18965	NA18965	EAS	T1K-four-field	C	complete	1	1	1	2	C*08:01:01:01	C*04:01:01:01,HLA-C*04:01:01:32,HLA-C*04:01:01:129	
NA18965	NA18965	EAS	T1K-four-field	DRB1	complete	1	1	1	2	DRB1*09:01:02:01	DRB1*09:01:02:01	
NA18965	NA18965	EAS	T1K-four-field	DQB1	complete	1	1	1	2	DQB1*03:03:02:02	DQB1*03:03:02:02	
NA18966	NA18966	EAS	T1K-four-field	A	complete	1	1	0	1	A*02:07:01:01	A*02:06:01:01	
NA18966	NA18966	EAS	T1K-four-field	B	complete	1	1	0	1	B*35:01:01:01	B*15:01:01:01,HLA-B*15:01:01:05,HLA-B*15:01:01:55,HLA-B*15:01:84,HLA-B*15:542,HLA-B*15:632	
NA18966	NA18966	EAS	T1K-four-field	C	complete	1	1	1	2	C*03:03:01:01	C*03:03:01:01	
NA18966	NA18966	EAS	T1K-four-field	DRB1	complete	1	1	1	2	DRB1*15:01:01:03	DRB1*15:01:01:03	
NA18966	NA18966	EAS	T1K-four-field	DQB1	complete	1	1	1	2	DQB1*06:02:01:01	DQB1*06:02:01:01	
NA18968	NA18968	EAS	T1K-four-field	A	complete	1	1	1	2	A*11:01:01:01	A*31:01:02:01	
NA18968	NA18968	EAS	T1K-four-field	B	complete	1	1	1	2	B*40:01:02:01	B*51:01:01:01,HLA-B*51:01:01:23,HLA-B*51:01:01:31,HLA-B*51:01:64	
NA18968	NA18968	EAS	T1K-four-field	C	complete	1	1	1	2	C*14:02:01:01	C*07:02:01:01	
NA18968	NA18968	EAS	T1K-four-field	DRB1	complete	1	1	1	2	DRB1*15:01:01:03	DRB1*14:03:01	
NA18968	NA18968	EAS	T1K-four-field	DQB1	complete	1	1	1	2	DQB1*06:02:01:01	DQB1*03:01:01:73	
NA18969	NA18969	EAS	T1K-four-field	A	complete	1	1	1	2	A*31:01:02:01	A*24:02:01:01	
NA18969	NA18969	EAS	T1K-four-field	B	complete	1	1	1	2	B*52:01:01:01	B*48:01:01:01	
NA18969	NA18969	EAS	T1K-four-field	C	complete	1	1	0	1	C*08:03:01:01	C*12:02:02:01	
NA18969	NA18969	EAS	T1K-four-field	DRB1	complete	1	1	0	1	DRB1*14:54:01:01,HLA-DRB1*14:54:01:04,HLA-DRB1*14:54:01:12,HLA-DRB1*14:54:01:14,HLA-DRB1*14:54:01:15	DRB1*15:02:01:03	
NA18969	NA18969	EAS	T1K-four-field	DQB1	complete	1	1	1	2	DQB1*05:02:01:01	DQB1*06:01:01:01	
NA18972	NA18972	EAS	T1K-four-field	A	complete	1	1	1	2	A*24:02:01:01	A*24:02:01:01	
NA18972	NA18972	EAS	T1K-four-field	B	complete	1	1	1	2	B*40:02:01:01	B*59:01:01:01	
NA18972	NA18972	EAS	T1K-four-field	C	complete	1	1	1	2	C*01:02:01:01	C*03:03:01:01	
NA18972	NA18972	EAS	T1K-four-field	DRB1	complete	1	1	1	2	DRB1*15:01:01:03	DRB1*04:05:01:01,HLA-DRB1*04:05:01:02,HLA-DRB1*04:05:01:03,HLA-DRB1*04:05:01:05,HLA-DRB1*04:05:01:07,HLA-DRB1*04:05:01:09	
NA18972	NA18972	EAS	T1K-four-field	DQB1	complete	1	1	1	2	DQB1*04:01:01:02	DQB1*06:02:01:01	
NA18973	NA18973	EAS	T1K-four-field	A	complete	1	1	1	2	A*24:02:01:01	A*33:03:01:01	
NA18973	NA18973	EAS	T1K-four-field	B	complete	1	1	1	2	B*46:01:01:01	B*15:07:01:01	
NA18973	NA18973	EAS	T1K-four-field	C	complete	1	1	1	2	C*03:03:01:01	C*01:02:01:01	
NA18973	NA18973	EAS	T1K-four-field	DRB1	complete	1	1	1	2	DRB1*14:03:01	DRB1*08:03:02:01,HLA-DRB1*08:03:02:02	
NA18973	NA18973	EAS	T1K-four-field	DQB1	complete	1	1	1	2	DQB1*06:01:01:01	DQB1*03:01:01:01	
NA18975	NA18975	EAS	T1K-four-field	A	complete	1	1	0	1	A*02:06:01:01	A*02:06:01:01	
NA18975	NA18975	EAS	T1K-four-field	B	complete	1	1	1	2	B*07:02:01:01	B*15:01:01:01,HLA-B*15:01:01:06,HLA-B*15:01:01:15,HLA-B*15:01:01:24,HLA-B*15:01:01:33,HLA-B*15:01:01:37	
NA18975	NA18975	EAS	T1K-four-field	C	complete	1	1	1	2	C*07:02:01:03	C*04:01:01:01,HLA-C*04:01:01:32,HLA-C*04:01:01:129	
NA18975	NA18975	EAS	T1K-four-field	DRB1	complete	1	1	1	2	DRB1*01:01:01:01	DRB1*04:06:01	
NA18975	NA18975	EAS	T1K-four-field	DQB1	complete	1	1	1	2	DQB1*03:02:01:01	DQB1*05:01:01:01	
NA18977	NA18977	EAS	T1K-four-field	A	complete	1	1	1	2	A*24:02:01:01	A*02:06:01:01	
NA18977	NA18977	EAS	T1K-four-field	B	complete	1	1	1	2	B*35:01:01:01	B*55:02:01:07	
NA18977	NA18977	EAS	T1K-four-field	C	complete	1	1	1	2	C*03:04:01:01	C*01:02:01:23	
NA18977	NA18977	EAS	T1K-four-field	DRB1	complete	1	1	1	2	DRB1*12:01:01:08,HLA-DRB1*12:01:01:10	DRB1*04:05:01:02,HLA-DRB1*04:05:01:09	
NA18977	NA18977	EAS	T1K-four-field	DQB1	complete	1	1	1	2	DQB1*04:01:01:02	DQB1*03:03:02:02	
NA18978	NA18978	EAS	T1K-four-field	A	complete	1	1	1	2	A*03:01:01:01	A*31:01:02:01	
NA18978	NA18978	EAS	T1K-four-field	B	complete	1	1	1	2	B*40:02:01:01	B*44:02:01:01	
NA18978	NA18978	EAS	T1K-four-field	C	complete	1	1	1	2	C*14:02:01:01	C*05:01:01:02	
NA18978	NA18978	EAS	T1K-four-field	DRB1	complete	1	1	1	2	DRB1*04:03:01:02,HLA-DRB1*04:03:01:03	DRB1*13:01:01:01,HLA-DRB1*13:01:01:03,HLA-DRB1*13:01:01:13	
NA18978	NA18978	EAS	T1K-four-field	DQB1	complete	1	1	1	2	DQB1*06:03:01:01,HLA-DQB1*06:03:01:09,HLA-DQB1*06:03:01:10	DQB1*03:02:01:01,HLA-DQB1*03:02:01:02	
NA18979	NA18979	EAS	T1K-four-field	A	complete	1	1	1	2	A*02:01:01:01	A*24:02:01:01	
NA18979	NA18979	EAS	T1K-four-field	B	complete	1	1	1	2	B*52:01:01:01,HLA-B*52:01:01:15	B*55:02:01:01	
NA18979	NA18979	EAS	T1K-four-field	C	complete	1	1	1	2	C*01:02:01:01	C*12:02:02:01	
NA18979	NA18979	EAS	T1K-four-field	DRB1	complete	1	1	1	2	DRB1*04:05:01:03	DRB1*15:02:01:08	
NA18979	NA18979	EAS	T1K-four-field	DQB1	complete	1	1	1	2	DQB1*04:01:01:02	DQB1*06:01:01:01	
NA18980	NA18980	EAS	T1K-four-field	A	complete	1	1	0	1	A*11:02:01:01	A*31:01:02:01	
NA18980	NA18980	EAS	T1K-four-field	B	complete	1	1	1	2	B*13:01:01:01	B*40:01:02:01	
NA18980	NA18980	EAS	T1K-four-field	C	complete	1	1	1	2	C*03:04:01:01	C*03:03:01:01	
NA18980	NA18980	EAS	T1K-four-field	DRB1	complete	1	1	0	0	DRB1*08:03:02:01,HLA-DRB1*08:03:02:02	DRB1*12:02:01:05,HLA-DRB1*12:02:01:06,HLA-DRB1*12:02:01:11	
NA18980	NA18980	EAS	T1K-four-field	DQB1	complete	1	1	1	2	DQB1*03:01:01:07	DQB1*06:01:01:01	
NA18981	NA18981	EAS	T1K-four-field	A	complete	1	1	1	2	A*31:01:02:01	A*02:01:01:01	
NA18981	NA18981	EAS	T1K-four-field	B	complete	1	1	1	2	B*51:01:01:01	B*51:01:01:01	
NA18981	NA18981	EAS	T1K-four-field	C	complete	1	1	1	2	C*14:02:01:01	C*14:02:01:01	
NA18981	NA18981	EAS	T1K-four-field	DRB1	complete	1	1	1	2	DRB1*15:01:01:03	DRB1*08:02:01:03	
NA18981	NA18981	EAS	T1K-four-field	DQB1	complete	1	1	1	2	DQB1*04:02:01:07	DQB1*03:01:01:73	
NA18987	NA18987	EAS	T1K-four-field	A	complete	1	1	0	0	A*02:07:01:01	A*26:02:01	
NA18987	NA18987	EAS	T1K-four-field	B	complete	1	1	1	2	B*40:06:01:01	B*46:01:01:01	
NA18987	NA18987	EAS	T1K-four-field	C	complete	1	1	1	2	C*08:01:01:01	C*01:02:01:01	
NA18987	NA18987	EAS	T1K-four-field	DRB1	complete	1	1	0	1	DRB1*08:03:02:01,HLA-DRB1*08:03:02:02	DRB1*12:01:01:03,HLA-DRB1*12:01:01:08,HLA-DRB1*12:01:01:14	
NA18987	NA18987	EAS	T1K-four-field	DQB1	complete	1	1	1	2	DQB1*06:01:01:01	DQB1*03:01:01:01	
NA18991	NA18991	EAS	T1K-four-field	A	complete	1	1	1	2	A*24:02:01:01	A*02:01:01:01	
NA18991	NA18991	EAS	T1K-four-field	B	complete	1	1	1	2	B*40:02:01:01	B*52:01:01:01	
NA18991	NA18991	EAS	T1K-four-field	C	complete	1	1	1	2	C*15:02:01:01	C*12:02:02:01	
NA18991	NA18991	EAS	T1K-four-field	DRB1	complete	1	1	1	2	DRB1*15:02:01:03	DRB1*04:03:01:01,HLA-DRB1*04:03:01:02,HLA-DRB1*04:03:01:03	
NA18991	NA18991	EAS	T1K-four-field	DQB1	complete	1	1	1	2	DQB1*06:01:01:01	DQB1*03:02:01:01	
NA18992	NA18992	EAS	T1K-four-field	A	complete	1	1	1	2	A*33:03:01:01	A*24:02:01:01	
NA18992	NA18992	EAS	T1K-four-field	B	complete	1	1	1	2	B*52:01:01:01	B*44:03:01:01	
NA18992	NA18992	EAS	T1K-four-field	C	complete	1	1	1	2	C*14:03:01:01	C*12:02:02:01	
NA18992	NA18992	EAS	T1K-four-field	DRB1	complete	1	1	1	2	DRB1*15:02:01:03	DRB1*13:02:01:02,HLA-DRB1*13:02:01:05,HLA-DRB1*13:02:01:07,HLA-DRB1*13:02:01:09	
NA18992	NA18992	EAS	T1K-four-field	DQB1	complete	1	1	1	2	DQB1*06:01:01:01	DQB1*06:04:01:01	
NA18993	NA18993	EAS	T1K-four-field	A	complete	1	1	1	2	A*02:06:01:01	A*02:01:01:01	
NA18993	NA18993	EAS	T1K-four-field	B	complete	1	1	1	2	B*39:01:03:01	B*35:01:01:01	
NA18993	NA18993	EAS	T1K-four-field	C	complete	1	1	1	2	C*07:02:01:01	C*03:03:01:01	
NA18993	NA18993	EAS	T1K-four-field	DRB1	complete	1	1	1	2	DRB1*08:02:01:01	DRB1*04:03:01:01,HLA-DRB1*04:03:01:02,HLA-DRB1*04:03:01:03	
NA18993	NA18993	EAS	T1K-four-field	DQB1	complete	1	1	1	2	DQB1*03:02:01:01	DQB1*04:02:01:04	
NA18994	NA18994	EAS	T1K-four-field	A	complete	1	1	1	2	A*31:01:02:01	A*24:02:01:01	
NA18994	NA18994	EAS	T1K-four-field	B	complete	1	1	1	2	B*40:02:01:01	B*07:02:01:01,HLA-B*07:02:01:79,HLA-B*07:02:01:81	
NA18994	NA18994	EAS	T1K-four-field	C	complete	1	1	1	2	C*07:02:01:03	C*03:04:01:01	
NA18994	NA18994	EAS	T1K-four-field	DRB1	complete	1	1	1	2	DRB1*08:02:01:01	DRB1*01:01:01:01	
NA18994	NA18994	EAS	T1K-four-field	DQB1	complete	1	1	1	2	DQB1*03:02:01:01	DQB1*05:01:01:01	
NA18995	NA18995	EAS	T1K-four-field	A	complete	1	1	1	2	A*24:02:01:01	A*33:03:01:01	
NA18995	NA18995	EAS	T1K-four-field	B	complete	1	1	1	2	B*15:07:01:01	B*44:03:01:01	
NA18995	NA18995	EAS	T1K-four-field	C	complete	1	1	1	2	C*14:03:01:01	C*03:03:01:01	
NA18995	NA18995	EAS	T1K-four-field	DRB1	complete	1	1	1	2	DRB1*13:02:01:02,HLA-DRB1*13:02:01:05,HLA-DRB1*13:02:01:07,HLA-DRB1*13:02:01:09,HLA-DRB1*13:02:01:11	DRB1*11:01:01:04	
NA18995	NA18995	EAS	T1K-four-field	DQB1	complete	1	1	1	2	DQB1*06:04:01:01	DQB1*03:01:01:01	
NA18997	NA18997	EAS	T1K-four-field	A	complete	1	1	1	2	A*26:03:01:01	A*24:02:01:01	
NA18997	NA18997	EAS	T1K-four-field	B	complete	1	1	1	2	B*15:01:01:01	B*39:01:01:02L	
NA18997	NA18997	EAS	T1K-four-field	C	complete	1	1	1	2	C*07:02:01:01	C*03:03:01:01	
NA18997	NA18997	EAS	T1K-four-field	DRB1	complete	1	1	1	2	DRB1*04:06:01	DRB1*09:01:02:01	missing_or_one_field
NA18997	NA18997	EAS	T1K-four-field	DQB1	complete	1	1	1	2	DQB1*03:02:01:01	DQB1*03:03:02:02	missing_or_one_field
NA18998	NA18998	EAS	T1K-four-field	A	complete	1	1	1	2	A*24:02:01:01	A*02:06:01:01	
NA18998	NA18998	EAS	T1K-four-field	B	complete	1	1	1	2	B*52:01:01:01	B*54:01:01:01	
NA18998	NA18998	EAS	T1K-four-field	C	complete	1	1	1	2	C*01:02:01:01,HLA-C*01:02:01:23,HLA-C*01:02:01:57,HLA-C*01:02:01:59	C*12:02:02:01	
NA18998	NA18998	EAS	T1K-four-field	DRB1	complete	1	1	1	2	DRB1*15:01:01:03	DRB1*15:02:01:02,HLA-DRB1*15:02:01:08	
NA18998	NA18998	EAS	T1K-four-field	DQB1	complete	1	1	1	2	DQB1*06:02:01:01	DQB1*06:01:01:01	
NA18999	NA18999	EAS	T1K-four-field	A	complete	1	1	1	2	A*33:03:01:01	A*24:04	
NA18999	NA18999	EAS	T1K-four-field	B	complete	1	1	1	2	B*46:01:01:01	B*40:06:01:01	
NA18999	NA18999	EAS	T1K-four-field	C	complete	1	1	0	1	C*01:03:01	C*08:01:01:01	
NA18999	NA18999	EAS	T1K-four-field	DRB1	complete	1	1	1	2	DRB1*09:01:02:01	DRB1*09:01:02:01	
NA18999	NA18999	EAS	T1K-four-field	DQB1	complete	1	1	1	2	DQB1*03:03:02:02	DQB1*03:03:02:02	
NA19000	NA19000	EAS	T1K-four-field	A	complete	1	1	1	2	A*24:02:01:01	A*24:02:01:01	
NA19000	NA19000	EAS	T1K-four-field	B	complete	1	1	1	2	B*67:01:01	B*54:01:01:01	
NA19000	NA19000	EAS	T1K-four-field	C	complete	1	1	1	2	C*07:02:01:01	C*01:02:01:01	
NA19000	NA19000	EAS	T1K-four-field	DRB1	complete	1	1	1	2	DRB1*01:01:01:01	DRB1*04:05:01:01,HLA-DRB1*04:05:01:02	
NA19000	NA19000	EAS	T1K-four-field	DQB1	complete	1	1	1	2	DQB1*04:01:01:02	DQB1*05:01:01:01	
NA19001	NA19001	EAS	T1K-four-field	A	complete	1	1	1	2	A*02:06:01:01	A*24:02:01:01	
NA19001	NA19001	EAS	T1K-four-field	B	complete	1	1	1	2	B*07:02:01:01,HLA-B*07:02:01:72	B*52:01:01:01	
NA19001	NA19001	EAS	T1K-four-field	C	complete	1	1	1	2	C*12:02:02:01	C*07:02:01:03	
NA19001	NA19001	EAS	T1K-four-field	DRB1	complete	1	1	1	2	DRB1*01:01:01:01	DRB1*15:02:01:08	
NA19001	NA19001	EAS	T1K-four-field	DQB1	complete	1	1	1	2	DQB1*06:01:01:01	DQB1*05:01:01:01	
NA19002	NA19002	EAS	T1K-four-field	A	complete	1	1	1	2	A*01:01:01:01	A*11:01:01:01	
NA19002	NA19002	EAS	T1K-four-field	B	complete	1	1	1	2	B*37:01:01:01	B*44:03:01:01	
NA19002	NA19002	EAS	T1K-four-field	C	complete	1	1	1	2	C*14:03:01:01	C*06:02:01:01	
NA19002	NA19002	EAS	T1K-four-field	DRB1	complete	1	1	1	2	DRB1*10:01:01:03	DRB1*13:02:01:02,HLA-DRB1*13:02:01:05,HLA-DRB1*13:02:01:07,HLA-DRB1*13:02:01:09,HLA-DRB1*13:02:01:11	
NA19002	NA19002	EAS	T1K-four-field	DQB1	complete	1	1	1	2	DQB1*06:04:01:01	DQB1*05:01:01:01	
NA19003	NA19003	EAS	T1K-four-field	A	complete	1	1	1	2	A*11:01:01:01	A*02:06:01:04	
NA19003	NA19003	EAS	T1K-four-field	B	complete	1	1	1	2	B*39:01:03:01	B*39:01:01:02L	
NA19003	NA19003	EAS	T1K-four-field	C	complete	1	1	1	2	C*07:02:01:01	C*07:02:01:01	
NA19003	NA19003	EAS	T1K-four-field	DRB1	complete	1	1	1	2	DRB1*08:03:02:01,HLA-DRB1*08:03:02:02	DRB1*13:02:01:02,HLA-DRB1*13:02:01:05,HLA-DRB1*13:02:01:07,HLA-DRB1*13:02:01:09,HLA-DRB1*13:02:01:11	
NA19003	NA19003	EAS	T1K-four-field	DQB1	complete	1	1	1	2	DQB1*06:04:01:01	DQB1*06:01:01:01	
NA19005	NA19005	EAS	T1K-four-field	A	complete	1	1	1	2	A*33:03:01:01	A*02:01:01:01	
NA19005	NA19005	EAS	T1K-four-field	B	complete	1	1	1	2	B*58:01:01:01	B*67:01:02	
NA19005	NA19005	EAS	T1K-four-field	C	complete	1	1	1	2	C*07:02:01:01	C*03:02:02:01	
NA19005	NA19005	EAS	T1K-four-field	DRB1	complete	1	1	1	2	DRB1*15:01:01:03	DRB1*13:02:01:03	
NA19005	NA19005	EAS	T1K-four-field	DQB1	complete	1	1	0	1	DQB1*06:02:01:01	DQB1*06:09:01:01	
NA19009	NA19009	EAS	T1K-four-field	A	complete	1	1	1	2	A*02:01:01:97	A*24:02:01:01	
NA19009	NA19009	EAS	T1K-four-field	B	complete	1	1	1	2	B*40:01:02:01,HLA-B*40:01:02:29,HLA-B*40:01:02:62,HLA-B*40:01:02:63	B*52:01:01:01,HLA-B*52:01:01:25	
NA19009	NA19009	EAS	T1K-four-field	C	complete	1	1	1	2	C*03:04:01:01	C*12:02:02:01	
NA19009	NA19009	EAS	T1K-four-field	DRB1	complete	1	1	1	2	DRB1*12:01:01:08,HLA-DRB1*12:01:01:10	DRB1*15:02:01:03	
NA19009	NA19009	EAS	T1K-four-field	DQB1	complete	1	1	1	2	DQB1*03:03:02:02	DQB1*06:01:01:01	
NA19010	NA19010	EAS	T1K-four-field	A	complete	1	1	1	2	A*24:02:01:01	A*24:02:01:01	
NA19010	NA19010	EAS	T1K-four-field	B	complete	1	1	1	2	B*35:01:01:01	B*35:01:01:01	
NA19010	NA19010	EAS	T1K-four-field	C	complete	1	1	1	2	C*08:01:01:01	C*03:03:01:01	
NA19010	NA19010	EAS	T1K-four-field	DRB1	complete	1	1	1	2	DRB1*04:10:03	DRB1*04:03:01:01,HLA-DRB1*04:03:01:02,HLA-DRB1*04:03:01:03	
NA19010	NA19010	EAS	T1K-four-field	DQB1	complete	1	1	1	2	DQB1*04:02:01:05	DQB1*03:02:01:01	
NA19012	NA19012	EAS	T1K-four-field	A	complete	1	1	1	2	A*24:02:01:01	A*24:02:01:01	
NA19012	NA19012	EAS	T1K-four-field	B	complete	1	1	1	2	B*35:01:01:01	B*35:01:01:01	
NA19012	NA19012	EAS	T1K-four-field	C	complete	1	1	1	2	C*03:03:01:01	C*03:03:01:01	
NA19012	NA19012	EAS	T1K-four-field	DRB1	complete	1	1	1	2	DRB1*04:03:01:01,HLA-DRB1*04:03:01:02,HLA-DRB1*04:03:01:03	DRB1*04:03:01:05	
NA19012	NA19012	EAS	T1K-four-field	DQB1	complete	1	1	1	2	DQB1*03:02:01:01	DQB1*03:02:01:01	
NA19027	NA19027	AFR	T1K-four-field	A	complete	1	1	1	2	A*36:01:01:01	A*36:01:01:01	
NA19027	NA19027	AFR	T1K-four-field	B	complete	1	1	1	2	B*57:03:01:01	B*53:01:01:01	
NA19027	NA19027	AFR	T1K-four-field	C	complete	1	1	0	1	C*07:18:01:01	C*04:391	
NA19027	NA19027	AFR	T1K-four-field	DRB1	complete	1	1	1	2	DRB1*11:01:02:03	DRB1*12:01:01:06	
NA19027	NA19027	AFR	T1K-four-field	DQB1	complete	1	1	1	2	DQB1*05:01:01:01	DQB1*06:02:01:01	
NA19028	NA19028	AFR	T1K-four-field	A	complete	1	1	1	2	A*30:02:01:01	A*01:01:83	
NA19028	NA19028	AFR	T1K-four-field	B	complete	1	1	1	2	B*13:02:01:01	B*15:03:01:02	
NA19028	NA19028	AFR	T1K-four-field	C	complete	1	1	1	2	C*06:02:01:01	C*02:10:01:01	
NA19028	NA19028	AFR	T1K-four-field	DRB1	complete	1	1	1	2	DRB1*11:01:02:03	DRB1*11:01:02:04	
NA19028	NA19028	AFR	T1K-four-field	DQB1	complete	1	1	1	2	DQB1*03:19:01:01	DQB1*05:01:01:01	
NA19031	NA19031	AFR	T1K-four-field	A	complete	1	1	1	2	A*30:01:01:01	A*02:01:01:01	
NA19031	NA19031	AFR	T1K-four-field	B	complete	1	1	1	2	B*42:01:01:01	B*53:01:01:01	
NA19031	NA19031	AFR	T1K-four-field	C	complete	1	1	1	2	C*17:01:01:02	C*04:01:01:01	
NA19031	NA19031	AFR	T1K-four-field	DRB1	complete	1	1	1	2	DRB1*11:02:01:02	DRB1*03:02:01:01	
NA19031	NA19031	AFR	T1K-four-field	DQB1	complete	1	1	1	2	DQB1*04:02:01:04	DQB1*03:01:01:16	
NA19035	NA19035	AFR	T1K-four-field	A	complete	1	1	1	2	A*03:01:01:05	A*30:01:01:01	
NA19035	NA19035	AFR	T1K-four-field	B	complete	1	1	1	2	B*42:01:01:01	B*44:03:01:01	
NA19035	NA19035	AFR	T1K-four-field	C	complete	1	1	1	2	C*17:01:01:02	C*04:01:01:01,HLA-C*04:01:01:32,HLA-C*04:01:01:129	
NA19035	NA19035	AFR	T1K-four-field	DRB1	complete	1	1	1	2	DRB1*09:01:02:07	DRB1*03:02:01:01	
NA19035	NA19035	AFR	T1K-four-field	DQB1	complete	1	1	1	2	DQB1*02:02:01:02	DQB1*04:02:01:04	
NA19038	NA19038	AFR	T1K-four-field	A	complete	1	1	1	2	A*74:01:01:01	A*29:02:01:01	
NA19038	NA19038	AFR	T1K-four-field	B	complete	1	1	0	1	B*15:220:01:01	B*35:01:01:01,HLA-B*35:01:01:68	
NA19038	NA19038	AFR	T1K-four-field	C	complete	1	1	1	2	C*04:01:01:01,HLA-C*04:01:01:32,HLA-C*04:01:01:129	C*12:03:01:01,HLA-C*12:03:01:41,HLA-C*12:03:01:59	
NA19038	NA19038	AFR	T1K-four-field	DRB1	complete	1	1	1	2	DRB1*15:03:01:02	DRB1*09:01:02:06	
NA19038	NA19038	AFR	T1K-four-field	DQB1	complete	1	1	1	2	DQB1*02:02:01:02	DQB1*06:02:01:01	
NA19041	NA19041	AFR	T1K-four-field	A	complete	1	1	1	2	A*30:01:01:01	A*02:01:01:01	
NA19041	NA19041	AFR	T1K-four-field	B	complete	1	1	1	2	B*58:02:01:01,HLA-B*58:02:03	B*45:01:01:01	
NA19041	NA19041	AFR	T1K-four-field	C	complete	1	1	1	2	C*06:02:01:01	C*06:02:01:03	
NA19041	NA19041	AFR	T1K-four-field	DRB1	complete	1	1	1	2	DRB1*01:02:01:01	DRB1*13:02:01:03	
NA19041	NA19041	AFR	T1K-four-field	DQB1	complete	1	1	1	2	DQB1*05:01:01:01	DQB1*06:09:01:01	
NA19054	NA19054	EAS	T1K-four-field	A	complete	1	1	1	2	A*33:03:01:01	A*02:06:01:01	
NA19054	NA19054	EAS	T1K-four-field	B	complete	1	1	1	2	B*35:01:01:01	B*44:03:01:01	
NA19054	NA19054	EAS	T1K-four-field	C	complete	1	1	1	2	C*03:03:01:01	C*14:03:01:01	
NA19054	NA19054	EAS	T1K-four-field	DRB1	complete	1	1	1	2	DRB1*13:02:01:09	DRB1*08:03:02:01,HLA-DRB1*08:03:02:02	
NA19054	NA19054	EAS	T1K-four-field	DQB1	complete	1	1	1	2	DQB1*06:01:01:01	DQB1*06:04:01:01	
NA19055	NA19055	EAS	T1K-four-field	A	complete	1	1	1	2	A*24:02:01:01	A*02:06:01:01	
NA19055	NA19055	EAS	T1K-four-field	B	complete	1	1	1	2	B*59:01:01:01	B*07:02:01:01	
NA19055	NA19055	EAS	T1K-four-field	C	complete	1	1	1	2	C*07:02:01:03	C*01:02:01:01	
NA19055	NA19055	EAS	T1K-four-field	DRB1	complete	1	1	1	2	DRB1*01:01:01:01	DRB1*12:01:01:03	
NA19055	NA19055	EAS	T1K-four-field	DQB1	complete	1	1	1	2	DQB1*03:03:02:02	DQB1*05:01:01:01	
NA19056	NA19056	EAS	T1K-four-field	A	complete	1	1	1	2	A*24:02:01:01	A*24:02:01:01	
NA19056	NA19056	EAS	T1K-four-field	B	complete	1	1	1	2	B*40:02:01:01	B*40:06:01:01	
NA19056	NA19056	EAS	T1K-four-field	C	complete	1	1	1	2	C*03:04:01:01	C*08:01:01:01	
NA19056	NA19056	EAS	T1K-four-field	DRB1	complete	1	1	1	2	DRB1*11:01:01:04	DRB1*15:02:01:05	
NA19056	NA19056	EAS	T1K-four-field	DQB1	complete	1	1	1	2	DQB1*06:01:01:01	DQB1*03:01:01:73	
NA19057	NA19057	EAS	T1K-four-field	A	complete	1	1	1	2	A*02:10	A*31:01:02:01	
NA19057	NA19057	EAS	T1K-four-field	B	complete	1	1	1	2	B*59:01:01:01	B*40:06:01:01	
NA19057	NA19057	EAS	T1K-four-field	C	complete	1	1	1	2	C*08:01:01:01	C*01:02:01:01	
NA19057	NA19057	EAS	T1K-four-field	DRB1	complete	1	1	0	1	DRB1*04:05:01:06	DRB1*04:10:03	
NA19057	NA19057	EAS	T1K-four-field	DQB1	complete	1	1	1	2	DQB1*04:01:01:02	DQB1*04:01:01:02	
NA19058	NA19058	EAS	T1K-four-field	A	complete	1	1	1	2	A*11:01:01:01	A*24:02:01:01	
NA19058	NA19058	EAS	T1K-four-field	B	complete	1	1	1	2	B*54:01:01:01	B*39:02:01:01	
NA19058	NA19058	EAS	T1K-four-field	C	complete	1	1	1	2	C*01:02:01:01	C*07:02:01:01	
NA19058	NA19058	EAS	T1K-four-field	DRB1	complete	1	1	1	2	DRB1*09:01:02:01	DRB1*08:03:02:01,HLA-DRB1*08:03:02:02	
NA19058	NA19058	EAS	T1K-four-field	DQB1	complete	1	1	1	2	DQB1*03:03:02:02	DQB1*06:01:01:01	
NA19059	NA19059	EAS	T1K-four-field	A	complete	1	1	1	2	A*02:06:01:01	A*24:02:01:01	
NA19059	NA19059	EAS	T1K-four-field	B	complete	1	1	1	2	B*46:01:01:01	B*52:01:01:01,HLA-B*52:01:01:25	
NA19059	NA19059	EAS	T1K-four-field	C	complete	1	1	1	2	C*01:02:01:01	C*12:02:02:01	
NA19059	NA19059	EAS	T1K-four-field	DRB1	complete	1	1	1	2	DRB1*04:05:01:01,HLA-DRB1*04:05:01:02,HLA-DRB1*04:05:01:03,HLA-DRB1*04:05:01:07	DRB1*15:02:01:03	
NA19059	NA19059	EAS	T1K-four-field	DQB1	complete	1	1	1	2	DQB1*04:01:01:02	DQB1*06:01:01:01	
NA19060	NA19060	EAS	T1K-four-field	A	complete	1	1	1	2	A*02:01:01:01	A*31:01:02:01	
NA19060	NA19060	EAS	T1K-four-field	B	complete	1	1	0	1	B*51:230:01:04	B*40:02:01:01	
NA19060	NA19060	EAS	T1K-four-field	C	complete	1	1	1	2	C*14:02:01:01	C*07:02:01:01	
NA19060	NA19060	EAS	T1K-four-field	DRB1	complete	1	1	1	2	DRB1*14:03:01	DRB1*14:54:01:11	
NA19060	NA19060	EAS	T1K-four-field	DQB1	complete	1	1	1	2	DQB1*05:02:01:01	DQB1*03:01:01:01	
NA19062	NA19062	EAS	T1K-four-field	A	complete	1	1	1	2	A*24:02:01:01,HLA-A*24:02:01:67,HLA-A*24:02:01:134	A*26:02:01	
NA19062	NA19062	EAS	T1K-four-field	B	complete	1	1	1	2	B*44:03:01:01	B*07:02:01:01	
NA19062	NA19062	EAS	T1K-four-field	C	complete	1	1	1	2	C*14:03:01:01	C*07:02:01:03	
NA19062	NA19062	EAS	T1K-four-field	DRB1	complete	1	1	1	2	DRB1*04:10:03	DRB1*13:02:01:02,HLA-DRB1*13:02:01:07	
NA19062	NA19062	EAS	T1K-four-field	DQB1	complete	1	1	1	2	DQB1*04:02:01:05	DQB1*06:04:01:01	
NA19063	NA19063	EAS	T1K-four-field	A	complete	1	1	1	2	A*24:02:01:01	A*11:01:01:01	
NA19063	NA19063	EAS	T1K-four-field	B	complete	1	1	1	2	B*15:01:01:01	B*15:18:01:01	
NA19063	NA19063	EAS	T1K-four-field	C	complete	1	1	1	2	C*08:01:01:01	C*04:01:01:131	
NA19063	NA19063	EAS	T1K-four-field	DRB1	complete	1	1	1	2	DRB1*04:06:01	DRB1*09:01:02:01	
NA19063	NA19063	EAS	T1K-four-field	DQB1	complete	1	1	1	2	DQB1*03:03:02:02	DQB1*03:02:01:01	
NA19064	NA19064	EAS	T1K-four-field	A	complete	1	1	1	2	A*24:02:01:01	A*02:07:01:01	
NA19064	NA19064	EAS	T1K-four-field	B	complete	1	1	1	2	B*15:18:01:01	B*46:01:01:01	
NA19064	NA19064	EAS	T1K-four-field	C	complete	1	1	1	2	C*07:04:01:01	C*01:02:01:01	
NA19064	NA19064	EAS	T1K-four-field	DRB1	complete	1	1	1	2	DRB1*08:03:02:01,HLA-DRB1*08:03:02:02	DRB1*04:01:01:01	
NA19064	NA19064	EAS	T1K-four-field	DQB1	complete	1	1	1	2	DQB1*06:01:01:01	DQB1*03:01:01:73	
NA19065	NA19065	EAS	T1K-four-field	A	complete	1	1	1	2	A*31:01:02:01	A*02:06:01:04	
NA19065	NA19065	EAS	T1K-four-field	B	complete	1	1	1	2	B*51:01:01:01	B*39:01:03:01	
NA19065	NA19065	EAS	T1K-four-field	C	complete	1	1	1	2	C*07:02:01:01	C*14:02:01:01	
NA19065	NA19065	EAS	T1K-four-field	DRB1	complete	1	1	1	2	DRB1*15:01:01:03	DRB1*08:02:01:03	
NA19065	NA19065	EAS	T1K-four-field	DQB1	complete	1	1	1	2	DQB1*06:02:01:01	DQB1*04:02:01:07	
NA19067	NA19067	EAS	T1K-four-field	A	complete	1	1	1	2	A*24:02:01:01	A*31:01:02:01	
NA19067	NA19067	EAS	T1K-four-field	B	complete	1	1	1	2	B*54:01:01:01	B*15:18:01:01	
NA19067	NA19067	EAS	T1K-four-field	C	complete	1	1	1	2	C*08:01:01:01	C*01:02:01:01	
NA19067	NA19067	EAS	T1K-four-field	DRB1	complete	1	1	1	2	DRB1*04:03:01:02	DRB1*04:05:01:01,HLA-DRB1*04:05:01:02,HLA-DRB1*04:05:01:03,HLA-DRB1*04:05:01:07	
NA19067	NA19067	EAS	T1K-four-field	DQB1	complete	1	1	1	2	DQB1*04:01:01:02	DQB1*03:02:01:01	
NA19068	NA19068	EAS	T1K-four-field	A	complete	1	1	1	2	A*26:01:01:01	A*11:01:01:01	
NA19068	NA19068	EAS	T1K-four-field	B	complete	1	1	1	2	B*51:01:01:01	B*40:02:01:01	
NA19068	NA19068	EAS	T1K-four-field	C	complete	1	1	1	2	C*03:04:01:01	C*01:02:01:01	
NA19068	NA19068	EAS	T1K-four-field	DRB1	complete	1	1	1	2	DRB1*09:01:02:01	DRB1*08:02:01:01	
NA19068	NA19068	EAS	T1K-four-field	DQB1	complete	1	1	1	2	DQB1*03:03:02:02	DQB1*03:02:01:01	
NA19070	NA19070	EAS	T1K-four-field	A	complete	1	1	1	2	A*02:07:01:01	A*26:01:01:01	
NA19070	NA19070	EAS	T1K-four-field	B	complete	1	1	1	2	B*46:01:01:01	B*52:01:01:01	
NA19070	NA19070	EAS	T1K-four-field	C	complete	1	1	1	2	C*12:02:02:01,HLA-C*12:02:02:19	C*01:02:01:01,HLA-C*01:02:01:23,HLA-C*01:02:01:57	
NA19070	NA19070	EAS	T1K-four-field	DRB1	complete	1	1	1	2	DRB1*09:01:02:01	DRB1*15:02:01:03	
NA19070	NA19070	EAS	T1K-four-field	DQB1	complete	1	1	1	2	DQB1*03:03:02:02	DQB1*06:01:01:01	
NA19072	NA19072	EAS	T1K-four-field	A	complete	1	1	1	2	A*33:03:01:01	A*24:02:01:01	
NA19072	NA19072	EAS	T1K-four-field	B	complete	1	1	0	1	B*46:01:01:01,HLA-B*46:99	B*58:01:01:01	
NA19072	NA19072	EAS	T1K-four-field	C	complete	1	1	1	2	C*03:02:02:01	C*01:03:01	
NA19072	NA19072	EAS	T1K-four-field	DRB1	complete	1	1	1	2	DRB1*13:02:01:03	DRB1*04:05:01:03	
NA19072	NA19072	EAS	T1K-four-field	DQB1	complete	1	1	1	2	DQB1*03:02:01:01	DQB1*06:09:01:01	
NA19074	NA19074	EAS	T1K-four-field	A	complete	1	1	1	2	A*24:02:01:01	A*24:02:01:01	
NA19074	NA19074	EAS	T1K-four-field	B	complete	1	1	1	2	B*40:02:01:01	B*52:01:01:01	
NA19074	NA19074	EAS	T1K-four-field	C	complete	1	1	1	2	C*12:02:02:01	C*03:04:01:01	
NA19074	NA19074	EAS	T1K-four-field	DRB1	complete	1	1	1	2	DRB1*08:02:01:01	DRB1*15:02:01:08	
NA19074	NA19074	EAS	T1K-four-field	DQB1	complete	1	1	1	2	DQB1*03:02:01:01	DQB1*06:01:01:01	
NA19075	NA19075	EAS	T1K-four-field	A	complete	1	1	1	2	A*02:01:01:01,HLA-A*02:01:01:27	A*26:03:01:01	
NA19075	NA19075	EAS	T1K-four-field	B	complete	1	1	1	2	B*15:01:01:01	B*56:01:01:02	
NA19075	NA19075	EAS	T1K-four-field	C	complete	1	1	1	2	C*03:03:01:01	C*04:01:01:01,HLA-C*04:01:01:32,HLA-C*04:01:01:129,HLA-C*04:01:01:142,HLA-C*04:01:01:173	
NA19075	NA19075	EAS	T1K-four-field	DRB1	complete	1	1	1	2	DRB1*15:01:01:23	DRB1*09:01:02:01	
NA19075	NA19075	EAS	T1K-four-field	DQB1	complete	1	1	1	2	DQB1*06:02:01:01	DQB1*03:03:02:02	
NA19076	NA19076	EAS	T1K-four-field	A	complete	1	1	1	2	A*24:02:01:01	A*31:01:02:01,HLA-A*31:01:02:09	
NA19076	NA19076	EAS	T1K-four-field	B	complete	1	1	1	2	B*40:02:01:01	B*40:02:01:01	
NA19076	NA19076	EAS	T1K-four-field	C	complete	1	1	1	2	C*03:04:01:01	C*03:04:01:01	
NA19076	NA19076	EAS	T1K-four-field	DRB1	complete	1	1	1	2	DRB1*04:05:01:01,HLA-DRB1*04:05:01:03,HLA-DRB1*04:05:01:07	DRB1*08:02:01:01	
NA19076	NA19076	EAS	T1K-four-field	DQB1	complete	1	1	1	2	DQB1*04:01:01:02	DQB1*03:02:01:01	
NA19077	NA19077	EAS	T1K-four-field	A	complete	1	1	1	2	A*24:02:01:01	A*24:02:01:01	
NA19077	NA19077	EAS	T1K-four-field	B	complete	1	1	1	2	B*51:01:01:01	B*37:01:01:01,HLA-B*37:01:39	
NA19077	NA19077	EAS	T1K-four-field	C	complete	1	1	1	2	C*14:02:01:01	C*06:02:01:01	
NA19077	NA19077	EAS	T1K-four-field	DRB1	complete	1	1	1	2	DRB1*09:01:02:01	DRB1*10:01:01:03	
NA19077	NA19077	EAS	T1K-four-field	DQB1	complete	1	1	1	2	DQB1*03:03:02:02	DQB1*05:01:01:01	
NA19078	NA19078	EAS	T1K-four-field	A	complete	1	1	1	2	A*24:02:01:01	A*02:06:01:01	
NA19078	NA19078	EAS	T1K-four-field	B	complete	1	1	1	2	B*40:06:01:01	B*54:01:01:01	
NA19078	NA19078	EAS	T1K-four-field	C	complete	1	1	1	2	C*08:01:01:01	C*01:02:01:01	
NA19078	NA19078	EAS	T1K-four-field	DRB1	complete	1	1	1	2	DRB1*08:03:02:01,HLA-DRB1*08:03:02:02	DRB1*14:54:01:09	
NA19078	NA19078	EAS	T1K-four-field	DQB1	complete	1	1	1	2	DQB1*05:03:01:04	DQB1*06:01:01:01	
NA19080	NA19080	EAS	T1K-four-field	A	complete	1	1	1	2	A*31:01:02:01	A*33:03:01:01	
NA19080	NA19080	EAS	T1K-four-field	B	complete	1	1	1	2	B*58:01:01:01	B*48:01:01:01	
NA19080	NA19080	EAS	T1K-four-field	C	complete	1	1	1	2	C*03:02:02:01	C*03:04:01:01	
NA19080	NA19080	EAS	T1K-four-field	DRB1	complete	1	1	1	2	DRB1*13:02:01:03	DRB1*09:01:02:01	
NA19080	NA19080	EAS	T1K-four-field	DQB1	complete	1	1	1	2	DQB1*03:03:02:02	DQB1*06:09:01:01	
NA19081	NA19081	EAS	T1K-four-field	A	complete	1	1	1	2	A*24:02:01:01	A*26:01:01:01	
NA19081	NA19081	EAS	T1K-four-field	B	complete	1	1	1	2	B*35:01:01:01	B*52:01:01:01	
NA19081	NA19081	EAS	T1K-four-field	C	complete	1	1	1	2	C*03:03:01:01	C*12:02:02:01	
NA19081	NA19081	EAS	T1K-four-field	DRB1	complete	1	1	1	2	DRB1*09:01:02:01	DRB1*15:02:01:08	
NA19081	NA19081	EAS	T1K-four-field	DQB1	complete	1	1	1	2	DQB1*06:01:01:01	DQB1*03:03:02:02	
NA19082	NA19082	EAS	T1K-four-field	A	complete	1	1	1	2	A*11:01:01:01	A*26:01:01:01	
NA19082	NA19082	EAS	T1K-four-field	B	complete	1	1	1	2	B*40:02:01:01	B*51:01:01:01	
NA19082	NA19082	EAS	T1K-four-field	C	complete	1	1	1	2	C*03:04:01:01	C*14:02:01:01	
NA19082	NA19082	EAS	T1K-four-field	DRB1	complete	1	1	1	2	DRB1*09:01:02:01	DRB1*15:01:01:03	
NA19082	NA19082	EAS	T1K-four-field	DQB1	complete	1	1	1	2	DQB1*03:03:02:02	DQB1*06:02:01:01	
NA19083	NA19083	EAS	T1K-four-field	A	complete	1	1	1	2	A*33:03:01:01	A*26:03:01:01	
NA19083	NA19083	EAS	T1K-four-field	B	complete	1	1	0	1	B*44:03:01:01	B*15:01:01:01,HLA-B*15:01:01:30,HLA-B*15:01:60,HLA-B*15:01:70,HLA-B*15:456,HLA-B*15:457,HLA-B*15:465	
NA19083	NA19083	EAS	T1K-four-field	C	complete	1	1	1	2	C*14:03:01:01	C*03:03:01:01	
NA19083	NA19083	EAS	T1K-four-field	DRB1	complete	1	1	1	2	DRB1*14:03:01	DRB1*13:02:01:02,HLA-DRB1*13:02:01:05,HLA-DRB1*13:02:01:07,HLA-DRB1*13:02:01:09,HLA-DRB1*13:02:01:11	
NA19083	NA19083	EAS	T1K-four-field	DQB1	complete	1	1	1	2	DQB1*06:04:01:01	DQB1*03:01:01:01	
NA19084	NA19084	EAS	T1K-four-field	A	complete	1	1	1	2	A*02:06:01:01	A*02:01:01:01	
NA19084	NA19084	EAS	T1K-four-field	B	complete	1	1	1	2	B*40:01:02:01	B*40:01:02:01	
NA19084	NA19084	EAS	T1K-four-field	C	complete	1	1	1	2	C*03:04:01:01	C*03:04:01:01	
NA19084	NA19084	EAS	T1K-four-field	DRB1	complete	1	1	1	2	DRB1*12:02:01:01,HLA-DRB1*12:02:01:03,HLA-DRB1*12:02:01:08,HLA-DRB1*12:02:01:10,HLA-DRB1*12:02:01:11	DRB1*08:03:02:01,HLA-DRB1*08:03:02:02	
NA19084	NA19084	EAS	T1K-four-field	DQB1	complete	1	1	1	2	DQB1*06:01:01:01	DQB1*03:01:01:07	
NA19085	NA19085	EAS	T1K-four-field	A	complete	1	1	1	2	A*24:02:01:01	A*33:03:01:01	
NA19085	NA19085	EAS	T1K-four-field	B	complete	1	1	0	1	B*44:03:01:01	B*52:01:01:01,HLA-B*52:95	
NA19085	NA19085	EAS	T1K-four-field	C	complete	1	1	1	2	C*14:03:01:01	C*12:02:02:01	
NA19085	NA19085	EAS	T1K-four-field	DRB1	complete	1	1	1	2	DRB1*15:02:01:03	DRB1*13:02:01:02,HLA-DRB1*13:02:01:05,HLA-DRB1*13:02:01:07,HLA-DRB1*13:02:01:09,HLA-DRB1*13:02:01:11	
NA19085	NA19085	EAS	T1K-four-field	DQB1	complete	1	1	1	2	DQB1*06:04:01:01	DQB1*06:01:01:01	
NA19086	NA19086	EAS	T1K-four-field	A	complete	1	1	1	2	A*24:02:01:01	A*26:02:01	
NA19086	NA19086	EAS	T1K-four-field	B	complete	1	1	1	2	B*40:06:01:01	B*51:01:01:01,HLA-B*51:01:01:80	
NA19086	NA19086	EAS	T1K-four-field	C	complete	1	1	1	2	C*14:02:01:01	C*08:01:01:01	
NA19086	NA19086	EAS	T1K-four-field	DRB1	complete	1	1	1	2	DRB1*09:01:02:01	DRB1*08:02:01:03	
NA19086	NA19086	EAS	T1K-four-field	DQB1	complete	1	1	1	2	DQB1*03:03:02:02	DQB1*04:02:01:07	
NA19092	Y040	AFR	T1K-four-field	A	complete	1	1	1	2	A*68:02:01:01	A*36:01:01:01	
NA19092	Y040	AFR	T1K-four-field	B	complete	1	1	1	2	B*81:01:01:01	B*42:01:01:01	
NA19092	Y040	AFR	T1K-four-field	C	complete	1	1	1	2	C*08:04:01:01	C*17:01:01:02	
NA19092	Y040	AFR	T1K-four-field	DRB1	complete	1	1	1	2	DRB1*03:02:01:01	DRB1*13:01:01:10	
NA19092	Y040	AFR	T1K-four-field	DQB1	complete	1	1	1	2	DQB1*04:02:01:04	DQB1*05:01:01:01	
NA19093	Y040	AFR	T1K-four-field	A	complete	1	1	1	2	A*30:01:01:01	A*23:01:01:01	
NA19093	Y040	AFR	T1K-four-field	B	complete	1	1	1	2	B*53:01:01:01	B*35:01:01:01	
NA19093	Y040	AFR	T1K-four-field	C	complete	1	1	1	2	C*04:01:01:01	C*08:02:01:01	
NA19093	Y040	AFR	T1K-four-field	DRB1	complete	1	1	0	1	DRB1*13:02:01:11	DRB1*15:03:01:02	
NA19093	Y040	AFR	T1K-four-field	DQB1	complete	1	1	1	2	DQB1*06:02:01:01	DQB1*05:01:01:01	
NA19094	Y040	AFR	T1K-four-field	A	complete	1	1	1	2	A*36:01:01:01	A*23:01:01:01	
NA19094	Y040	AFR	T1K-four-field	B	complete	1	1	1	2	B*81:01:01:01	B*53:01:01:01	
NA19094	Y040	AFR	T1K-four-field	C	complete	1	1	1	2	C*08:04:01:01	C*08:02:01:01	
NA19094	Y040	AFR	T1K-four-field	DRB1	complete	1	1	1	2	DRB1*13:01:01:10	DRB1*13:02:01:11	
NA19094	Y040	AFR	T1K-four-field	DQB1	complete	1	1	1	2	DQB1*05:01:01:01	DQB1*05:01:01:01	
NA19098	Y105	AFR	T1K-four-field	A	complete	1	1	1	2	A*36:01:01:01	A*02:01:01:01	
NA19098	Y105	AFR	T1K-four-field	B	complete	1	1	1	2	B*53:01:01:01	B*51:01:01:01	
NA19098	Y105	AFR	T1K-four-field	C	complete	1	1	1	2	C*06:02:01:01	C*16:01:01:01	
NA19098	Y105	AFR	T1K-four-field	DRB1	complete	1	1	1	2	DRB1*01:02:01:01	DRB1*07:01:01:01	
NA19098	Y105	AFR	T1K-four-field	DQB1	complete	1	1	0	1	DQB1*02:02:01:01	DQB1*05:01:01:01	
NA19099	Y105	AFR	T1K-four-field	A	complete	1	1	1	2	A*36:01:01:01	A*23:01:01:01	
NA19099	Y105	AFR	T1K-four-field	B	complete	1	1	1	2	B*07:02:01:01	B*07:02:01:01	
NA19099	Y105	AFR	T1K-four-field	C	complete	1	1	0	1	C*07:629	C*15:05:02:01	
NA19099	Y105	AFR	T1K-four-field	DRB1	complete	1	1	1	2	DRB1*15:03:01:01	DRB1*09:01:02:06	
NA19099	Y105	AFR	T1K-four-field	DQB1	complete	1	1	0	1	DQB1*05:02:01:08	DQB1*02:02:01:02	
NA19100	Y105	AFR	T1K-four-field	A	complete	1	1	1	2	A*36:01:01:01	A*36:01:01:01	
NA19100	Y105	AFR	T1K-four-field	B	complete	1	1	1	2	B*53:01:01:01	B*07:02:01:01	
NA19100	Y105	AFR	T1K-four-field	C	complete	1	1	1	2	C*15:05:02:01	C*06:02:01:01,HLA-C*06:02:01:10	
NA19100	Y105	AFR	T1K-four-field	DRB1	complete	1	1	1	2	DRB1*15:03:01:01	DRB1*01:02:01:01	
NA19100	Y105	AFR	T1K-four-field	DQB1	complete	1	1	1	2	DQB1*05:02:01:08	DQB1*05:01:01:01	
NA19101	Y042	AFR	T1K-four-field	A	complete	1	1	1	2	A*34:02:01:01	A*36:01:01:01	
NA19101	Y042	AFR	T1K-four-field	B	complete	1	1	1	2	B*15:10:01:01	B*53:01:01:01	
NA19101	Y042	AFR	T1K-four-field	C	complete	1	1	1	2	C*16:01:01:01	C*04:01:01:95	
NA19101	Y042	AFR	T1K-four-field	DRB1	complete	1	1	1	2	DRB1*11:02:01:02,HLA-DRB1*11:02:01:04	DRB1*11:01:02:03	
NA19101	Y042	AFR	T1K-four-field	DQB1	complete	1	1	0	1	DQB1*06:02:01:01	DQB1*03:19:01:01	
NA19102	Y042	AFR	T1K-four-field	A	complete	1	1	1	2	A*03:01:01:07	A*30:01:01:01	
NA19102	Y042	AFR	T1K-four-field	B	complete	1	1	1	2	B*42:01:01:01	B*18:01:01:01	
NA19102	Y042	AFR	T1K-four-field	C	complete	1	1	1	2	C*02:02:02:01	C*17:01:01:02	
NA19102	Y042	AFR	T1K-four-field	DRB1	complete	1	1	1	2	DRB1*15:03:01:02	DRB1*15:03:01:02	
NA19102	Y042	AFR	T1K-four-field	DQB1	complete	1	1	1	2	DQB1*06:02:01:01	DQB1*06:02:01:01	
NA19103	Y042	AFR	T1K-four-field	A	complete	1	1	1	2	A*30:01:01:01	A*34:02:01:01	
NA19103	Y042	AFR	T1K-four-field	B	complete	1	1	1	2	B*42:01:01:01	B*15:10:01:01	
NA19103	Y042	AFR	T1K-four-field	C	complete	1	1	1	2	C*16:01:01:01	C*17:01:01:02	
NA19103	Y042	AFR	T1K-four-field	DRB1	complete	1	1	1	2	DRB1*15:03:01:02	DRB1*11:02:01:02,HLA-DRB1*11:02:01:04	
NA19103	Y042	AFR	T1K-four-field	DQB1	complete	1	1	0	1	DQB1*06:02:01:01	DQB1*03:19:01:01	
NA19116	Y060	AFR	T1K-four-field	A	complete	1	1	1	2	A*33:03:01:01	A*23:01:01:01	
NA19116	Y060	AFR	T1K-four-field	B	complete	1	1	0	1	B*39:24:01:01	B*07:02:01:01	
NA19116	Y060	AFR	T1K-four-field	C	complete	1	1	1	2	C*07:02:01:99	C*07:01:01:109	
NA19116	Y060	AFR	T1K-four-field	DRB1	complete	1	1	1	2	DRB1*03:02:01:02	DRB1*13:02:01:14	
NA19116	Y060	AFR	T1K-four-field	DQB1	complete	1	1	0	1	DQB1*04:02:01:04	DQB1*06:09:01:01	
NA19119	Y060	AFR	T1K-four-field	A	complete	1	1	0	1	A*23:17:01:01	A*36:01:01:01	
NA19119	Y060	AFR	T1K-four-field	B	complete	1	1	0	1	B*49:01:01:01	B*35:01:01:01,HLA-B*35:370,HLA-B*35:615	
NA19119	Y060	AFR	T1K-four-field	C	complete	1	1	1	2	C*07:01:02:01	C*04:01:01:01,HLA-C*04:01:01:32,HLA-C*04:01:01:59,HLA-C*04:01:01:160	
NA19119	Y060	AFR	T1K-four-field	DRB1	complete	1	1	1	2	DRB1*07:01:01:01	DRB1*03:01:01:16	missing_or_one_field
NA19119	Y060	AFR	T1K-four-field	DQB1	complete	1	1	1	2	DQB1*02:02:01:01	DQB1*05:01:01:01	missing_or_one_field
NA19120	Y060	AFR	T1K-four-field	A	complete	1	1	1	2	A*36:01:01:01	A*23:01:01:01	
NA19120	Y060	AFR	T1K-four-field	B	complete	1	1	1	2	B*49:01:01:01	B*07:02:01:54	
NA19120	Y060	AFR	T1K-four-field	C	complete	1	1	1	2	C*07:02:01:01	C*07:01:02:01	
NA19120	Y060	AFR	T1K-four-field	DRB1	complete	1	1	1	2	DRB1*07:01:01:01	DRB1*13:02:01:01	
NA19120	Y060	AFR	T1K-four-field	DQB1	complete	1	1	0	0	DQB1*06:09:01:01	DQB1*02:02:01:01	
NA19127	Y077	AFR	T1K-four-field	A	complete	1	1	1	2	A*02:05:01:01	A*02:02:01:02	
NA19127	Y077	AFR	T1K-four-field	B	complete	1	1	1	2	B*15:10:01:01	B*58:01:01:01	
NA19127	Y077	AFR	T1K-four-field	C	complete	1	1	0	1	C*07:18:01:01	C*08:04:01:01	
NA19127	Y077	AFR	T1K-four-field	DRB1	complete	1	1	1	2	DRB1*01:01:01:01	DRB1*11:04:02	
NA19127	Y077	AFR	T1K-four-field	DQB1	complete	1	1	1	2	DQB1*05:01:01:01	DQB1*05:02:01:08	
NA19128	Y077	AFR	T1K-four-field	A	complete	1	1	1	2	A*23:01:01:01	A*68:02:01:01	
NA19128	Y077	AFR	T1K-four-field	B	complete	1	1	1	2	B*07:02:01:01,HLA-B*07:02:01:20	B*15:10:01:01	
NA19128	Y077	AFR	T1K-four-field	C	complete	1	1	1	2	C*07:02:01:01	C*03:02:02:01	
NA19128	Y077	AFR	T1K-four-field	DRB1	complete	1	1	1	2	DRB1*03:01:01:02	DRB1*11:02:01:04	
NA19128	Y077	AFR	T1K-four-field	DQB1	complete	1	1	0	1	DQB1*02:01:01:01	DQB1*03:19:01:01	
NA19129	Y077	AFR	T1K-four-field	A	complete	1	1	1	2	A*23:01:01:01	A*02:02:01:02	
NA19129	Y077	AFR	T1K-four-field	B	complete	1	1	0	0	B*58:01:01:01,HLA-B*58:01:01:17,HLA-B*58:117	B*07:02:01:01,HLA-B*07:529	
NA19129	Y077	AFR	T1K-four-field	C	complete	1	1	0	1	C*07:18:01:01	C*07:02:01:01	
NA19129	Y077	AFR	T1K-four-field	DRB1	complete	1	1	1	2	DRB1*11:02:01:04	DRB1*01:01:01:01	
NA19129	Y077	AFR	T1K-four-field	DQB1	complete	1	1	0	1	DQB1*05:01:01:01	DQB1*03:19:01:01	
NA19130	Y101	AFR	T1K-four-field	A	complete	1	1	1	2	A*33:03:01:01	A*36:01:01:01	
NA19130	Y101	AFR	T1K-four-field	B	complete	1	1	1	2	B*13:02:01:07	B*35:01:01:01,HLA-B*35:01:01:17,HLA-B*35:01:01:55,HLA-B*35:01:01:90	
NA19130	Y101	AFR	T1K-four-field	C	complete	1	1	1	2	C*04:01:01:01,HLA-C*04:01:01:32	C*04:01:01:01,HLA-C*04:01:01:32	
NA19130	Y101	AFR	T1K-four-field	DRB1	complete	1	1	0	1	DRB1*08:04:01:01	DRB1*13:03:01:04	
NA19130	Y101	AFR	T1K-four-field	DQB1	complete	1	1	1	2	DQB1*04:02:13	DQB1*03:01:01:73	
NA19131	Y101	AFR	T1K-four-field	A	complete	1	1	0	1	A*66:03:01:01	A*68:02:01:01	
NA19131	Y101	AFR	T1K-four-field	B	complete	1	1	1	2	B*42:01:01:01	B*53:01:01:01	
NA19131	Y101	AFR	T1K-four-field	C	complete	1	1	1	2	C*17:01:01:02	C*04:01:01:01	
NA19131	Y101	AFR	T1K-four-field	DRB1	complete	1	1	1	2	DRB1*08:04:01:07	DRB1*03:02:01:01	
NA19131	Y101	AFR	T1K-four-field	DQB1	complete	1	1	1	2	DQB1*04:02:01:04	DQB1*03:01:04:01	
NA19132	Y101	AFR	T1K-four-field	A	complete	1	1	0	1	A*66:03:01:01	A*36:01:01:01	
NA19132	Y101	AFR	T1K-four-field	B	complete	1	1	1	2	B*53:01:01:01	B*35:01:01:01	
NA19132	Y101	AFR	T1K-four-field	C	complete	1	1	1	2	C*04:01:01:01	C*04:01:01:01	
NA19132	Y101	AFR	T1K-four-field	DRB1	complete	1	1	0	1	DRB1*08:04:01:07	DRB1*13:03:01:04	
NA19132	Y101	AFR	T1K-four-field	DQB1	complete	1	1	1	2	DQB1*03:01:01:73	DQB1*03:01:04:01	
NA19137	Y043	AFR	T1K-four-field	A	complete	1	1	1	2	A*02:01:01:01	A*30:01:01:01	
NA19137	Y043	AFR	T1K-four-field	B	complete	1	1	1	2	B*45:01:01:01	B*07:02:01:01	
NA19137	Y043	AFR	T1K-four-field	C	complete	1	1	1	2	C*16:01:01:01	C*07:02:01:01	
NA19137	Y043	AFR	T1K-four-field	DRB1	complete	1	1	1	2	DRB1*15:03:01:02	DRB1*11:02:01:04	
NA19137	Y043	AFR	T1K-four-field	DQB1	complete	1	1	0	1	DQB1*06:02:01:01	DQB1*03:19:01:01	
NA19138	Y043	AFR	T1K-four-field	A	complete	1	1	1	2	A*02:01:01:01	A*23:01:01:01	
NA19138	Y043	AFR	T1K-four-field	B	complete	1	1	0	1	B*58:01:01:01,HLA-B*58:01:01:17,HLA-B*58:120	B*07:02:01:01	
NA19138	Y043	AFR	T1K-four-field	C	complete	1	1	0	1	C*07:02:01:01	C*07:18:01:01	
NA19138	Y043	AFR	T1K-four-field	DRB1	complete	1	1	1	2	DRB1*15:03:01:02	DRB1*13:03:01:01	
NA19138	Y043	AFR	T1K-four-field	DQB1	complete	1	1	0	0	DQB1*06:09:01:01	DQB1*03:09	
NA19139	Y043	AFR	T1K-four-field	A	complete	1	1	1	2	A*30:01:01:01	A*23:01:01:01	
NA19139	Y043	AFR	T1K-four-field	B	complete	1	1	1	2	B*07:02:01:01	B*07:02:01:01	
NA19139	Y043	AFR	T1K-four-field	C	complete	1	1	1	2	C*07:02:01:01	C*07:02:01:01	
NA19139	Y043	AFR	T1K-four-field	DRB1	complete	1	1	1	2	DRB1*15:03:01:02	DRB1*13:03:01:01	
NA19139	Y043	AFR	T1K-four-field	DQB1	complete	1	1	0	1	DQB1*06:02:01:01	DQB1*03:09	
NA19140	Y071	AFR	T1K-four-field	A	complete	1	1	1	2	A*36:01:01:01	A*03:01:01:05	
NA19140	Y071	AFR	T1K-four-field	B	complete	1	1	1	2	B*15:10:01:01	B*58:01:01:01	
NA19140	Y071	AFR	T1K-four-field	C	complete	1	1	0	1	C*07:18:01:01	C*08:04:01:01	
NA19140	Y071	AFR	T1K-four-field	DRB1	complete	1	1	1	2	DRB1*15:03:01:02	DRB1*11:04:02	
NA19140	Y071	AFR	T1K-four-field	DQB1	complete	1	1	1	2	DQB1*05:02:01:08	DQB1*06:02:01:01	
NA19141	Y071	AFR	T1K-four-field	A	complete	1	1	1	2	A*02:11:01:01	A*36:01:01:01	
NA19141	Y071	AFR	T1K-four-field	B	complete	1	1	1	2	B*35:01:01:01	B*52:01:02:01	
NA19141	Y071	AFR	T1K-four-field	C	complete	1	1	0	1	C*07:18:01:01	C*16:01:01:01	
NA19141	Y071	AFR	T1K-four-field	DRB1	complete	1	1	1	2	DRB1*13:01:01:10	DRB1*13:02:01:01	
NA19141	Y071	AFR	T1K-four-field	DQB1	complete	1	1	0	1	DQB1*06:09:01:01	DQB1*06:03:01:01	
NA19142	Y071	AFR	T1K-four-field	A	complete	1	1	1	2	A*03:01:01:05	A*02:11:01:01	
NA19142	Y071	AFR	T1K-four-field	B	complete	1	1	1	2	B*52:01:02:01	B*15:10:01:01	
NA19142	Y071	AFR	T1K-four-field	C	complete	1	1	1	2	C*16:01:01:01	C*08:04:01:01	
NA19142	Y071	AFR	T1K-four-field	DRB1	complete	1	1	1	2	DRB1*13:01:01:10	DRB1*11:04:02	
NA19142	Y071	AFR	T1K-four-field	DQB1	complete	1	1	1	2	DQB1*05:02:01:08	DQB1*06:03:01:01,HLA-DQB1*06:03:01:10	
NA19143	Y074	AFR	T1K-four-field	A	complete	1	1	1	2	A*23:01:01:01	A*02:02:01:01	
NA19143	Y074	AFR	T1K-four-field	B	complete	1	1	1	2	B*52:01:02:01	B*53:01:01:01	
NA19143	Y074	AFR	T1K-four-field	C	complete	1	1	1	2	C*16:01:01:01	C*04:01:01:01,HLA-C*04:01:01:32,HLA-C*04:01:01:129,HLA-C*04:01:01:173	
NA19143	Y074	AFR	T1K-four-field	DRB1	complete	1	1	1	2	DRB1*13:02:19	DRB1*03:01:08:02	
NA19143	Y074	AFR	T1K-four-field	DQB1	complete	1	1	1	2	DQB1*02:01:01:01	DQB1*06:04:01:01	
NA19144	Y074	AFR	T1K-four-field	A	complete	1	1	1	2	A*33:03:01:01	A*32:01:01:01	
NA19144	Y074	AFR	T1K-four-field	B	complete	1	1	1	2	B*53:01:01:01	B*58:01:01:01	
NA19144	Y074	AFR	T1K-four-field	C	complete	1	1	1	2	C*04:01:01:01,HLA-C*04:01:01:32,HLA-C*04:01:01:129	C*03:02:02:01	
NA19144	Y074	AFR	T1K-four-field	DRB1	complete	1	1	1	2	DRB1*03:01:01:01,HLA-DRB1*03:01:01:02,HLA-DRB1*03:01:01:03,HLA-DRB1*03:01:01:16	DRB1*13:01:01:10	
NA19144	Y074	AFR	T1K-four-field	DQB1	complete	1	1	1	2	DQB1*06:03:01:01	DQB1*02:01:01:01	
NA19145	Y074	AFR	T1K-four-field	A	complete	1	1	1	2	A*02:02:01:01	A*32:01:01:01	
NA19145	Y074	AFR	T1K-four-field	B	complete	1	1	1	2	B*53:01:01:01	B*58:01:01:01	
NA19145	Y074	AFR	T1K-four-field	C	complete	1	1	1	2	C*03:02:02:01	C*04:01:01:01,HLA-C*04:01:01:32	
NA19145	Y074	AFR	T1K-four-field	DRB1	complete	1	1	1	2	DRB1*13:02:01:11	DRB1*13:01:01:20	
NA19145	Y074	AFR	T1K-four-field	DQB1	complete	1	1	1	2	DQB1*06:03:01:01,HLA-DQB1*06:03:01:10	DQB1*06:04:01:01	
NA19152	Y072	AFR	T1K-four-field	A	complete	1	1	1	2	A*03:01:01:05	A*26:01:01:01	
NA19152	Y072	AFR	T1K-four-field	B	complete	1	1	1	2	B*56:01:01:02	B*15:10:01:01	
NA19152	Y072	AFR	T1K-four-field	C	complete	1	1	1	2	C*08:04:01:01	C*01:02:01:01	
NA19152	Y072	AFR	T1K-four-field	DRB1	complete	1	1	0	1	DRB1*11:04:02	DRB1*14:54:01:09	
NA19152	Y072	AFR	T1K-four-field	DQB1	complete	1	1	1	2	DQB1*05:02:01:08	DQB1*05:03:01:05	
NA19153	Y072	AFR	T1K-four-field	A	complete	1	1	1	2	A*36:01:01:01	A*33:03:01:01	
NA19153	Y072	AFR	T1K-four-field	B	complete	1	1	1	2	B*18:01:01:01	B*53:01:01:01	
NA19153	Y072	AFR	T1K-four-field	C	complete	1	1	1	2	C*04:01:01:01,HLA-C*04:01:01:32,HLA-C*04:01:01:129	C*05:01:01:01	
NA19153	Y072	AFR	T1K-four-field	DRB1	complete	1	1	0	1	DRB1*03:02:01:02	DRB1*14:54:01:04,HLA-DRB1*14:54:01:06	
NA19153	Y072	AFR	T1K-four-field	DQB1	complete	1	1	1	2	DQB1*05:03:01:01	DQB1*04:02:01:04	
NA19154	Y072	AFR	T1K-four-field	A	complete	1	1	1	2	A*33:03:01:01	A*26:01:01:01	
NA19154	Y072	AFR	T1K-four-field	B	complete	1	1	1	2	B*18:01:01:01	B*56:01:01:02,HLA-B*56:01:01:03	
NA19154	Y072	AFR	T1K-four-field	C	complete	1	1	1	2	C*05:01:01:01	C*01:02:01:01	
NA19154	Y072	AFR	T1K-four-field	DRB1	complete	1	1	0	0	DRB1*14:54:01:03	DRB1*14:54:12	
NA19154	Y072	AFR	T1K-four-field	DQB1	complete	1	1	1	2	DQB1*05:03:01:01	DQB1*05:03:01:05	
NA19171	Y047	AFR	T1K-four-field	A	complete	1	1	1	2	A*23:01:01:01	A*02:02:01:01	
NA19171	Y047	AFR	T1K-four-field	B	complete	1	1	1	2	B*53:01:01:01	B*52:01:02:01	
NA19171	Y047	AFR	T1K-four-field	C	complete	1	1	1	2	C*16:01:01:01	C*04:01:01:95	
NA19171	Y047	AFR	T1K-four-field	DRB1	complete	1	1	1	2	DRB1*13:02:01:01,HLA-DRB1*13:02:01:03,HLA-DRB1*13:02:01:04,HLA-DRB1*13:02:01:14	DRB1*13:03:01:01,HLA-DRB1*13:03:01:05	
NA19171	Y047	AFR	T1K-four-field	DQB1	complete	1	1	0	0	DQB1*06:09:01:01	DQB1*03:09	
NA19172	Y047	AFR	T1K-four-field	A	complete	1	1	1	2	A*30:02:01:01	A*68:01:01:02	
NA19172	Y047	AFR	T1K-four-field	B	complete	1	1	1	2	B*35:01:01:01	B*44:03:01:01	
NA19172	Y047	AFR	T1K-four-field	C	complete	1	1	0	1	C*04:01:01:01	C*04:527	
NA19172	Y047	AFR	T1K-four-field	DRB1	complete	1	1	1	2	DRB1*15:03:01:02	DRB1*07:01:01:01	
NA19172	Y047	AFR	T1K-four-field	DQB1	complete	1	1	0	0	DQB1*02:02:01:02	DQB1*02:02:01:01	
NA19173	Y047	AFR	T1K-four-field	A	complete	1	1	1	2	A*23:01:01:01	A*30:02:01:01	
NA19173	Y047	AFR	T1K-four-field	B	complete	1	1	1	2	B*52:01:02:01	B*35:01:01:01	
NA19173	Y047	AFR	T1K-four-field	C	complete	1	1	1	2	C*16:01:01:01	C*04:01:01:01,HLA-C*04:01:01:32	
NA19173	Y047	AFR	T1K-four-field	DRB1	complete	1	1	1	2	DRB1*07:01:01:01	DRB1*13:03:01:04	
NA19173	Y047	AFR	T1K-four-field	DQB1	complete	1	1	0	0	DQB1*02:02:01:01	DQB1*03:09	
NA19200	Y045	AFR	T1K-four-field	A	complete	1	1	1	2	A*23:01:01:01	A*30:02:01:02	
NA19200	Y045	AFR	T1K-four-field	B	complete	1	1	1	2	B*52:01:02:01	B*07:02:01:01	
NA19200	Y045	AFR	T1K-four-field	C	complete	1	1	1	2	C*07:02:01:01	C*16:01:01:01	
NA19200	Y045	AFR	T1K-four-field	DRB1	complete	1	1	1	2	DRB1*13:01:01:10	DRB1*01:01:01:01	
NA19200	Y045	AFR	T1K-four-field	DQB1	complete	1	1	1	2	DQB1*05:01:01:01	DQB1*05:01:01:01	
NA19201	Y045	AFR	T1K-four-field	A	complete	1	1	1	2	A*03:01:01:05	A*33:03:01:01	
NA19201	Y045	AFR	T1K-four-field	B	complete	1	1	1	2	B*18:01:01:01	B*15:16:01:02	
NA19201	Y045	AFR	T1K-four-field	C	complete	1	1	1	2	C*02:02:02:01	C*14:02:01:02	
NA19201	Y045	AFR	T1K-four-field	DRB1	complete	1	1	1	2	DRB1*07:01:01:01	DRB1*03:01:01:03,HLA-DRB1*03:01:01:16	
NA19201	Y045	AFR	T1K-four-field	DQB1	complete	1	1	0	1	DQB1*02:02:01:01	DQB1*02:01:01:01	
NA19202	Y045	AFR	T1K-four-field	A	complete	1	1	1	2	A*33:03:01:01	A*23:01:01:01	
NA19202	Y045	AFR	T1K-four-field	B	complete	1	1	0	1	B*15:16:01:02	B*07:02:01:01,HLA-B*07:529	
NA19202	Y045	AFR	T1K-four-field	C	complete	1	1	1	2	C*07:02:01:01	C*14:02:01:02	
NA19202	Y045	AFR	T1K-four-field	DRB1	complete	1	1	1	2	DRB1*03:01:01:02	DRB1*01:01:01:01	
NA19202	Y045	AFR	T1K-four-field	DQB1	complete	1	1	1	2	DQB1*02:01:01:01	DQB1*05:01:01:01	
NA19203	Y048	AFR	T1K-four-field	A	complete	1	1	0	1	A*36:03	A*80:01:01:02	
NA19203	Y048	AFR	T1K-four-field	B	complete	1	1	1	2	B*18:01:01:01	B*53:01:01:01	
NA19203	Y048	AFR	T1K-four-field	C	complete	1	1	1	2	C*02:02:02:01	C*04:01:01:01,HLA-C*04:01:01:32,HLA-C*04:01:01:129,HLA-C*04:01:01:173	
NA19203	Y048	AFR	T1K-four-field	DRB1	complete	1	1	1	2	DRB1*07:01:01:01	DRB1*03:02:01:01	
NA19203	Y048	AFR	T1K-four-field	DQB1	complete	1	1	0	1	DQB1*02:02:01:01	DQB1*04:02:01:04	
NA19204	Y048	AFR	T1K-four-field	A	complete	1	1	1	2	A*30:02:01:01	A*02:05:01:01	
NA19204	Y048	AFR	T1K-four-field	B	complete	1	1	1	2	B*18:01:01:01	B*58:01:01:01	
NA19204	Y048	AFR	T1K-four-field	C	complete	1	1	0	1	C*07:18:01:01	C*08:02:01:01	
NA19204	Y048	AFR	T1K-four-field	DRB1	complete	1	1	1	2	DRB1*07:01:01:01	DRB1*07:01:01:01	
NA19204	Y048	AFR	T1K-four-field	DQB1	complete	1	1	0	0	DQB1*02:02:01:01	DQB1*02:02:01:01	
NA19205	Y048	AFR	T1K-four-field	A	complete	1	1	0	1	A*02:05:01:01	A*36:03	
NA19205	Y048	AFR	T1K-four-field	B	complete	1	1	1	2	B*58:01:01:01	B*53:01:01:01	
NA19205	Y048	AFR	T1K-four-field	C	complete	1	1	0	1	C*07:18:01:01	C*04:01:01:01,HLA-C*04:01:01:32,HLA-C*04:01:01:129	
NA19205	Y048	AFR	T1K-four-field	DRB1	complete	1	1	1	2	DRB1*07:01:01:01	DRB1*03:02:01:01	
NA19205	Y048	AFR	T1K-four-field	DQB1	complete	1	1	0	1	DQB1*04:02:01:04	DQB1*02:02:01:01	
NA19206	Y051	AFR	T1K-four-field	A	complete	1	1	1	2	A*02:01:01:01	A*01:01:01:01	
NA19206	Y051	AFR	T1K-four-field	B	complete	1	1	1	2	B*42:01:01:01	B*53:01:01:01	
NA19206	Y051	AFR	T1K-four-field	C	complete	1	1	1	2	C*17:01:01:02	C*04:01:01:01	
NA19206	Y051	AFR	T1K-four-field	DRB1	complete	1	1	0	1	DRB1*11:01:02:03	DRB1*03:02:01:01	
NA19206	Y051	AFR	T1K-four-field	DQB1	complete	1	1	1	2	DQB1*04:02:01:04	DQB1*06:02:01:01	
NA19207	Y051	AFR	T1K-four-field	A	complete	1	1	1	2	A*30:02:01:03	A*68:02:01:01	
NA19207	Y051	AFR	T1K-four-field	B	complete	1	1	1	2	B*15:10:01:01	B*08:01:01:01	
NA19207	Y051	AFR	T1K-four-field	C	complete	1	1	1	2	C*03:02:02:01	C*07:01:01:01	
NA19207	Y051	AFR	T1K-four-field	DRB1	complete	1	1	1	2	DRB1*03:01:01:02	DRB1*11:01:02:01	
NA19207	Y051	AFR	T1K-four-field	DQB1	complete	1	1	1	2	DQB1*02:01:01:01	DQB1*03:01:01:01	
NA19208	Y051	AFR	T1K-four-field	A	complete	1	1	1	2	A*30:02:01:03	A*02:01:01:01	
NA19208	Y051	AFR	T1K-four-field	B	complete	1	1	1	2	B*42:01:01:01	B*08:01:01:01	
NA19208	Y051	AFR	T1K-four-field	C	complete	1	1	1	2	C*17:01:01:02	C*07:01:01:01	
NA19208	Y051	AFR	T1K-four-field	DRB1	complete	1	1	1	2	DRB1*03:02:01:01	DRB1*11:01:02:01	
NA19208	Y051	AFR	T1K-four-field	DQB1	complete	1	1	1	2	DQB1*04:02:01:04	DQB1*03:01:01:01	
NA19209	Y050	AFR	T1K-four-field	A	complete	1	1	1	2	A*03:01:01:05	A*30:01:01:01	
NA19209	Y050	AFR	T1K-four-field	B	complete	1	1	1	2	B*52:01:02:01	B*15:10:01:01	
NA19209	Y050	AFR	T1K-four-field	C	complete	1	1	1	2	C*16:01:01:01	C*08:04:01:01	
NA19209	Y050	AFR	T1K-four-field	DRB1	complete	1	1	1	2	DRB1*13:01:01:10	DRB1*11:04:02	
NA19209	Y050	AFR	T1K-four-field	DQB1	complete	1	1	1	2	DQB1*06:03:01:01	DQB1*05:02:01:08	
NA19210	Y050	AFR	T1K-four-field	A	complete	1	1	1	2	A*03:01:01:05	A*33:01:01:01	
NA19210	Y050	AFR	T1K-four-field	B	complete	1	1	0	1	B*58:01:01:01,HLA-B*58:01:01:06,HLA-B*58:01:01:15,HLA-B*58:117	B*15:10:01:01	
NA19210	Y050	AFR	T1K-four-field	C	complete	1	1	1	2	C*03:02:02:01	C*08:04:01:01	
NA19210	Y050	AFR	T1K-four-field	DRB1	complete	1	1	1	2	DRB1*03:01:01:02	DRB1*13:01:01:20	missing_or_one_field
NA19210	Y050	AFR	T1K-four-field	DQB1	complete	1	1	1	2	DQB1*06:03:01:01	DQB1*03:19:01:01	missing_or_one_field
NA19211	Y050	AFR	T1K-four-field	A	complete	1	1	1	2	A*33:01:01:01	A*03:01:01:05	
NA19211	Y050	AFR	T1K-four-field	B	complete	1	1	0	1	B*15:10:01:01	B*58:01:01:01,HLA-B*58:01:01:17,HLA-B*58:117	
NA19211	Y050	AFR	T1K-four-field	C	complete	1	1	1	2	C*08:04:01:01	C*03:02:02:01	
NA19211	Y050	AFR	T1K-four-field	DRB1	complete	1	1	1	2	DRB1*13:01:01:10	DRB1*11:04:02	
NA19211	Y050	AFR	T1K-four-field	DQB1	complete	1	1	1	2	DQB1*05:02:01:08	DQB1*06:03:01:01	
NA19221	Y058	AFR	T1K-four-field	A	complete	1	1	1	2	A*33:03:01:01	A*30:01:01:01	missing_or_one_field
NA19221	Y058	AFR	T1K-four-field	B	complete	1	1	1	2	B*42:02:01:02	B*41:04	missing_or_one_field
NA19221	Y058	AFR	T1K-four-field	C	complete	1	1	1	2	C*17:01:01:02	C*17:01:01:02	missing_or_one_field
NA19221	Y058	AFR	T1K-four-field	DRB1	complete	1	1	0	1	DRB1*13:03:01:03	DRB1*13:15	
NA19221	Y058	AFR	T1K-four-field	DQB1	complete	1	1	0	1	DQB1*02:02:01:01	DQB1*02:01:01:01	
NA19222	Y058	AFR	T1K-four-field	A	complete	1	1	1	2	A*33:03:01:01	A*30:01:01:01	
NA19222	Y058	AFR	T1K-four-field	B	complete	1	1	1	2	B*45:01:01:01	B*42:02:01:02	
NA19222	Y058	AFR	T1K-four-field	C	complete	1	1	1	2	C*17:01:01:02	C*16:01:01:01	
NA19222	Y058	AFR	T1K-four-field	DRB1	complete	1	1	1	2	DRB1*13:03:01:03	DRB1*04:03:01:02	
NA19222	Y058	AFR	T1K-four-field	DQB1	complete	1	1	0	1	DQB1*03:02:01:01	DQB1*02:02:01:01	
NA19223	Y058	AFR	T1K-four-field	A	complete	1	1	1	2	A*30:01:01:01	A*33:03:01:01	missing_or_one_field
NA19223	Y058	AFR	T1K-four-field	B	complete	1	1	1	2	B*41:04	B*42:01:01:01	missing_or_one_field
NA19223	Y058	AFR	T1K-four-field	C	complete	1	1	1	2	C*17:01:01:02	C*17:01:01:02	missing_or_one_field
NA19223	Y058	AFR	T1K-four-field	DRB1	complete	1	1	0	1	DRB1*03:02:01:01	DRB1*03:05:01	
NA19223	Y058	AFR	T1K-four-field	DQB1	complete	1	1	1	2	DQB1*02:01:01:01	DQB1*04:02:01:04	
NA19307	NA19307	AFR	T1K-four-field	A	complete	1	1	1	2	A*32:01:01:01	A*03:01:01:01	
NA19307	NA19307	AFR	T1K-four-field	B	complete	1	1	1	2	B*52:01:01:01	B*81:01:01:01	
NA19307	NA19307	AFR	T1K-four-field	C	complete	1	1	1	2	C*08:04:01:01	C*12:02:02:01	
NA19307	NA19307	AFR	T1K-four-field	DRB1	complete	1	1	1	2	DRB1*12:01:01:01	DRB1*15:02:01:08	
NA19307	NA19307	AFR	T1K-four-field	DQB1	complete	1	1	1	2	DQB1*05:01:01:01	DQB1*06:01:01:01	
NA19308	NA19308	AFR	T1K-four-field	A	complete	1	1	1	2	A*66:02:01:01	A*02:14	
NA19308	NA19308	AFR	T1K-four-field	B	complete	1	1	1	2	B*18:03:01:02	B*58:01:01:01	
NA19308	NA19308	AFR	T1K-four-field	C	complete	1	1	1	2	C*07:18:01:01	C*04:01:01:01	
NA19308	NA19308	AFR	T1K-four-field	DRB1	complete	1	1	1	2	DRB1*15:03:01:02	DRB1*11:04:01:01	
NA19308	NA19308	AFR	T1K-four-field	DQB1	complete	1	1	1	2	DQB1*06:02:01:01	DQB1*03:01:01:02	
NA19309	NA19309	AFR	T1K-four-field	A	complete	1	1	1	2	A*02:01:01:01	A*66:01:01:01	
NA19309	NA19309	AFR	T1K-four-field	B	complete	1	1	1	2	B*27:03:01:01	B*58:02:01:01	
NA19309	NA19309	AFR	T1K-four-field	C	complete	1	1	1	2	C*06:02:01:01	C*02:02:02:01	
NA19309	NA19309	AFR	T1K-four-field	DRB1	complete	1	1	1	2	DRB1*08:04:01:07	DRB1*03:02:01:01	
NA19309	NA19309	AFR	T1K-four-field	DQB1	complete	1	1	1	2	DQB1*04:02:01:04	DQB1*03:19:01:01	
NA19310	NA19310	AFR	T1K-four-field	A	complete	1	1	1	2	A*29:02:01:01	A*34:02:01:01	
NA19310	NA19310	AFR	T1K-four-field	B	complete	1	1	1	2	B*53:01:01:01	B*35:01:01:01	
NA19310	NA19310	AFR	T1K-four-field	C	complete	1	1	1	2	C*04:01:01:01	C*04:01:01:129	
NA19310	NA19310	AFR	T1K-four-field	DRB1	complete	1	1	1	2	DRB1*15:03:01:02	DRB1*13:03:01:01,HLA-DRB1*13:03:01:03,HLA-DRB1*13:03:01:05	
NA19310	NA19310	AFR	T1K-four-field	DQB1	complete	1	1	1	2	DQB1*02:02:01:01	DQB1*06:02:01:01	
NA19314	NA19314	AFR	T1K-four-field	A	complete	1	1	1	2	A*29:01:01:01	A*02:01:01:01	
NA19314	NA19314	AFR	T1K-four-field	B	complete	1	1	1	2	B*18:01:01:02	B*51:01:01:01	
NA19314	NA19314	AFR	T1K-four-field	C	complete	1	1	1	2	C*07:04:01:01	C*16:01:01:19	
NA19314	NA19314	AFR	T1K-four-field	DRB1	complete	1	1	1	2	DRB1*15:03:01:02	DRB1*11:01:02:04	
NA19314	NA19314	AFR	T1K-four-field	DQB1	complete	1	1	1	2	DQB1*06:02:01:01	DQB1*03:19:01:01	
NA19315	NA19315	AFR	T1K-four-field	A	complete	1	1	1	2	A*01:01:83	A*02:01:01:01	
NA19315	NA19315	AFR	T1K-four-field	B	complete	1	1	0	1	B*58:01:01:01,HLA-B*58:01:01:06,HLA-B*58:01:01:15,HLA-B*58:01:01:16,HLA-B*58:01:01:17,HLA-B*58:117,HLA-B*58:120	B*45:07:01:01	
NA19315	NA19315	AFR	T1K-four-field	C	complete	1	1	1	2	C*16:01:01:01	C*03:02:02:01	
NA19315	NA19315	AFR	T1K-four-field	DRB1	complete	1	1	1	2	DRB1*11:02:01:04	DRB1*13:01:01:10	
NA19315	NA19315	AFR	T1K-four-field	DQB1	complete	1	1	1	2	DQB1*05:01:01:01	DQB1*03:01:01:16	
NA19316	NA19316	AFR	T1K-four-field	A	complete	1	1	1	2	A*31:04:01:02	A*02:01:01:01	
NA19316	NA19316	AFR	T1K-four-field	B	complete	1	1	0	1	B*15:03:01:02	B*58:01:01:01,HLA-B*58:117	
NA19316	NA19316	AFR	T1K-four-field	C	complete	1	1	1	2	C*02:10:01:01	C*07:18:01:01	
NA19316	NA19316	AFR	T1K-four-field	DRB1	complete	1	1	1	2	DRB1*11:01:02:04	DRB1*13:02:01:02,HLA-DRB1*13:02:01:05,HLA-DRB1*13:02:01:07,HLA-DRB1*13:02:01:09,HLA-DRB1*13:02:01:11	
NA19316	NA19316	AFR	T1K-four-field	DQB1	complete	1	1	1	2	DQB1*06:04:01:01	DQB1*03:19:01:01	
NA19317	NA19317	AFR	T1K-four-field	A	complete	1	1	1	2	A*23:01:01:01	A*30:01:01:01	
NA19317	NA19317	AFR	T1K-four-field	B	complete	1	1	1	2	B*42:01:01:01	B*15:03:01:02	
NA19317	NA19317	AFR	T1K-four-field	C	complete	1	1	1	2	C*17:01:01:02	C*02:10:01:01	
NA19317	NA19317	AFR	T1K-four-field	DRB1	complete	1	1	1	2	DRB1*07:01:01:01	DRB1*04:01:01:01	
NA19317	NA19317	AFR	T1K-four-field	DQB1	complete	1	1	1	2	DQB1*03:02:01:01	DQB1*02:02:01:01	
NA19318	NA19318	AFR	T1K-four-field	A	complete	1	1	1	2	A*29:02:01:09	A*68:02:01:01	
NA19318	NA19318	AFR	T1K-four-field	B	complete	1	1	1	2	B*07:02:01:01	B*82:02:01:02	
NA19318	NA19318	AFR	T1K-four-field	C	complete	1	1	1	2	C*03:02:02:01	C*07:02:01:01	
NA19318	NA19318	AFR	T1K-four-field	DRB1	complete	1	1	1	2	DRB1*15:03:01:02	DRB1*15:03:01:02	
NA19318	NA19318	AFR	T1K-four-field	DQB1	complete	1	1	1	2	DQB1*06:02:01:01	DQB1*06:02:01:01	
NA19319	NA19319	AFR	T1K-four-field	A	complete	1	1	1	2	A*36:01:01:01	A*02:01:01:01	
NA19319	NA19319	AFR	T1K-four-field	B	complete	1	1	1	2	B*15:03:01:02	B*53:01:01:01	
NA19319	NA19319	AFR	T1K-four-field	C	complete	1	1	1	2	C*02:10:01:01	C*04:01:01:01	
NA19319	NA19319	AFR	T1K-four-field	DRB1	complete	1	1	1	2	DRB1*08:04:01:07	DRB1*11:01:02:03	
NA19319	NA19319	AFR	T1K-four-field	DQB1	complete	1	1	0	1	DQB1*03:19:01:01	DQB1*03:01:04:01	
NA19321	NA19321	AFR	T1K-four-field	A	complete	1	1	1	2	A*29:02:01:02	A*02:01:01:01	
NA19321	NA19321	AFR	T1K-four-field	B	complete	1	1	1	2	B*45:01:01:01	B*53:01:01:01	
NA19321	NA19321	AFR	T1K-four-field	C	complete	1	1	1	2	C*04:01:01:01,HLA-C*04:01:01:32,HLA-C*04:01:01:129,HLA-C*04:01:01:173	C*16:01:01:01	
NA19321	NA19321	AFR	T1K-four-field	DRB1	complete	1	1	1	2	DRB1*01:02:01:01	DRB1*15:03:01:02	
NA19321	NA19321	AFR	T1K-four-field	DQB1	complete	1	1	1	2	DQB1*05:01:01:01	DQB1*06:02:01:01	
NA19324	NA19324	AFR	T1K-four-field	A	complete	1	1	1	2	A*01:02:01:03	A*23:01:01:01	
NA19324	NA19324	AFR	T1K-four-field	B	complete	1	1	0	1	B*08:01:01:01	B*58:01:01:01,HLA-B*58:01:01:17,HLA-B*58:120	
NA19324	NA19324	AFR	T1K-four-field	C	complete	1	1	1	2	C*03:04:01:01	C*03:02:02:01	
NA19324	NA19324	AFR	T1K-four-field	DRB1	complete	1	1	1	2	DRB1*08:04:01:01	DRB1*10:01:01:03	
NA19324	NA19324	AFR	T1K-four-field	DQB1	complete	1	1	1	2	DQB1*05:01:01:01	DQB1*03:19:01:01	
NA19327	NA19327	AFR	T1K-four-field	A	complete	1	1	1	2	A*26:01:01:01	A*23:01:01:01	
NA19327	NA19327	AFR	T1K-four-field	B	complete	1	1	1	2	B*45:01:01:01	B*45:01:01:01	
NA19327	NA19327	AFR	T1K-four-field	C	complete	1	1	1	2	C*16:01:01:01	C*06:02:01:03	
NA19327	NA19327	AFR	T1K-four-field	DRB1	complete	1	1	1	2	DRB1*01:02:01:02	DRB1*13:02:01:02,HLA-DRB1*13:02:01:07	
NA19327	NA19327	AFR	T1K-four-field	DQB1	complete	1	1	1	2	DQB1*05:01:01:01	DQB1*05:01:01:01	
NA19328	NA19328	AFR	T1K-four-field	A	complete	1	1	1	2	A*33:03:01:01	A*02:01:01:01	
NA19328	NA19328	AFR	T1K-four-field	B	complete	1	1	1	2	B*53:01:01:01	B*18:01:01:02,HLA-B*18:01:01:60	
NA19328	NA19328	AFR	T1K-four-field	C	complete	1	1	1	2	C*07:04:01:01	C*04:01:01:01,HLA-C*04:01:01:32,HLA-C*04:01:01:129	
NA19328	NA19328	AFR	T1K-four-field	DRB1	complete	1	1	1	2	DRB1*08:04:01:01	DRB1*01:01:01:01	
NA19328	NA19328	AFR	T1K-four-field	DQB1	complete	1	1	1	2	DQB1*05:01:01:01	DQB1*03:19:01:01	
NA19332	NA19332	AFR	T1K-four-field	A	complete	1	1	1	2	A*30:02:01:02	A*66:01:01:01	
NA19332	NA19332	AFR	T1K-four-field	B	complete	1	1	1	2	B*15:10:01:01	B*58:02:01:01	
NA19332	NA19332	AFR	T1K-four-field	C	complete	1	1	1	2	C*03:04:02:01	C*06:02:01:01	
NA19332	NA19332	AFR	T1K-four-field	DRB1	complete	1	1	1	2	DRB1*03:01:01:02	DRB1*13:01:01:10	
NA19332	NA19332	AFR	T1K-four-field	DQB1	complete	1	1	1	2	DQB1*02:01:01:01	DQB1*03:03:02:01	
NA19334	NA19334	AFR	T1K-four-field	A	complete	1	1	1	2	A*02:01:01:01	A*33:03:01:01	
NA19334	NA19334	AFR	T1K-four-field	B	complete	1	1	1	2	B*15:10:01:01	B*45:01:01:01	
NA19334	NA19334	AFR	T1K-four-field	C	complete	1	1	1	2	C*03:04:02:01	C*16:01:01:01	
NA19334	NA19334	AFR	T1K-four-field	DRB1	complete	1	1	1	2	DRB1*03:01:01:02	DRB1*08:04:01:01	
NA19334	NA19334	AFR	T1K-four-field	DQB1	complete	1	1	1	2	DQB1*02:01:01:01	DQB1*03:19:01:01	
NA19346	NA19346	AFR	T1K-four-field	A	complete	1	1	1	2	A*23:17:01:01	A*74:01:01:01	
NA19346	NA19346	AFR	T1K-four-field	B	complete	1	1	1	2	B*18:01:01:02,HLA-B*18:01:01:32,HLA-B*18:01:01:95,HLA-B*18:01:26	B*15:03:01:02	
NA19346	NA19346	AFR	T1K-four-field	C	complete	1	1	1	2	C*07:04:01:01	C*02:10:01:01	
NA19346	NA19346	AFR	T1K-four-field	DRB1	complete	1	1	1	2	DRB1*11:01:02:03	DRB1*15:03:01:02	
NA19346	NA19346	AFR	T1K-four-field	DQB1	complete	1	1	1	2	DQB1*06:02:01:01	DQB1*06:02:01:01	
NA19347	NA19347	AFR	T1K-four-field	A	complete	1	1	1	2	A*68:02:01:01	A*02:01:01:01	
NA19347	NA19347	AFR	T1K-four-field	B	complete	1	1	0	1	B*07:02:01:01,HLA-B*07:02:01:29,HLA-B*07:02:01:72,HLA-B*07:02:01:79,HLA-B*07:02:01:81,HLA-B*07:02:01:97,HLA-B*07:02:01:98	B*58:01:01:01,HLA-B*58:01:01:06,HLA-B*58:01:01:15,HLA-B*58:01:01:17,HLA-B*58:117,HLA-B*58:120	
NA19347	NA19347	AFR	T1K-four-field	C	complete	1	1	1	2	C*07:02:01:01	C*16:01:01:01	
NA19347	NA19347	AFR	T1K-four-field	DRB1	complete	1	1	1	2	DRB1*15:03:01:02	DRB1*11:01:02:01,HLA-DRB1*11:01:02:03,HLA-DRB1*11:01:02:04	
NA19347	NA19347	AFR	T1K-four-field	DQB1	complete	1	1	1	2	DQB1*06:02:01:01	DQB1*05:01:01:01	
NA19350	NA19350	AFR	T1K-four-field	A	complete	1	1	1	2	A*66:02:01:01	A*30:02:01:01	
NA19350	NA19350	AFR	T1K-four-field	B	complete	1	1	1	2	B*18:01:01:02	B*58:02:01:01	
NA19350	NA19350	AFR	T1K-four-field	C	complete	1	1	1	2	C*07:04:01:01	C*06:02:01:01	
NA19350	NA19350	AFR	T1K-four-field	DRB1	complete	1	1	1	2	DRB1*10:01:01:03	DRB1*12:01:01:01,HLA-DRB1*12:01:01:06	
NA19350	NA19350	AFR	T1K-four-field	DQB1	complete	1	1	1	2	DQB1*05:01:01:01	DQB1*05:01:01:01	
NA19360	NA19360	AFR	T1K-four-field	A	complete	1	1	1	2	A*74:01:01:01	A*02:02:01:01	
NA19360	NA19360	AFR	T1K-four-field	B	complete	1	1	1	2	B*58:02:01:01	B*53:01:01:01	
NA19360	NA19360	AFR	T1K-four-field	C	complete	1	1	1	2	C*06:02:01:01	C*04:01:01:01,HLA-C*04:01:01:32	
NA19360	NA19360	AFR	T1K-four-field	DRB1	complete	1	1	1	2	DRB1*11:01:02:03,HLA-DRB1*11:01:02:04	DRB1*08:04:01:01	
NA19360	NA19360	AFR	T1K-four-field	DQB1	complete	1	1	1	2	DQB1*06:02:01:01	DQB1*03:19:01:01	
NA19372	NA19372	AFR	T1K-four-field	A	complete	1	1	1	2	A*30:02:01:02	A*02:01:01:01	
NA19372	NA19372	AFR	T1K-four-field	B	complete	1	1	1	2	B*51:01:01:01	B*53:01:01:01	
NA19372	NA19372	AFR	T1K-four-field	C	complete	1	1	1	2	C*16:01:01:01	C*04:01:01:01,HLA-C*04:01:01:32,HLA-C*04:01:01:129	
NA19372	NA19372	AFR	T1K-four-field	DRB1	complete	1	1	1	2	DRB1*07:01:01:01	DRB1*07:01:01:01	
NA19372	NA19372	AFR	T1K-four-field	DQB1	complete	1	1	1	2	DQB1*02:02:01:01	DQB1*02:02:01:01	
NA19374	NA19374	AFR	T1K-four-field	A	complete	1	1	1	2	A*68:02:01:01	A*34:02:01:01	
NA19374	NA19374	AFR	T1K-four-field	B	complete	1	1	1	2	B*41:01:01:01	B*35:01:01:01	
NA19374	NA19374	AFR	T1K-four-field	C	complete	1	1	1	2	C*17:01:01:02	C*04:01:01:15	
NA19374	NA19374	AFR	T1K-four-field	DRB1	complete	1	1	1	2	DRB1*03:02:01:01	DRB1*11:02:01:04	
NA19374	NA19374	AFR	T1K-four-field	DQB1	complete	1	1	1	2	DQB1*04:02:01:04	DQB1*03:01:01:16	
NA19375	NA19375	AFR	T1K-four-field	A	complete	1	1	1	2	A*03:01:01:05	A*68:02:01:01	
NA19375	NA19375	AFR	T1K-four-field	B	complete	1	1	0	1	B*15:10:01:01	B*15:220:01:01	
NA19375	NA19375	AFR	T1K-four-field	C	complete	1	1	1	2	C*03:04:02:01	C*04:01:01:01,HLA-C*04:01:01:32,HLA-C*04:01:01:129	
NA19375	NA19375	AFR	T1K-four-field	DRB1	complete	1	1	1	2	DRB1*11:02:01:04	DRB1*13:02:01:09	
NA19375	NA19375	AFR	T1K-four-field	DQB1	complete	1	1	1	2	DQB1*03:01:01:16	DQB1*06:04:01:01	
NA19376	NA19376	AFR	T1K-four-field	A	complete	1	1	1	2	A*68:02:01:01	A*66:01:01:01	
NA19376	NA19376	AFR	T1K-four-field	B	complete	1	1	1	2	B*15:17:01:01	B*58:02:01:01,HLA-B*58:02:03	
NA19376	NA19376	AFR	T1K-four-field	C	complete	1	1	1	2	C*06:02:01:10	C*05:01:01:02	
NA19376	NA19376	AFR	T1K-four-field	DRB1	complete	1	1	1	2	DRB1*11:02:01:04	DRB1*13:01:01:10	
NA19376	NA19376	AFR	T1K-four-field	DQB1	complete	1	1	1	2	DQB1*06:03:01:01	DQB1*03:01:01:73	
NA19377	NA19377	AFR	T1K-four-field	A	complete	1	1	1	2	A*03:01:01:05	A*02:01:01:01	
NA19377	NA19377	AFR	T1K-four-field	B	complete	1	1	1	2	B*82:02:01:02	B*42:01:01:01	
NA19377	NA19377	AFR	T1K-four-field	C	complete	1	1	1	2	C*03:02:02:01	C*17:01:01:02	
NA19377	NA19377	AFR	T1K-four-field	DRB1	complete	1	1	1	2	DRB1*08:04:01:07	DRB1*03:01:01:02	
NA19377	NA19377	AFR	T1K-four-field	DQB1	complete	1	1	1	2	DQB1*02:01:01:01	DQB1*03:01:04:01	
NA19379	NA19379	AFR	T1K-four-field	A	complete	1	1	1	2	A*36:01:01:01	A*02:05:01:01	
NA19379	NA19379	AFR	T1K-four-field	B	complete	1	1	1	2	B*51:01:01:01	B*53:01:01:01	
NA19379	NA19379	AFR	T1K-four-field	C	complete	1	1	1	2	C*16:01:01:01	C*04:01:01:01	
NA19379	NA19379	AFR	T1K-four-field	DRB1	complete	1	1	1	2	DRB1*11:01:02:03	DRB1*03:01:01:02	
NA19379	NA19379	AFR	T1K-four-field	DQB1	complete	1	1	1	2	DQB1*02:01:01:01	DQB1*06:02:01:01	
NA19380	NA19380	AFR	T1K-four-field	A	complete	1	1	1	2	A*29:02:01:02	A*02:01:01:01,HLA-A*02:01:01:27,HLA-A*02:01:01:75	
NA19380	NA19380	AFR	T1K-four-field	B	complete	1	1	1	2	B*45:01:01:01	B*51:01:01:01	
NA19380	NA19380	AFR	T1K-four-field	C	complete	1	1	1	2	C*16:01:01:01	C*16:01:01:01	
NA19380	NA19380	AFR	T1K-four-field	DRB1	complete	1	1	1	2	DRB1*13:02:01:02,HLA-DRB1*13:02:01:05,HLA-DRB1*13:02:01:07,HLA-DRB1*13:02:01:09,HLA-DRB1*13:02:01:11	DRB1*03:02:01:01	
NA19380	NA19380	AFR	T1K-four-field	DQB1	complete	1	1	1	2	DQB1*04:02:01:04	DQB1*05:01:01:01	
NA19383	NA19383	AFR	T1K-four-field	A	complete	1	1	1	2	A*30:01:01:01	A*02:01:01:01	
NA19383	NA19383	AFR	T1K-four-field	B	complete	1	1	1	2	B*53:01:01:01	B*15:10:01:01	
NA19383	NA19383	AFR	T1K-four-field	C	complete	1	1	1	2	C*03:04:02:01	C*04:01:01:01,HLA-C*04:01:01:41	
NA19383	NA19383	AFR	T1K-four-field	DRB1	complete	1	1	1	2	DRB1*11:01:02:03	DRB1*12:01:01:01	
NA19383	NA19383	AFR	T1K-four-field	DQB1	complete	1	1	1	2	DQB1*06:02:01:01	DQB1*05:01:01:01	
NA19384	NA19384	AFR	T1K-four-field	A	complete	1	1	1	2	A*30:01:01:01	A*03:01:01:01	
NA19384	NA19384	AFR	T1K-four-field	B	complete	1	1	1	2	B*45:01:01:01	B*35:01:01:01	
NA19384	NA19384	AFR	T1K-four-field	C	complete	1	1	1	2	C*07:04:01:01	C*07:01:01:01	
NA19384	NA19384	AFR	T1K-four-field	DRB1	complete	1	1	1	2	DRB1*15:03:01:02	DRB1*12:01:01:01,HLA-DRB1*12:01:01:03,HLA-DRB1*12:01:01:04,HLA-DRB1*12:01:01:05,HLA-DRB1*12:01:01:06,HLA-DRB1*12:01:01:08,HLA-DRB1*12:01:01:10,HLA-DRB1*12:01:01:14,HLA-DRB1*12:01:01:16Q	
NA19384	NA19384	AFR	T1K-four-field	DQB1	complete	1	1	1	2	DQB1*05:01:01:01	DQB1*06:02:01:01	
NA19385	NA19385	AFR	T1K-four-field	A	complete	1	1	1	2	A*66:01:01:01	A*30:02:01:03	
NA19385	NA19385	AFR	T1K-four-field	B	complete	1	1	1	2	B*81:01:01:01	B*08:01:01:01,HLA-B*08:01:01:23	
NA19385	NA19385	AFR	T1K-four-field	C	complete	1	1	1	2	C*18:01:01:01	C*07:01:01:01	
NA19385	NA19385	AFR	T1K-four-field	DRB1	complete	1	1	1	2	DRB1*15:03:01:02	DRB1*13:03:01:05	
NA19385	NA19385	AFR	T1K-four-field	DQB1	complete	1	1	1	2	DQB1*06:02:01:01	DQB1*03:01:01:01	
NA19390	NA19390	AFR	T1K-four-field	A	complete	1	1	1	2	A*74:01:01:01	A*02:05:01:01	
NA19390	NA19390	AFR	T1K-four-field	B	complete	1	1	1	2	B*48:05:01	B*15:03:01:02	
NA19390	NA19390	AFR	T1K-four-field	C	complete	1	1	1	2	C*02:10:01:01	C*15:05:02:01	
NA19390	NA19390	AFR	T1K-four-field	DRB1	complete	1	1	0	1	DRB1*11:01:02:03,HLA-DRB1*11:01:02:04	DRB1*14:54:01:03	
NA19390	NA19390	AFR	T1K-four-field	DQB1	complete	1	1	1	2	DQB1*05:03:01:01	DQB1*03:19:01:01	
NA19393	NA19393	AFR	T1K-four-field	A	complete	1	1	1	2	A*32:01:01:01	A*68:02:01:01	
NA19393	NA19393	AFR	T1K-four-field	B	complete	1	1	0	1	B*15:17:01:01	B*15:220:01:01	
NA19393	NA19393	AFR	T1K-four-field	C	complete	1	1	1	2	C*05:01:01:02	C*04:01:01:01,HLA-C*04:01:01:32,HLA-C*04:01:01:129	
NA19393	NA19393	AFR	T1K-four-field	DRB1	complete	1	1	0	1	DRB1*11:02:01:04	DRB1*11:36	
NA19393	NA19393	AFR	T1K-four-field	DQB1	complete	1	1	1	2	DQB1*03:01:01:16	DQB1*03:01:01:73	
NA19394	NA19394	AFR	T1K-four-field	A	complete	1	1	1	2	A*34:02:01:01	A*30:02:01:01	
NA19394	NA19394	AFR	T1K-four-field	B	complete	1	1	1	2	B*14:02:01:01	B*13:02:01:01	
NA19394	NA19394	AFR	T1K-four-field	C	complete	1	1	1	2	C*08:02:01:01	C*06:02:01:01	
NA19394	NA19394	AFR	T1K-four-field	DRB1	complete	1	1	1	2	DRB1*15:03:01:02	DRB1*11:01:02:04	
NA19394	NA19394	AFR	T1K-four-field	DQB1	complete	1	1	1	2	DQB1*06:02:01:01	DQB1*06:02:01:01	
NA19397	NA19397	AFR	T1K-four-field	A	complete	1	1	1	2	A*66:02:01:01	A*29:02:01:01	
NA19397	NA19397	AFR	T1K-four-field	B	complete	1	1	1	2	B*58:02:01:01	B*08:01:01:01	
NA19397	NA19397	AFR	T1K-four-field	C	complete	1	1	1	2	C*07:02:01:01	C*06:02:01:01	
NA19397	NA19397	AFR	T1K-four-field	DRB1	complete	1	1	1	2	DRB1*15:03:01:01	DRB1*12:01:01:01	
NA19397	NA19397	AFR	T1K-four-field	DQB1	complete	1	1	1	2	DQB1*05:01:01:01	DQB1*05:01:01:01	
NA19399	NA19399	AFR	T1K-four-field	A	complete	1	1	1	2	A*68:02:01:01	A*03:01:01:05	
NA19399	NA19399	AFR	T1K-four-field	B	complete	1	1	1	2	B*18:01:01:02,HLA-B*18:01:01:60	B*58:02:01:01,HLA-B*58:02:03	
NA19399	NA19399	AFR	T1K-four-field	C	complete	1	1	1	2	C*07:04:01:01	C*06:02:01:01	
NA19399	NA19399	AFR	T1K-four-field	DRB1	complete	1	1	1	2	DRB1*15:03:01:02	DRB1*11:02:01:02	
NA19399	NA19399	AFR	T1K-four-field	DQB1	complete	1	1	1	2	DQB1*06:02:01:01	DQB1*03:01:01:16	
NA19403	NA19403	AFR	T1K-four-field	A	complete	1	1	1	2	A*23:17:01:01	A*34:02:01:01	
NA19403	NA19403	AFR	T1K-four-field	B	complete	1	1	1	2	B*44:03:01:01	B*35:01:01:01	
NA19403	NA19403	AFR	T1K-four-field	C	complete	1	1	0	1	C*04:01:01:01,HLA-C*04:01:01:32,HLA-C*04:01:01:129	C*04:454	
NA19403	NA19403	AFR	T1K-four-field	DRB1	complete	1	1	1	2	DRB1*15:03:01:02	DRB1*15:03:01:02	
NA19403	NA19403	AFR	T1K-four-field	DQB1	complete	1	1	1	2	DQB1*06:02:01:01	DQB1*06:02:01:01	
NA19404	NA19404	AFR	T1K-four-field	A	complete	1	1	1	2	A*36:01:01:01	A*02:02:01:01	
NA19404	NA19404	AFR	T1K-four-field	B	complete	1	1	1	2	B*58:02:01:01,HLA-B*58:02:03	B*53:01:01:01	
NA19404	NA19404	AFR	T1K-four-field	C	complete	1	1	1	2	C*04:01:01:01,HLA-C*04:01:01:32,HLA-C*04:01:01:129	C*06:02:01:01	
NA19404	NA19404	AFR	T1K-four-field	DRB1	complete	1	1	0	1	DRB1*11:01:02:03	DRB1*11:334	
NA19404	NA19404	AFR	T1K-four-field	DQB1	complete	1	1	1	2	DQB1*06:02:01:01	DQB1*03:01:01:16	
NA19428	NA19428	AFR	T1K-four-field	A	complete	1	1	1	2	A*68:02:01:01	A*30:02:01:01	
NA19428	NA19428	AFR	T1K-four-field	B	complete	1	1	1	2	B*53:01:01:01	B*18:01:01:02	
NA19428	NA19428	AFR	T1K-four-field	C	complete	1	1	1	2	C*07:04:01:01	C*06:02:01:01	
NA19428	NA19428	AFR	T1K-four-field	DRB1	complete	1	1	1	2	DRB1*01:02:01:02	DRB1*11:01:02:03	
NA19428	NA19428	AFR	T1K-four-field	DQB1	complete	1	1	1	2	DQB1*05:01:01:01	DQB1*06:02:01:01	
NA19429	NA19429	AFR	T1K-four-field	A	complete	1	1	1	2	A*29:02:01:01	A*02:05:01:01	
NA19429	NA19429	AFR	T1K-four-field	B	complete	1	1	0	1	B*41:01:01:01	B*15:220:01:01	
NA19429	NA19429	AFR	T1K-four-field	C	complete	1	1	1	2	C*07:01:01:09	C*12:03:01:01	
NA19429	NA19429	AFR	T1K-four-field	DRB1	complete	1	1	1	2	DRB1*15:03:01:02	DRB1*09:01:02:06	
NA19429	NA19429	AFR	T1K-four-field	DQB1	complete	1	1	1	2	DQB1*02:02:01:02	DQB1*06:02:01:01	
NA19430	NA19430	AFR	T1K-four-field	A	complete	1	1	1	2	A*31:04:01:02	A*66:02:01:01	
NA19430	NA19430	AFR	T1K-four-field	B	complete	1	1	1	2	B*39:10:01:01	B*58:01:01:01	
NA19430	NA19430	AFR	T1K-four-field	C	complete	1	1	1	2	C*12:03:01:01	C*07:18:01:01	
NA19430	NA19430	AFR	T1K-four-field	DRB1	complete	1	1	1	2	DRB1*01:02:01:02	DRB1*10:01:01:03	
NA19430	NA19430	AFR	T1K-four-field	DQB1	complete	1	1	1	2	DQB1*05:01:01:01	DQB1*05:01:01:01	
NA19431	NA19431	AFR	T1K-four-field	A	complete	1	1	1	2	A*30:02:01:02	A*30:02:01:01	
NA19431	NA19431	AFR	T1K-four-field	B	complete	1	1	1	2	B*15:10:01:01	B*18:01:01:02,HLA-B*18:01:01:32,HLA-B*18:01:01:60,HLA-B*18:01:01:95,HLA-B*18:01:26	
NA19431	NA19431	AFR	T1K-four-field	C	complete	1	1	1	2	C*03:04:02:01	C*07:04:01:01	
NA19431	NA19431	AFR	T1K-four-field	DRB1	complete	1	1	1	2	DRB1*11:01:02:03	DRB1*03:01:01:03,HLA-DRB1*03:01:01:16	
NA19431	NA19431	AFR	T1K-four-field	DQB1	complete	1	1	1	2	DQB1*02:01:01:01	DQB1*06:02:01:01	
NA19434	LWK003	AFR	T1K-four-field	A	complete	1	1	1	2	A*01:02:01:01	A*66:01:01:01	
NA19434	LWK003	AFR	T1K-four-field	B	complete	1	1	1	2	B*81:01:01:01	B*81:01:01:01	
NA19434	LWK003	AFR	T1K-four-field	C	complete	1	1	1	2	C*18:01:01:01	C*04:01:01:01	
NA19434	LWK003	AFR	T1K-four-field	DRB1	complete	1	1	1	2	DRB1*11:01:02:04	DRB1*15:03:01:02	
NA19434	LWK003	AFR	T1K-four-field	DQB1	complete	1	1	1	2	DQB1*06:02:01:01	DQB1*03:19:01:01	
NA19435	NA19435	AFR	T1K-four-field	A	complete	1	1	1	2	A*66:01:01:01	A*30:01:01:01	
NA19435	NA19435	AFR	T1K-four-field	B	complete	1	1	1	2	B*42:01:01:01	B*15:10:01:01	
NA19435	NA19435	AFR	T1K-four-field	C	complete	1	1	1	2	C*03:04:02:01	C*17:01:01:02	
NA19435	NA19435	AFR	T1K-four-field	DRB1	complete	1	1	1	2	DRB1*03:01:01:02	DRB1*03:02:01:01	
NA19435	NA19435	AFR	T1K-four-field	DQB1	complete	1	1	1	2	DQB1*02:01:01:01	DQB1*04:02:01:04	
NA19436	NA19436	AFR	T1K-four-field	A	complete	1	1	1	2	A*74:01:01:01	A*30:01:01:01	
NA19436	NA19436	AFR	T1K-four-field	B	complete	1	1	1	2	B*58:02:01:01	B*15:10:01:01	
NA19436	NA19436	AFR	T1K-four-field	C	complete	1	1	1	2	C*03:04:02:01	C*06:02:01:01	
NA19436	NA19436	AFR	T1K-four-field	DRB1	complete	1	1	1	2	DRB1*11:02:01:02	DRB1*12:01:01:01	
NA19436	NA19436	AFR	T1K-four-field	DQB1	complete	1	1	1	2	DQB1*05:01:01:01	DQB1*03:01:01:16	
NA19437	NA19437	AFR	T1K-four-field	A	complete	1	1	0	1	A*02:05:01:01	A*02:951	
NA19437	NA19437	AFR	T1K-four-field	B	complete	1	1	1	2	B*40:12:01	B*18:01:01:02	
NA19437	NA19437	AFR	T1K-four-field	C	complete	1	1	1	2	C*07:04:01:01	C*04:04:01:01	
NA19437	NA19437	AFR	T1K-four-field	DRB1	complete	1	1	1	2	DRB1*08:04:01:07	DRB1*11:01:02:03	
NA19437	NA19437	AFR	T1K-four-field	DQB1	complete	1	1	1	2	DQB1*05:01:01:01	DQB1*06:02:01:01	
NA19438	NA19438	AFR	T1K-four-field	A	complete	1	1	1	2	A*66:02:01:01	A*34:02:01:01	
NA19438	NA19438	AFR	T1K-four-field	B	complete	1	1	1	2	B*49:01:01:01	B*58:01:01:01	
NA19438	NA19438	AFR	T1K-four-field	C	complete	1	1	1	2	C*07:01:01:01	C*07:18:01:01	
NA19438	NA19438	AFR	T1K-four-field	DRB1	complete	1	1	1	2	DRB1*03:01:01:02	DRB1*15:03:01:02	
NA19438	NA19438	AFR	T1K-four-field	DQB1	complete	1	1	1	2	DQB1*06:02:01:01	DQB1*02:01:01:01	
NA19439	NA19439	AFR	T1K-four-field	A	complete	1	1	1	2	A*30:02:01:03	A*66:01:01:01	
NA19439	NA19439	AFR	T1K-four-field	B	complete	1	1	1	2	B*42:01:01:01	B*58:02:01:01	
NA19439	NA19439	AFR	T1K-four-field	C	complete	1	1	1	2	C*17:01:01:02	C*06:02:01:01	
NA19439	NA19439	AFR	T1K-four-field	DRB1	complete	1	1	1	2	DRB1*15:03:01:02	DRB1*15:03:01:02	
NA19439	NA19439	AFR	T1K-four-field	DQB1	complete	1	1	1	2	DQB1*06:02:01:01	DQB1*06:02:01:01	
NA19440	NA19440	AFR	T1K-four-field	A	complete	1	1	1	2	A*29:02:01:02	A*02:01:01:01	
NA19440	NA19440	AFR	T1K-four-field	B	complete	1	1	1	2	B*45:01:01:01	B*42:01:01:01	
NA19440	NA19440	AFR	T1K-four-field	C	complete	1	1	1	2	C*17:01:01:02	C*16:01:01:01	
NA19440	NA19440	AFR	T1K-four-field	DRB1	complete	1	1	1	2	DRB1*03:01:01:03	DRB1*03:02:01:01	
NA19440	NA19440	AFR	T1K-four-field	DQB1	complete	1	1	1	2	DQB1*02:01:01:01	DQB1*04:02:01:04	
NA19445	LWK004	AFR	T1K-four-field	A	complete	1	1	1	2	A*74:01:01:01	A*30:01:01:01	
NA19445	LWK004	AFR	T1K-four-field	B	complete	1	1	1	2	B*42:01:01:01	B*15:03:01:02	
NA19445	LWK004	AFR	T1K-four-field	C	complete	1	1	1	2	C*02:10:01:01	C*17:01:01:02	
NA19445	LWK004	AFR	T1K-four-field	DRB1	complete	1	1	1	2	DRB1*03:02:01:01	DRB1*01:01:01:01	
NA19445	LWK004	AFR	T1K-four-field	DQB1	complete	1	1	1	2	DQB1*04:02:01:04	DQB1*05:01:01:01	
NA19446	NA19446	AFR	T1K-four-field	A	complete	1	1	1	2	A*30:01:01:01	A*02:05:01:01	
NA19446	NA19446	AFR	T1K-four-field	B	complete	1	1	1	2	B*51:01:01:01	B*45:01:01:01	
NA19446	NA19446	AFR	T1K-four-field	C	complete	1	1	1	2	C*06:02:01:03	C*16:01:01:01	
NA19446	NA19446	AFR	T1K-four-field	DRB1	complete	1	1	1	2	DRB1*03:01:01:01,HLA-DRB1*03:01:01:03,HLA-DRB1*03:01:01:16	DRB1*13:01:01:10	
NA19446	NA19446	AFR	T1K-four-field	DQB1	complete	1	1	1	2	DQB1*02:01:01:01	DQB1*06:04:01:01	
NA19448	NA19448	AFR	T1K-four-field	A	complete	1	1	1	2	A*02:02:01:01	A*68:02:01:01	
NA19448	NA19448	AFR	T1K-four-field	B	complete	1	1	1	2	B*81:01:01:01	B*58:02:01:01	
NA19448	NA19448	AFR	T1K-four-field	C	complete	1	1	1	2	C*18:01:01:01	C*06:02:01:01,HLA-C*06:02:01:34,HLA-C*06:02:01:88	
NA19448	NA19448	AFR	T1K-four-field	DRB1	complete	1	1	1	2	DRB1*12:01:01:01	DRB1*03:02:01:01	
NA19448	NA19448	AFR	T1K-four-field	DQB1	complete	1	1	1	2	DQB1*05:01:01:01	DQB1*04:02:01:04	
NA19449	NA19449	AFR	T1K-four-field	A	complete	1	1	1	2	A*74:03:01:01	A*80:01:01:02	
NA19449	NA19449	AFR	T1K-four-field	B	complete	1	1	1	2	B*81:01:01:01	B*57:02:01:01	
NA19449	NA19449	AFR	T1K-four-field	C	complete	1	1	1	2	C*18:02:01:01	C*04:01:01:01	
NA19449	NA19449	AFR	T1K-four-field	DRB1	complete	1	1	1	2	DRB1*10:01:01:03	DRB1*11:01:02:03	
NA19449	NA19449	AFR	T1K-four-field	DQB1	complete	1	1	1	2	DQB1*05:01:01:01	DQB1*05:01:01:01	
NA19451	NA19451	AFR	T1K-four-field	A	complete	1	1	1	2	A*30:01:01:01	A*31:04:01:02	
NA19451	NA19451	AFR	T1K-four-field	B	complete	1	1	1	2	B*51:01:01:01	B*58:01:01:01	
NA19451	NA19451	AFR	T1K-four-field	C	complete	1	1	1	2	C*07:18:01:01	C*02:10:01:01	
NA19451	NA19451	AFR	T1K-four-field	DRB1	complete	1	1	1	2	DRB1*07:01:01:01	DRB1*15:03:01:02	
NA19451	NA19451	AFR	T1K-four-field	DQB1	complete	1	1	1	2	DQB1*06:02:01:01	DQB1*02:02:01:01	
NA19452	NA19452	AFR	T1K-four-field	A	complete	1	1	1	2	A*29:02:01:02	A*74:01:01:01	
NA19452	NA19452	AFR	T1K-four-field	B	complete	1	1	1	2	B*53:01:01:01	B*15:03:01:02	
NA19452	NA19452	AFR	T1K-four-field	C	complete	1	1	1	2	C*02:10:01:01	C*04:01:01:01	
NA19452	NA19452	AFR	T1K-four-field	DRB1	complete	1	1	1	2	DRB1*11:01:02:04	DRB1*13:02:01:04	
NA19452	NA19452	AFR	T1K-four-field	DQB1	complete	1	1	1	2	DQB1*06:09:01:01	DQB1*03:19:01:01	
NA19455	NA19455	AFR	T1K-four-field	A	complete	1	1	1	2	A*02:01:01:01	A*32:01:01:01	
NA19455	NA19455	AFR	T1K-four-field	B	complete	1	1	1	2	B*45:01:01:01	B*81:01:01:01	
NA19455	NA19455	AFR	T1K-four-field	C	complete	1	1	1	2	C*16:01:01:01	C*04:01:01:01,HLA-C*04:01:01:41	
NA19455	NA19455	AFR	T1K-four-field	DRB1	complete	1	1	1	2	DRB1*08:04:01:01	DRB1*11:01:02:04	
NA19455	NA19455	AFR	T1K-four-field	DQB1	complete	1	1	1	2	DQB1*03:19:01:01	DQB1*05:01:01:01	
NA19456	NA19456	AFR	T1K-four-field	A	complete	1	1	1	2	A*74:01:01:01	A*23:01:01:01	
NA19456	NA19456	AFR	T1K-four-field	B	complete	1	1	1	2	B*53:01:01:01	B*58:01:01:01	
NA19456	NA19456	AFR	T1K-four-field	C	complete	1	1	1	2	C*03:02:02:01	C*06:02:01:01,HLA-C*06:02:01:10	
NA19456	NA19456	AFR	T1K-four-field	DRB1	complete	1	1	1	2	DRB1*15:03:01:02	DRB1*13:02:01:01,HLA-DRB1*13:02:01:14	
NA19456	NA19456	AFR	T1K-four-field	DQB1	complete	1	1	1	2	DQB1*06:02:01:01	DQB1*06:09:01:01	
NA19457	NA19457	AFR	T1K-four-field	A	complete	1	1	1	2	A*32:01:01:01	A*23:17:01:01	
NA19457	NA19457	AFR	T1K-four-field	B	complete	1	1	1	2	B*81:01:01:01	B*08:01:01:01	
NA19457	NA19457	AFR	T1K-four-field	C	complete	1	1	1	2	C*07:01:01:01	C*08:04:01:01	
NA19457	NA19457	AFR	T1K-four-field	DRB1	complete	1	1	1	2	DRB1*11:01:02:03	DRB1*12:01:01:01	
NA19457	NA19457	AFR	T1K-four-field	DQB1	complete	1	1	1	2	DQB1*05:01:01:01	DQB1*06:02:01:01	
NA19462	NA19462	AFR	T1K-four-field	A	complete	1	1	1	2	A*02:01:01:01	A*02:01:01:01	
NA19462	NA19462	AFR	T1K-four-field	B	complete	1	1	1	2	B*42:01:01:01	B*45:01:01:01	
NA19462	NA19462	AFR	T1K-four-field	C	complete	1	1	1	2	C*17:01:01:02	C*16:01:01:01	
NA19462	NA19462	AFR	T1K-four-field	DRB1	complete	1	1	1	2	DRB1*01:02:01:01	DRB1*03:02:01:01	
NA19462	NA19462	AFR	T1K-four-field	DQB1	complete	1	1	1	2	DQB1*04:02:01:04	DQB1*05:01:01:01	
NA19463	NA19463	AFR	T1K-four-field	A	complete	1	1	1	2	A*02:02:01:01	A*02:01:01:64,HLA-A*02:01:01:165	
NA19463	NA19463	AFR	T1K-four-field	B	complete	1	1	1	2	B*53:01:01:01	B*58:01:01:01,HLA-B*58:01:01:17	
NA19463	NA19463	AFR	T1K-four-field	C	complete	1	1	1	2	C*04:01:01:01,HLA-C*04:01:01:32,HLA-C*04:01:01:129	C*06:02:01:01	
NA19463	NA19463	AFR	T1K-four-field	DRB1	complete	1	1	1	2	DRB1*11:01:02:04	DRB1*08:04:01:01	
NA19463	NA19463	AFR	T1K-four-field	DQB1	complete	1	1	1	2	DQB1*03:19:01:01	DQB1*06:02:01:01	
NA19466	NA19466	AFR	T1K-four-field	A	complete	1	1	1	2	A*30:02:01:03	A*02:01:01:01	
NA19466	NA19466	AFR	T1K-four-field	B	complete	1	1	1	2	B*45:01:01:01	B*57:03:01:01	
NA19466	NA19466	AFR	T1K-four-field	C	complete	1	1	1	2	C*18:02:01:01,HLA-C*18:02:01:04	C*16:01:01:01	
NA19466	NA19466	AFR	T1K-four-field	DRB1	complete	1	1	1	2	DRB1*01:02:01:01	DRB1*13:01:01:10	
NA19466	NA19466	AFR	T1K-four-field	DQB1	complete	1	1	1	2	DQB1*05:01:01:01	DQB1*05:01:01:01	
NA19467	NA19467	AFR	T1K-four-field	A	complete	1	1	1	2	A*02:01:01:01	A*02:02:01:01	
NA19467	NA19467	AFR	T1K-four-field	B	complete	1	1	1	2	B*53:01:01:01	B*53:01:01:01	
NA19467	NA19467	AFR	T1K-four-field	C	complete	1	1	1	2	C*04:01:01:01	C*04:01:01:01	
NA19467	NA19467	AFR	T1K-four-field	DRB1	complete	1	1	1	2	DRB1*08:04:01:01	DRB1*11:02:01:02	
NA19467	NA19467	AFR	T1K-four-field	DQB1	complete	1	1	1	2	DQB1*03:01:01:16	DQB1*03:01:01:73	
NA19471	NA19471	AFR	T1K-four-field	A	complete	1	1	1	2	A*23:17:01:01	A*29:02:01:09	
NA19471	NA19471	AFR	T1K-four-field	B	complete	1	1	1	2	B*73:01:01:01	B*53:01:01:01	
NA19471	NA19471	AFR	T1K-four-field	C	complete	1	1	1	2	C*15:05:01:01	C*06:02:01:01	
NA19471	NA19471	AFR	T1K-four-field	DRB1	complete	1	1	1	2	DRB1*03:01:01:02	DRB1*11:01:02:03	
NA19471	NA19471	AFR	T1K-four-field	DQB1	complete	1	1	1	2	DQB1*06:02:01:01	DQB1*02:01:01:01	
NA19472	NA19472	AFR	T1K-four-field	A	complete	1	1	1	2	A*02:01:01:01	A*02:01:01:01	
NA19472	NA19472	AFR	T1K-four-field	B	complete	1	1	1	2	B*45:01:01:01	B*45:07:01:01	
NA19472	NA19472	AFR	T1K-four-field	C	complete	1	1	1	2	C*16:01:01:01	C*16:01:01:01	
NA19472	NA19472	AFR	T1K-four-field	DRB1	complete	1	1	1	2	DRB1*13:01:01:10	DRB1*13:01:01:01,HLA-DRB1*13:01:01:02	
NA19472	NA19472	AFR	T1K-four-field	DQB1	complete	1	1	1	2	DQB1*05:01:01:01	DQB1*06:03:01:01	
NA19473	NA19473	AFR	T1K-four-field	A	complete	1	1	1	2	A*02:01:01:01	A*02:02:01:01	
NA19473	NA19473	AFR	T1K-four-field	B	complete	1	1	1	2	B*58:02:01:01	B*73:01:01:01	
NA19473	NA19473	AFR	T1K-four-field	C	complete	1	1	1	2	C*15:05:01:01	C*06:02:01:01	
NA19473	NA19473	AFR	T1K-four-field	DRB1	complete	1	1	1	2	DRB1*11:02:01:02	DRB1*01:02:01:01	
NA19473	NA19473	AFR	T1K-four-field	DQB1	complete	1	1	1	2	DQB1*05:01:01:01	DQB1*03:01:01:16	
NA19474	NA19474	AFR	T1K-four-field	A	complete	1	1	1	2	A*74:03:01:01	A*02:01:01:01	
NA19474	NA19474	AFR	T1K-four-field	B	complete	1	1	1	2	B*45:01:01:01	B*45:01:01:01	
NA19474	NA19474	AFR	T1K-four-field	C	complete	1	1	1	2	C*06:02:01:03	C*16:01:01:01	
NA19474	NA19474	AFR	T1K-four-field	DRB1	complete	1	1	1	2	DRB1*13:02:01:01	DRB1*13:02:01:01	
NA19474	NA19474	AFR	T1K-four-field	DQB1	complete	1	1	1	2	DQB1*06:09:01:01	DQB1*06:09:01:01	
NA19625	2357	AFR	T1K-four-field	A	complete	1	1	1	2	A*02:01:01:01	A*23:17:01:01	
NA19625	2357	AFR	T1K-four-field	B	complete	1	1	1	2	B*44:03:02:01	B*07:02:01:01,HLA-B*07:02:01:20,HLA-B*07:02:01:73	
NA19625	2357	AFR	T1K-four-field	C	complete	1	1	1	2	C*07:06:01:01	C*12:03:01:01	
NA19625	2357	AFR	T1K-four-field	DRB1	complete	1	1	1	2	DRB1*15:01:01:01,HLA-DRB1*15:01:01:06,HLA-DRB1*15:01:01:25	DRB1*13:02:01:01,HLA-DRB1*13:02:01:03,HLA-DRB1*13:02:01:04,HLA-DRB1*13:02:01:14	
NA19625	2357	AFR	T1K-four-field	DQB1	complete	1	1	1	2	DQB1*06:09:01:01	DQB1*06:02:01:01	
NA19648	m001	AMR	T1K-four-field	A	complete	1	1	1	2	A*11:01:01:01	A*03:01:01:01	
NA19648	m001	AMR	T1K-four-field	B	complete	1	1	1	2	B*51:01:01:01	B*07:02:01:01	
NA19648	m001	AMR	T1K-four-field	C	complete	1	1	0	1	C*01:02:01:01	C*07:02:01:03,HLA-C*07:707,HLA-C*07:785	
NA19648	m001	AMR	T1K-four-field	DRB1	complete	1	1	0	1	DRB1*15:01:01:01	DRB1*08:105	
NA19648	m001	AMR	T1K-four-field	DQB1	complete	1	1	1	2	DQB1*04:02:01:04	DQB1*06:02:01:01	
NA19649	m001	AMR	T1K-four-field	A	complete	1	1	1	2	A*24:02:01:01	A*24:02:01:01	
NA19649	m001	AMR	T1K-four-field	B	complete	1	1	1	2	B*39:06:02:02	B*08:01:01:01	
NA19649	m001	AMR	T1K-four-field	C	complete	1	1	1	2	C*07:02:01:01	C*07:01:01:01	
NA19649	m001	AMR	T1K-four-field	DRB1	complete	1	1	1	2	DRB1*15:01:01:03	DRB1*14:06:01	
NA19649	m001	AMR	T1K-four-field	DQB1	complete	1	1	1	2	DQB1*06:02:01:01	DQB1*03:01:01:73	
NA19650	m001	AMR	T1K-four-field	A	complete	1	1	1	2	A*03:01:01:01	A*24:02:01:01	
NA19650	m001	AMR	T1K-four-field	B	complete	1	1	1	2	B*39:06:02:02	B*51:01:01:01	
NA19650	m001	AMR	T1K-four-field	C	complete	1	1	1	2	C*07:02:01:01	C*01:02:01:01,HLA-C*01:02:01:07,HLA-C*01:02:01:23,HLA-C*01:02:01:57	
NA19650	m001	AMR	T1K-four-field	DRB1	complete	1	1	0	1	DRB1*08:105	DRB1*14:06:01	
NA19650	m001	AMR	T1K-four-field	DQB1	complete	1	1	1	2	DQB1*04:02:01:04	DQB1*03:01:01:73	
NA19651	m005	AMR	T1K-four-field	A	complete	1	1	1	2	A*68:01:02:01	A*03:01:01:01	
NA19651	m005	AMR	T1K-four-field	B	complete	1	1	1	2	B*40:20:01:01	B*35:01:01:01	
NA19651	m005	AMR	T1K-four-field	C	complete	1	1	1	2	C*03:04:01:01	C*04:01:01:01,HLA-C*04:01:01:04,HLA-C*04:01:01:10,HLA-C*04:01:01:32,HLA-C*04:01:01:129,HLA-C*04:01:01:145	
NA19651	m005	AMR	T1K-four-field	DRB1	complete	1	1	1	2	DRB1*01:01:01:01	DRB1*14:02:01:01	
NA19651	m005	AMR	T1K-four-field	DQB1	complete	1	1	1	2	DQB1*05:01:01:01	DQB1*03:01:01:01	
NA19652	m005	AMR	T1K-four-field	A	complete	1	1	1	2	A*02:01:01:01	A*11:01:01:01	
NA19652	m005	AMR	T1K-four-field	B	complete	1	1	1	2	B*35:08:01:01	B*35:01:01:01	
NA19652	m005	AMR	T1K-four-field	C	complete	1	1	1	2	C*04:01:01:06	C*04:01:01:05	
NA19652	m005	AMR	T1K-four-field	DRB1	complete	1	1	1	2	DRB1*04:07:01:01	DRB1*04:02:01	
NA19652	m005	AMR	T1K-four-field	DQB1	complete	1	1	1	2	DQB1*03:02:01:01	DQB1*03:01:01:01	
NA19653	m005	AMR	T1K-four-field	A	complete	1	1	1	2	A*03:01:01:01	A*02:01:01:01	
NA19653	m005	AMR	T1K-four-field	B	complete	1	1	1	2	B*35:01:01:01	B*35:01:01:01	
NA19653	m005	AMR	T1K-four-field	C	complete	1	1	1	2	C*04:01:01:01,HLA-C*04:01:01:32,HLA-C*04:01:01:129	C*04:01:01:05	
NA19653	m005	AMR	T1K-four-field	DRB1	complete	1	1	1	2	DRB1*01:01:01:01	DRB1*04:07:01:01	
NA19653	m005	AMR	T1K-four-field	DQB1	complete	1	1	1	2	DQB1*05:01:01:01	DQB1*03:01:01:01	
NA19654	m006	AMR	T1K-four-field	A	complete	1	1	1	2	A*68:01:02:01	A*26:01:01:01	
NA19654	m006	AMR	T1K-four-field	B	complete	1	1	1	2	B*40:02:01:01	B*18:06	
NA19654	m006	AMR	T1K-four-field	C	complete	1	1	1	2	C*03:04:01:01	C*07:01:01:01	
NA19654	m006	AMR	T1K-four-field	DRB1	complete	1	1	1	2	DRB1*04:07:01:02	DRB1*11:04:01:06	
NA19654	m006	AMR	T1K-four-field	DQB1	complete	1	1	1	2	DQB1*03:02:01:01	DQB1*03:01:01:73	
NA19655	m006	AMR	T1K-four-field	A	complete	1	1	1	2	A*29:02:01:01	A*23:01:01:01	
NA19655	m006	AMR	T1K-four-field	B	complete	1	1	1	2	B*44:03:01:01	B*35:08:01:01	
NA19655	m006	AMR	T1K-four-field	C	complete	1	1	1	2	C*04:01:01:06	C*04:01:01:10	
NA19655	m006	AMR	T1K-four-field	DRB1	complete	1	1	1	2	DRB1*07:01:01:01	DRB1*13:01:01:20	
NA19655	m006	AMR	T1K-four-field	DQB1	complete	1	1	1	2	DQB1*06:03:01:01,HLA-DQB1*06:03:01:10	DQB1*02:02:01:01	
NA19656	m006	AMR	T1K-four-field	A	complete	1	1	1	2	A*23:01:01:01	A*26:01:01:01	
NA19656	m006	AMR	T1K-four-field	B	complete	1	1	1	2	B*18:06	B*44:03:01:01	
NA19656	m006	AMR	T1K-four-field	C	complete	1	1	1	2	C*07:01:01:01	C*04:01:01:01,HLA-C*04:01:01:32,HLA-C*04:01:01:129,HLA-C*04:01:01:173	
NA19656	m006	AMR	T1K-four-field	DRB1	complete	1	1	1	2	DRB1*07:01:01:01	DRB1*04:07:01:02	
NA19656	m006	AMR	T1K-four-field	DQB1	complete	1	1	1	2	DQB1*03:02:01:01	DQB1*02:02:01:01	
NA19657	m007	AMR	T1K-four-field	A	complete	1	1	1	2	A*01:01:01:01	A*02:01:01:136	
NA19657	m007	AMR	T1K-four-field	B	complete	1	1	1	2	B*08:01:01:01	B*52:01:02:01	
NA19657	m007	AMR	T1K-four-field	C	complete	1	1	1	2	C*07:01:01:01	C*03:03:01:01	
NA19657	m007	AMR	T1K-four-field	DRB1	complete	1	1	1	2	DRB1*03:01:01:01	DRB1*14:06:01	
NA19657	m007	AMR	T1K-four-field	DQB1	complete	1	1	1	2	DQB1*02:01:01:01	DQB1*03:01:01:01	
NA19658	m007	AMR	T1K-four-field	A	complete	1	1	1	2	A*29:02:01:01	A*26:01:01:01	
NA19658	m007	AMR	T1K-four-field	B	complete	1	1	1	2	B*44:03:01:01	B*55:01:01:01,HLA-B*55:01:01:26	
NA19658	m007	AMR	T1K-four-field	C	complete	1	1	1	2	C*03:03:01:01	C*16:01:01:01	
NA19658	m007	AMR	T1K-four-field	DRB1	complete	1	1	1	2	DRB1*07:01:01:01	DRB1*11:01:01:03	
NA19658	m007	AMR	T1K-four-field	DQB1	complete	1	1	1	2	DQB1*02:02:01:01	DQB1*03:01:01:01	
NA19659	m007	AMR	T1K-four-field	A	complete	1	1	1	2	A*02:01:01:136	A*26:01:01:01	
NA19659	m007	AMR	T1K-four-field	B	complete	1	1	1	2	B*52:01:02:01	B*55:01:01:01	
NA19659	m007	AMR	T1K-four-field	C	complete	1	1	1	2	C*03:03:01:01	C*03:03:01:01	
NA19659	m007	AMR	T1K-four-field	DRB1	complete	1	1	1	2	DRB1*11:01:01:03	DRB1*14:06:01	
NA19659	m007	AMR	T1K-four-field	DQB1	complete	1	1	0	1	DQB1*03:01:01:73	DQB1*03:276N	
NA19660	m008	AMR	T1K-four-field	A	complete	1	1	1	2	A*24:02:01:01	A*02:01:01:01	
NA19660	m008	AMR	T1K-four-field	B	complete	1	1	1	2	B*39:06:02:02	B*39:05:01:01	
NA19660	m008	AMR	T1K-four-field	C	complete	1	1	1	2	C*07:02:01:01	C*07:02:01:17N	
NA19660	m008	AMR	T1K-four-field	DRB1	complete	1	1	1	2	DRB1*14:06:01	DRB1*04:07:01:02	
NA19660	m008	AMR	T1K-four-field	DQB1	complete	1	1	1	2	DQB1*03:02:01:01	DQB1*03:01:01:01	
NA19661	m008	AMR	T1K-four-field	A	complete	1	1	1	2	A*03:01:01:01	A*24:02:01:01	
NA19661	m008	AMR	T1K-four-field	B	complete	1	1	1	2	B*14:02:01:01,HLA-B*14:02:01:02	B*40:02:01:01	
NA19661	m008	AMR	T1K-four-field	C	complete	1	1	1	2	C*03:04:01:01	C*08:02:01:01	
NA19661	m008	AMR	T1K-four-field	DRB1	complete	1	1	1	2	DRB1*01:02:01:02	DRB1*04:11:01:02	
NA19661	m008	AMR	T1K-four-field	DQB1	complete	1	1	1	2	DQB1*03:02:01:01	DQB1*05:01:01:01	
NA19662	m008	AMR	T1K-four-field	A	complete	1	1	1	2	A*02:01:01:01	A*03:01:01:01	
NA19662	m008	AMR	T1K-four-field	B	complete	1	1	1	2	B*14:02:01:01	B*39:05:01:01	
NA19662	m008	AMR	T1K-four-field	C	complete	1	1	1	2	C*08:02:01:01	C*07:02:01:01	
NA19662	m008	AMR	T1K-four-field	DRB1	complete	1	1	1	2	DRB1*01:02:01:02	DRB1*04:07:01:01,HLA-DRB1*04:07:01:02	
NA19662	m008	AMR	T1K-four-field	DQB1	complete	1	1	1	2	DQB1*03:02:01:01	DQB1*05:01:01:01	
NA19663	m012	AMR	T1K-four-field	A	complete	1	1	1	2	A*24:02:01:01	A*30:02:01:01	
NA19663	m012	AMR	T1K-four-field	B	complete	1	1	1	2	B*14:02:01:01	B*44:05:01:01	
NA19663	m012	AMR	T1K-four-field	C	complete	1	1	1	2	C*02:02:02:01	C*08:02:01:01	
NA19663	m012	AMR	T1K-four-field	DRB1	complete	1	1	1	2	DRB1*01:01:01:01	DRB1*01:02:01:02	
NA19663	m012	AMR	T1K-four-field	DQB1	complete	1	1	1	2	DQB1*05:01:01:01	DQB1*05:01:01:01	
NA19664	m012	AMR	T1K-four-field	A	complete	1	1	1	2	A*11:01:01:01	A*24:02:01:01	
NA19664	m012	AMR	T1K-four-field	B	complete	1	1	1	2	B*39:06:02:02	B*35:03:01:03	
NA19664	m012	AMR	T1K-four-field	C	complete	1	1	1	2	C*04:01:01:01,HLA-C*04:01:01:32,HLA-C*04:01:01:129	C*07:02:01:01	
NA19664	m012	AMR	T1K-four-field	DRB1	complete	1	1	1	2	DRB1*15:01:01:03	DRB1*14:06:01	
NA19664	m012	AMR	T1K-four-field	DQB1	complete	1	1	1	2	DQB1*06:02:01:01	DQB1*03:01:01:01	
NA19665	m012	AMR	T1K-four-field	A	complete	1	1	1	2	A*11:01:01:01	A*24:02:01:01	
NA19665	m012	AMR	T1K-four-field	B	complete	1	1	1	2	B*44:05:01:01	B*35:03:01:03	
NA19665	m012	AMR	T1K-four-field	C	complete	1	1	1	2	C*04:01:01:01	C*02:02:02:01	
NA19665	m012	AMR	T1K-four-field	DRB1	complete	1	1	1	2	DRB1*01:01:01:01	DRB1*15:01:01:03	
NA19665	m012	AMR	T1K-four-field	DQB1	complete	1	1	1	2	DQB1*06:02:01:01	DQB1*05:01:01:01	
NA19669	m002	AMR	T1K-four-field	A	complete	1	1	1	2	A*11:01:01:01	A*03:01:01:05	
NA19669	m002	AMR	T1K-four-field	B	complete	1	1	0	1	B*15:03:01:02	B*07:02:01:01,HLA-B*07:02:01:29,HLA-B*07:02:01:72,HLA-B*07:02:01:79,HLA-B*07:02:01:81,HLA-B*07:02:96,HLA-B*07:02:110,HLA-B*07:529,HLA-B*07:536	
NA19669	m002	AMR	T1K-four-field	C	complete	1	1	1	2	C*02:10:01:01	C*07:02:01:03	
NA19669	m002	AMR	T1K-four-field	DRB1	complete	1	1	1	2	DRB1*04:03:01:01,HLA-DRB1*04:03:01:02,HLA-DRB1*04:03:01:03	DRB1*13:04	
NA19669	m002	AMR	T1K-four-field	DQB1	complete	1	1	1	2	DQB1*03:19:01:01	DQB1*03:01:01:73	
NA19670	m002	AMR	T1K-four-field	A	complete	1	1	1	2	A*26:01:01:01	A*26:01:01:01	
NA19670	m002	AMR	T1K-four-field	B	complete	1	1	1	2	B*38:01:01:01	B*14:02:01:01	
NA19670	m002	AMR	T1K-four-field	C	complete	1	1	1	2	C*08:02:01:01	C*12:03:01:01	
NA19670	m002	AMR	T1K-four-field	DRB1	complete	1	1	1	2	DRB1*07:01:01:01	DRB1*03:01:01:02	
NA19670	m002	AMR	T1K-four-field	DQB1	complete	1	1	1	2	DQB1*02:01:01:01	DQB1*02:02:01:01	
NA19671	m002	AMR	T1K-four-field	A	complete	1	1	1	2	A*26:01:01:01	A*11:01:01:01	
NA19671	m002	AMR	T1K-four-field	B	complete	1	1	1	2	B*38:01:01:01	B*07:02:01:01	
NA19671	m002	AMR	T1K-four-field	C	complete	1	1	1	2	C*07:02:01:03	C*12:03:01:01	
NA19671	m002	AMR	T1K-four-field	DRB1	complete	1	1	1	2	DRB1*07:01:01:01	DRB1*04:03:01:02	
NA19671	m002	AMR	T1K-four-field	DQB1	complete	1	1	1	2	DQB1*02:02:01:01	DQB1*03:01:01:73	
NA19675	m004	AMR	T1K-four-field	A	complete	1	1	1	2	A*02:01:01:01	A*30:01:01:01	
NA19675	m004	AMR	T1K-four-field	B	complete	1	1	1	2	B*14:01:01:01	B*57:01:01:01	
NA19675	m004	AMR	T1K-four-field	C	complete	1	1	1	2	C*08:02:01:01	C*06:02:01:01	
NA19675	m004	AMR	T1K-four-field	DRB1	complete	1	1	1	2	DRB1*07:01:01:01	DRB1*03:01:01:01	
NA19675	m004	AMR	T1K-four-field	DQB1	complete	1	1	1	2	DQB1*03:03:02:01	DQB1*02:01:01:01	
NA19676	m004	AMR	T1K-four-field	A	complete	1	1	1	2	A*31:01:02:01	A*01:01:01:01	
NA19676	m004	AMR	T1K-four-field	B	complete	1	1	1	2	B*14:02:01:01	B*35:01:01:01	
NA19676	m004	AMR	T1K-four-field	C	complete	1	1	1	2	C*08:02:01:01	C*04:01:01:01,HLA-C*04:01:01:32,HLA-C*04:01:01:129	
NA19676	m004	AMR	T1K-four-field	DRB1	complete	1	1	1	2	DRB1*12:01:01:14	DRB1*04:07:01:01,HLA-DRB1*04:07:01:02	
NA19676	m004	AMR	T1K-four-field	DQB1	complete	1	1	1	2	DQB1*03:02:01:01	DQB1*03:01:01:73	
NA19677	m004	AMR	T1K-four-field	A	complete	1	1	1	2	A*01:01:01:01	A*30:01:01:01	
NA19677	m004	AMR	T1K-four-field	B	complete	1	1	1	2	B*14:01:01:01	B*14:02:01:01	
NA19677	m004	AMR	T1K-four-field	C	complete	1	1	1	2	C*08:02:01:01	C*08:02:01:01	
NA19677	m004	AMR	T1K-four-field	DRB1	complete	1	1	1	2	DRB1*12:01:01:14	DRB1*03:01:01:01	
NA19677	m004	AMR	T1K-four-field	DQB1	complete	1	1	1	2	DQB1*03:01:01:73	DQB1*02:01:01:01	
NA19678	m009	AMR	T1K-four-field	A	complete	1	1	1	2	A*30:01:01:01	A*24:02:01:01	
NA19678	m009	AMR	T1K-four-field	B	complete	1	1	1	2	B*14:01:01:01	B*35:14:01	
NA19678	m009	AMR	T1K-four-field	C	complete	1	1	1	2	C*08:02:01:01	C*04:01:01:01	
NA19678	m009	AMR	T1K-four-field	DRB1	complete	1	1	1	2	DRB1*16:02:01:04	DRB1*03:01:01:01	
NA19678	m009	AMR	T1K-four-field	DQB1	complete	1	1	1	2	DQB1*02:01:01:01	DQB1*03:01:01:73	
NA19679	m009	AMR	T1K-four-field	A	complete	1	1	1	2	A*02:01:01:01	A*03:01:01:01	
NA19679	m009	AMR	T1K-four-field	B	complete	1	1	1	2	B*14:02:01:01	B*57:01:01:01	
NA19679	m009	AMR	T1K-four-field	C	complete	1	1	1	2	C*08:02:01:01	C*06:02:01:01	
NA19679	m009	AMR	T1K-four-field	DRB1	complete	1	1	1	2	DRB1*07:01:01:01	DRB1*15:01:01:01	
NA19679	m009	AMR	T1K-four-field	DQB1	complete	1	1	1	2	DQB1*03:03:02:01	DQB1*06:02:01:01	
NA19680	m009	AMR	T1K-four-field	A	complete	1	1	1	2	A*03:01:01:01	A*24:02:01:01	
NA19680	m009	AMR	T1K-four-field	B	complete	1	1	1	2	B*14:02:01:01,HLA-B*14:02:01:02	B*35:14:01	
NA19680	m009	AMR	T1K-four-field	C	complete	1	1	1	2	C*08:02:01:01	C*04:01:01:01,HLA-C*04:01:01:32,HLA-C*04:01:01:129	
NA19680	m009	AMR	T1K-four-field	DRB1	complete	1	1	1	2	DRB1*15:01:01:01	DRB1*16:02:01:04	
NA19680	m009	AMR	T1K-four-field	DQB1	complete	1	1	1	2	DQB1*06:02:01:01	DQB1*03:01:01:01	
NA19684	m011	AMR	T1K-four-field	A	complete	1	1	1	2	A*03:01:01:01	A*02:01:01:01	
NA19684	m011	AMR	T1K-four-field	B	complete	1	1	1	2	B*07:02:01:01	B*35:17:01:01	
NA19684	m011	AMR	T1K-four-field	C	complete	1	1	1	2	C*07:02:01:03	C*04:01:01:01	
NA19684	m011	AMR	T1K-four-field	DRB1	complete	1	1	1	2	DRB1*08:02:01:01	DRB1*13:01:01:17,HLA-DRB1*13:01:01:21	
NA19684	m011	AMR	T1K-four-field	DQB1	complete	1	1	1	2	DQB1*04:02:01:04	DQB1*06:03:01:01	
NA19685	m011	AMR	T1K-four-field	A	complete	1	1	1	2	A*03:01:01:01	A*24:02:01:01	
NA19685	m011	AMR	T1K-four-field	B	complete	1	1	1	2	B*14:02:01:01	B*39:06:02:02	
NA19685	m011	AMR	T1K-four-field	C	complete	1	1	1	2	C*07:02:01:01	C*08:02:01:01	
NA19685	m011	AMR	T1K-four-field	DRB1	complete	1	1	1	2	DRB1*01:02:01:02	DRB1*14:06:01	
NA19685	m011	AMR	T1K-four-field	DQB1	complete	1	1	1	2	DQB1*05:01:01:01	DQB1*03:01:01:01	
NA19686	m011	AMR	T1K-four-field	A	complete	1	1	1	2	A*03:01:01:01	A*03:01:01:01	
NA19686	m011	AMR	T1K-four-field	B	complete	1	1	1	2	B*14:02:01:01	B*07:02:01:01	
NA19686	m011	AMR	T1K-four-field	C	complete	1	1	1	2	C*07:02:01:03	C*08:02:01:01	
NA19686	m011	AMR	T1K-four-field	DRB1	complete	1	1	1	2	DRB1*01:02:01:02	DRB1*13:01:01:17,HLA-DRB1*13:01:01:21	
NA19686	m011	AMR	T1K-four-field	DQB1	complete	1	1	1	2	DQB1*06:03:01:01	DQB1*05:01:01:01	
NA19703	2368	AFR	T1K-four-field	A	complete	1	1	1	2	A*02:01:01:01	A*30:02:01:01	
NA19703	2368	AFR	T1K-four-field	B	complete	1	1	1	2	B*44:02:01:01	B*58:01:01:01,HLA-B*58:01:01:17	
NA19703	2368	AFR	T1K-four-field	C	complete	1	1	1	2	C*07:18:01:01	C*05:01:01:02	
NA19703	2368	AFR	T1K-four-field	DRB1	complete	1	1	1	2	DRB1*04:01:01:19	DRB1*04:05:01:05	
NA19703	2368	AFR	T1K-four-field	DQB1	complete	1	1	1	2	DQB1*03:02:01:01	DQB1*03:01:01:73	
NA19704	2368	AFR	T1K-four-field	A	complete	1	1	1	2	A*11:01:01:01	A*68:02:01:01	
NA19704	2368	AFR	T1K-four-field	B	complete	1	1	1	2	B*15:10:01:01	B*51:01:01:01,HLA-B*51:01:01:23,HLA-B*51:01:01:24,HLA-B*51:01:01:25,HLA-B*51:01:01:31,HLA-B*51:01:01:53,HLA-B*51:01:01:80,HLA-B*51:01:01:118,HLA-B*51:01:64	
NA19704	2368	AFR	T1K-four-field	C	complete	1	1	1	2	C*03:03:01:01	C*03:04:02:01	
NA19704	2368	AFR	T1K-four-field	DRB1	complete	1	1	1	2	DRB1*04:01:01:05,HLA-DRB1*04:01:01:06	DRB1*11:01:02:03	
NA19704	2368	AFR	T1K-four-field	DQB1	complete	1	1	1	2	DQB1*03:02:01:01	DQB1*02:02:01:02	
NA19705	2368	AFR	T1K-four-field	A	complete	1	1	1	2	A*68:02:01:01	A*30:02:01:01	
NA19705	2368	AFR	T1K-four-field	B	complete	1	1	1	2	B*15:10:01:01	B*58:01:01:01,HLA-B*58:01:01:16,HLA-B*58:01:01:17	
NA19705	2368	AFR	T1K-four-field	C	complete	1	1	1	2	C*03:04:02:01	C*07:18:01:01	
NA19705	2368	AFR	T1K-four-field	DRB1	complete	1	1	1	2	DRB1*11:01:02:03	DRB1*04:05:01:02	
NA19705	2368	AFR	T1K-four-field	DQB1	complete	1	1	1	2	DQB1*03:02:01:01	DQB1*02:02:01:02	
NA19707	2369	AFR	T1K-four-field	A	complete	1	1	1	2	A*26:08:01:01	A*02:01:01:01	
NA19707	2369	AFR	T1K-four-field	B	complete	1	1	1	2	B*40:01:02:01	B*07:02:01:01	
NA19707	2369	AFR	T1K-four-field	C	complete	1	1	1	2	C*07:02:01:03	C*03:04:01:01	
NA19707	2369	AFR	T1K-four-field	DRB1	complete	1	1	1	2	DRB1*13:01:01:02	DRB1*04:04:01:04,HLA-DRB1*04:04:01:15	
NA19707	2369	AFR	T1K-four-field	DQB1	complete	1	1	1	2	DQB1*03:02:01:01	DQB1*06:03:01:01,HLA-DQB1*06:03:01:10	
NA19711	2371	AFR	T1K-four-field	A	complete	1	1	1	2	A*68:02:01:01	A*02:01:01:01	
NA19711	2371	AFR	T1K-four-field	B	complete	1	1	0	1	B*35:01:01:01,HLA-B*35:370,HLA-B*35:615	B*53:01:01:01	
NA19711	2371	AFR	T1K-four-field	C	complete	1	1	1	2	C*07:18:01:01	C*04:01:01:01,HLA-C*04:01:01:32,HLA-C*04:01:01:129,HLA-C*04:01:01:173	
NA19711	2371	AFR	T1K-four-field	DRB1	complete	1	1	1	2	DRB1*07:01:01:01	DRB1*13:02:01:02,HLA-DRB1*13:02:01:07	
NA19711	2371	AFR	T1K-four-field	DQB1	complete	1	1	1	2	DQB1*05:01:01:01	DQB1*03:02:01:01	
NA19712	2371	AFR	T1K-four-field	A	complete	1	1	1	2	A*02:01:01:01	A*68:01:01:02	
NA19712	2371	AFR	T1K-four-field	B	complete	1	1	1	2	B*45:01:01:01	B*15:03:01:02	
NA19712	2371	AFR	T1K-four-field	C	complete	1	1	1	2	C*02:10:01:01	C*16:01:01:01	
NA19712	2371	AFR	T1K-four-field	DRB1	complete	1	1	1	2	DRB1*03:01:01:02	DRB1*13:01:01:10	
NA19712	2371	AFR	T1K-four-field	DQB1	complete	1	1	1	2	DQB1*03:02:01:01	DQB1*02:01:01:01	
NA19713	2436	AFR	T1K-four-field	A	complete	1	1	1	2	A*02:02:01:02	A*02:01:01:01	
NA19713	2436	AFR	T1K-four-field	B	complete	1	1	1	2	B*45:01:01:01	B*13:02:01:07	
NA19713	2436	AFR	T1K-four-field	C	complete	1	1	1	2	C*16:01:01:01	C*08:04:01:01	
NA19713	2436	AFR	T1K-four-field	DRB1	complete	1	1	1	2	DRB1*08:04:01:01	DRB1*13:02:01:01	
NA19713	2436	AFR	T1K-four-field	DQB1	complete	1	1	1	2	DQB1*06:09:01:01	DQB1*04:02:13	
NA19716	m014	AMR	T1K-four-field	A	complete	1	1	1	2	A*30:02:01:02	A*31:01:02:01	
NA19716	m014	AMR	T1K-four-field	B	complete	1	1	1	2	B*27:05:02:01	B*18:01:01:01	
NA19716	m014	AMR	T1K-four-field	C	complete	1	1	1	2	C*01:02:01:01	C*05:01:01:01	
NA19716	m014	AMR	T1K-four-field	DRB1	complete	1	1	1	2	DRB1*01:01:01:01	DRB1*03:01:01:02	
NA19716	m014	AMR	T1K-four-field	DQB1	complete	1	1	1	2	DQB1*05:01:01:01	DQB1*02:01:01:01	
NA19717	m014	AMR	T1K-four-field	A	complete	1	1	1	2	A*68:02:01:01	A*02:01:01:01	
NA19717	m014	AMR	T1K-four-field	B	complete	1	1	1	2	B*14:02:01:01	B*15:15:01:01	
NA19717	m014	AMR	T1K-four-field	C	complete	1	1	1	2	C*01:02:01:01	C*08:02:01:01	
NA19717	m014	AMR	T1K-four-field	DRB1	complete	1	1	1	2	DRB1*01:02:01:02	DRB1*04:03:01:01,HLA-DRB1*04:03:01:02,HLA-DRB1*04:03:01:03	
NA19717	m014	AMR	T1K-four-field	DQB1	complete	1	1	1	2	DQB1*05:01:01:01	DQB1*03:02:01:01	
NA19718	m014	AMR	T1K-four-field	A	complete	1	1	1	2	A*30:02:01:02	A*02:01:01:01	
NA19718	m014	AMR	T1K-four-field	B	complete	1	1	1	2	B*18:01:01:01	B*15:15:01:01	
NA19718	m014	AMR	T1K-four-field	C	complete	1	1	1	2	C*05:01:01:01	C*01:02:01:01,HLA-C*01:02:01:41	
NA19718	m014	AMR	T1K-four-field	DRB1	complete	1	1	1	2	DRB1*04:03:01:01,HLA-DRB1*04:03:01:02,HLA-DRB1*04:03:01:03	DRB1*03:01:01:02	
NA19718	m014	AMR	T1K-four-field	DQB1	complete	1	1	1	2	DQB1*02:01:01:01	DQB1*03:02:01:01	
NA19719	m015	AMR	T1K-four-field	A	complete	1	1	1	2	A*03:01:01:01	A*02:02:01:01	
NA19719	m015	AMR	T1K-four-field	B	complete	1	1	1	2	B*51:23	B*35:03:01:03	
NA19719	m015	AMR	T1K-four-field	C	complete	1	1	1	2	C*16:01:01:01	C*04:01:01:01,HLA-C*04:01:01:32	
NA19719	m015	AMR	T1K-four-field	DRB1	complete	1	1	1	2	DRB1*11:01:01:10	DRB1*14:54:01:12	
NA19719	m015	AMR	T1K-four-field	DQB1	complete	1	1	1	2	DQB1*05:03:01:01	DQB1*03:01:01:73	
NA19720	m015	AMR	T1K-four-field	A	complete	1	1	1	2	A*31:01:02:01	A*68:01:02:01	
NA19720	m015	AMR	T1K-four-field	B	complete	1	1	1	2	B*48:01:01:01	B*15:15:01:01	
NA19720	m015	AMR	T1K-four-field	C	complete	1	1	1	2	C*01:02:01:01	C*08:01:01:01	
NA19720	m015	AMR	T1K-four-field	DRB1	complete	1	1	1	2	DRB1*04:04:01:03,HLA-DRB1*04:04:01:04,HLA-DRB1*04:04:01:15	DRB1*08:02:01:01	
NA19720	m015	AMR	T1K-four-field	DQB1	complete	1	1	1	2	DQB1*03:02:01:01	DQB1*04:02:01:04	
NA19721	m015	AMR	T1K-four-field	A	complete	1	1	1	2	A*31:01:02:01	A*03:01:01:01	
NA19721	m015	AMR	T1K-four-field	B	complete	1	1	1	2	B*15:15:01:01	B*35:03:01:03,HLA-B*35:03:01:14,HLA-B*35:03:01:23	
NA19721	m015	AMR	T1K-four-field	C	complete	1	1	1	2	C*01:02:01:01	C*04:01:01:01,HLA-C*04:01:01:32	
NA19721	m015	AMR	T1K-four-field	DRB1	complete	1	1	1	2	DRB1*08:02:01:01	DRB1*11:01:01:01	
NA19721	m015	AMR	T1K-four-field	DQB1	complete	1	1	1	2	DQB1*04:02:01:04	DQB1*03:01:01:73	
NA19722	m016	AMR	T1K-four-field	A	complete	1	1	1	2	A*25:01:01:01	A*03:01:01:01	
NA19722	m016	AMR	T1K-four-field	B	complete	1	1	1	2	B*18:01:01:02,HLA-B*18:01:01:11,HLA-B*18:01:01:32,HLA-B*18:01:01:60,HLA-B*18:01:01:61,HLA-B*18:01:01:95,HLA-B*18:01:26	B*44:02:01:01	
NA19722	m016	AMR	T1K-four-field	C	complete	1	1	1	2	C*05:01:01:02	C*12:03:01:01	
NA19722	m016	AMR	T1K-four-field	DRB1	complete	1	1	1	2	DRB1*15:01:01:03	DRB1*04:05:01:01,HLA-DRB1*04:05:01:02,HLA-DRB1*04:05:01:03,HLA-DRB1*04:05:01:05,HLA-DRB1*04:05:01:07	
NA19722	m016	AMR	T1K-four-field	DQB1	complete	1	1	1	2	DQB1*03:02:01:01	DQB1*06:02:01:01	
NA19723	m016	AMR	T1K-four-field	A	complete	1	1	1	2	A*31:01:02:01	A*68:01:02:01	
NA19723	m016	AMR	T1K-four-field	B	complete	1	1	1	2	B*40:02:01:01	B*15:15:01:01	
NA19723	m016	AMR	T1K-four-field	C	complete	1	1	1	2	C*03:04:01:01	C*01:02:01:01	
NA19723	m016	AMR	T1K-four-field	DRB1	complete	1	1	1	2	DRB1*16:02:01:04	DRB1*08:02:01:01	
NA19723	m016	AMR	T1K-four-field	DQB1	complete	1	1	1	2	DQB1*04:02:01:04	DQB1*03:01:01:01	
NA19724	m016	AMR	T1K-four-field	A	complete	1	1	1	2	A*03:01:01:01	A*68:01:02:01	
NA19724	m016	AMR	T1K-four-field	B	complete	1	1	1	2	B*15:15:01:01	B*44:02:01:01	
NA19724	m016	AMR	T1K-four-field	C	complete	1	1	0	1	C*05:01:01:02	C*01:02:01:01,HLA-C*01:02:01:63,HLA-C*01:150,HLA-C*01:172,HLA-C*01:194,HLA-C*01:217:01:01	
NA19724	m016	AMR	T1K-four-field	DRB1	complete	1	1	1	2	DRB1*08:02:01:01	DRB1*04:05:01:01,HLA-DRB1*04:05:01:02,HLA-DRB1*04:05:01:03,HLA-DRB1*04:05:01:05,HLA-DRB1*04:05:01:07	
NA19724	m016	AMR	T1K-four-field	DQB1	complete	1	1	1	2	DQB1*03:02:01:01	DQB1*04:02:01:04	
NA19725	m017	AMR	T1K-four-field	A	complete	1	1	1	2	A*01:01:01:01	A*02:01:01:01	
NA19725	m017	AMR	T1K-four-field	B	complete	1	1	1	2	B*38:01:01:01	B*52:01:01:01,HLA-B*52:01:01:25	
NA19725	m017	AMR	T1K-four-field	C	complete	1	1	1	2	C*12:03:01:01	C*12:02:02:01	
NA19725	m017	AMR	T1K-four-field	DRB1	complete	1	1	1	2	DRB1*03:01:01:01	DRB1*15:02:01:02,HLA-DRB1*15:02:01:08	
NA19725	m017	AMR	T1K-four-field	DQB1	complete	1	1	1	2	DQB1*06:01:01:01	DQB1*02:01:01:01	
NA19726	m017	AMR	T1K-four-field	A	complete	1	1	1	2	A*02:06:01:01	A*02:01:01:01	
NA19726	m017	AMR	T1K-four-field	B	complete	1	1	1	2	B*39:05:01:01	B*15:01:01:01	
NA19726	m017	AMR	T1K-four-field	C	complete	1	1	1	2	C*07:02:01:01	C*01:02:01:01	
NA19726	m017	AMR	T1K-four-field	DRB1	complete	1	1	1	2	DRB1*08:02:01:01	DRB1*04:07:01:01,HLA-DRB1*04:07:01:02,HLA-DRB1*04:07:01:05	
NA19726	m017	AMR	T1K-four-field	DQB1	complete	1	1	1	2	DQB1*04:02:01:04	DQB1*03:02:01:01	
NA19727	m017	AMR	T1K-four-field	A	complete	1	1	1	2	A*02:06:01:01	A*01:01:01:01	
NA19727	m017	AMR	T1K-four-field	B	complete	1	1	0	1	B*39:05:01:01	B*52:01:01:01,HLA-B*52:01:01:25,HLA-B*52:95	
NA19727	m017	AMR	T1K-four-field	C	complete	1	1	1	2	C*07:02:01:01	C*12:02:02:01	
NA19727	m017	AMR	T1K-four-field	DRB1	complete	1	1	1	2	DRB1*04:07:01:01	DRB1*15:02:01:02,HLA-DRB1*15:02:01:08	
NA19727	m017	AMR	T1K-four-field	DQB1	complete	1	1	1	2	DQB1*03:02:01:01	DQB1*06:01:01:01	
NA19728	m018	AMR	T1K-four-field	A	complete	1	1	1	2	A*24:02:01:01	A*24:02:01:06	
NA19728	m018	AMR	T1K-four-field	B	complete	1	1	1	2	B*35:12:01:01	B*40:05:01:01	
NA19728	m018	AMR	T1K-four-field	C	complete	1	1	1	2	C*03:04:01:01	C*04:01:01:01	
NA19728	m018	AMR	T1K-four-field	DRB1	complete	1	1	1	2	DRB1*14:02:01:01	DRB1*04:04:01:05	
NA19728	m018	AMR	T1K-four-field	DQB1	complete	1	1	1	2	DQB1*03:02:01:01	DQB1*03:01:01:73	
NA19729	m018	AMR	T1K-four-field	A	complete	1	1	1	2	A*02:01:01:01	A*02:06:01:01	
NA19729	m018	AMR	T1K-four-field	B	complete	1	1	1	2	B*48:01:01:01	B*35:12:03	
NA19729	m018	AMR	T1K-four-field	C	complete	1	1	1	2	C*08:01:01:01	C*04:01:01:01,HLA-C*04:01:01:32,HLA-C*04:01:01:59,HLA-C*04:01:01:88,HLA-C*04:01:01:129,HLA-C*04:01:01:142,HLA-C*04:01:01:173	
NA19729	m018	AMR	T1K-four-field	DRB1	complete	1	1	1	2	DRB1*08:02:01:01	DRB1*08:02:01:01	
NA19729	m018	AMR	T1K-four-field	DQB1	complete	1	1	1	2	DQB1*04:02:01:04	DQB1*04:02:01:04	
NA19730	m018	AMR	T1K-four-field	A	complete	1	1	1	2	A*02:06:01:01	A*24:02:01:01	
NA19730	m018	AMR	T1K-four-field	B	complete	1	1	1	2	B*40:05:01:01	B*48:01:01:01	
NA19730	m018	AMR	T1K-four-field	C	complete	1	1	1	2	C*03:04:01:01	C*08:01:01:01	
NA19730	m018	AMR	T1K-four-field	DRB1	complete	1	1	1	2	DRB1*08:02:01:01	DRB1*04:04:01:06	
NA19730	m018	AMR	T1K-four-field	DQB1	complete	1	1	1	2	DQB1*03:02:01:01	DQB1*04:02:01:04	
NA19731	m019	AMR	T1K-four-field	A	complete	1	1	1	2	A*68:01:02:01	A*02:06:01:01	
NA19731	m019	AMR	T1K-four-field	B	complete	1	1	1	2	B*35:17:01:01	B*51:02:01:01	
NA19731	m019	AMR	T1K-four-field	C	complete	1	1	1	2	C*08:01:01:01	C*04:01:01:01	
NA19731	m019	AMR	T1K-four-field	DRB1	complete	1	1	1	2	DRB1*08:02:01:01	DRB1*04:11:01:02	
NA19731	m019	AMR	T1K-four-field	DQB1	complete	1	1	1	2	DQB1*03:02:01:01	DQB1*04:02:01:04	
NA19732	m019	AMR	T1K-four-field	A	complete	1	1	1	2	A*31:01:02:01	A*02:06:01:01	
NA19732	m019	AMR	T1K-four-field	B	complete	1	1	1	2	B*48:01:01:01	B*51:01:01:01,HLA-B*51:01:01:23,HLA-B*51:01:01:25,HLA-B*51:01:01:31,HLA-B*51:01:01:118,HLA-B*51:01:64	
NA19732	m019	AMR	T1K-four-field	C	complete	1	1	1	2	C*08:01:01:01	C*08:01:01:01	
NA19732	m019	AMR	T1K-four-field	DRB1	complete	1	1	1	2	DRB1*08:02:01:01	DRB1*08:02:01:01	
NA19732	m019	AMR	T1K-four-field	DQB1	complete	1	1	1	2	DQB1*04:02:01:04	DQB1*04:02:01:04	
NA19733	m019	AMR	T1K-four-field	A	complete	1	1	1	2	A*68:01:02:01	A*02:06:01:01	
NA19733	m019	AMR	T1K-four-field	B	complete	1	1	1	2	B*51:02:01:01	B*51:01:01:01	
NA19733	m019	AMR	T1K-four-field	C	complete	1	1	1	2	C*08:01:01:01	C*08:01:01:01	
NA19733	m019	AMR	T1K-four-field	DRB1	complete	1	1	1	2	DRB1*08:02:01:01	DRB1*04:11:01:02	
NA19733	m019	AMR	T1K-four-field	DQB1	complete	1	1	1	2	DQB1*04:02:01:04	DQB1*03:02:01:01	
NA19746	m023	AMR	T1K-four-field	A	complete	1	1	1	2	A*34:02:01:01	A*02:01:01:01	
NA19746	m023	AMR	T1K-four-field	B	complete	1	1	1	2	B*35:17:01:01	B*58:02:01:01	
NA19746	m023	AMR	T1K-four-field	C	complete	1	1	1	2	C*04:01:01:01	C*06:02:01:01	
NA19746	m023	AMR	T1K-four-field	DRB1	complete	1	1	1	2	DRB1*08:02:01:01	DRB1*11:02:01:02	
NA19746	m023	AMR	T1K-four-field	DQB1	complete	1	1	1	2	DQB1*04:02:01:04	DQB1*02:01:01:01	
NA19747	m023	AMR	T1K-four-field	A	complete	1	1	1	2	A*30:02:01:01	A*68:01:01:02	
NA19747	m023	AMR	T1K-four-field	B	complete	1	1	1	2	B*45:01:01:01	B*14:02:01:01	
NA19747	m023	AMR	T1K-four-field	C	complete	1	1	1	2	C*06:02:01:03	C*08:02:01:01	
NA19747	m023	AMR	T1K-four-field	DRB1	complete	1	1	1	2	DRB1*01:02:01:02	DRB1*04:05:01:03	
NA19747	m023	AMR	T1K-four-field	DQB1	complete	1	1	1	2	DQB1*05:01:01:06	DQB1*03:02:01:01	
NA19748	m023	AMR	T1K-four-field	A	complete	1	1	1	2	A*34:02:01:01	A*68:01:01:02	
NA19748	m023	AMR	T1K-four-field	B	complete	1	1	1	2	B*58:02:01:01	B*45:01:01:01	
NA19748	m023	AMR	T1K-four-field	C	complete	1	1	1	2	C*06:02:01:03	C*06:02:01:01	
NA19748	m023	AMR	T1K-four-field	DRB1	complete	1	1	1	2	DRB1*11:02:01:02	DRB1*04:05:01:10	
NA19748	m023	AMR	T1K-four-field	DQB1	complete	1	1	1	2	DQB1*03:02:01:01	DQB1*02:01:01:01	
NA19749	m024	AMR	T1K-four-field	A	complete	1	1	1	2	A*24:02:01:15	A*11:01:01:01	
NA19749	m024	AMR	T1K-four-field	B	complete	1	1	1	2	B*07:02:01:01	B*18:01:01:01	
NA19749	m024	AMR	T1K-four-field	C	complete	1	1	1	2	C*07:02:01:03	C*05:01:01:01	
NA19749	m024	AMR	T1K-four-field	DRB1	complete	1	1	1	2	DRB1*01:03:01:01	DRB1*04:04:01:03,HLA-DRB1*04:04:01:04,HLA-DRB1*04:04:01:15	
NA19749	m024	AMR	T1K-four-field	DQB1	complete	1	1	1	2	DQB1*03:02:01:01	DQB1*05:01:01:01	
NA19750	m024	AMR	T1K-four-field	A	complete	1	1	1	2	A*03:01:01:01	A*02:01:01:01	
NA19750	m024	AMR	T1K-four-field	B	complete	1	1	1	2	B*41:01:01:01	B*51:01:01:01	
NA19750	m024	AMR	T1K-four-field	C	complete	1	1	1	2	C*07:01:01:09	C*01:02:01:01	
NA19750	m024	AMR	T1K-four-field	DRB1	complete	1	1	0	1	DRB1*08:105	DRB1*15:02:01:08	
NA19750	m024	AMR	T1K-four-field	DQB1	complete	1	1	1	2	DQB1*04:02:01:04	DQB1*06:01:01:01	
NA19751	m024	AMR	T1K-four-field	A	complete	1	1	1	2	A*03:01:01:01	A*24:02:01:15	
NA19751	m024	AMR	T1K-four-field	B	complete	1	1	1	2	B*51:01:01:01	B*07:02:01:01	
NA19751	m024	AMR	T1K-four-field	C	complete	1	1	0	1	C*07:02:01:03	C*01:02:01:01,HLA-C*01:150,HLA-C*01:217:01:01,HLA-C*01:237,HLA-C*01:247	
NA19751	m024	AMR	T1K-four-field	DRB1	complete	1	1	0	1	DRB1*01:03:01:01	DRB1*08:105	
NA19751	m024	AMR	T1K-four-field	DQB1	complete	1	1	1	2	DQB1*04:02:01:04	DQB1*05:01:01:01	
NA19755	m026	AMR	T1K-four-field	A	complete	1	1	1	2	A*68:02:01:01	A*02:06:01:01	
NA19755	m026	AMR	T1K-four-field	B	complete	1	1	1	2	B*51:01:01:01	B*35:17:01:01	
NA19755	m026	AMR	T1K-four-field	C	complete	1	1	1	2	C*15:02:01:01	C*04:01:01:01,HLA-C*04:01:01:32,HLA-C*04:01:01:129,HLA-C*04:01:01:173	
NA19755	m026	AMR	T1K-four-field	DRB1	complete	1	1	1	2	DRB1*08:02:01:01	DRB1*08:02:01:01	
NA19755	m026	AMR	T1K-four-field	DQB1	complete	1	1	1	2	DQB1*04:02:01:04	DQB1*04:02:01:04	
NA19756	m026	AMR	T1K-four-field	A	complete	1	1	1	2	A*33:01:01:01	A*30:01:01:01	
NA19756	m026	AMR	T1K-four-field	B	complete	1	1	1	2	B*14:01:01:01	B*13:02:01:01	
NA19756	m026	AMR	T1K-four-field	C	complete	1	1	1	2	C*08:02:01:01	C*06:02:01:01	
NA19756	m026	AMR	T1K-four-field	DRB1	complete	1	1	1	2	DRB1*07:01:01:01	DRB1*07:01:01:01	
NA19756	m026	AMR	T1K-four-field	DQB1	complete	1	1	1	2	DQB1*02:02:01:01	DQB1*02:02:01:01	
NA19757	m026	AMR	T1K-four-field	A	complete	1	1	1	2	A*33:01:01:01	A*68:02:01:01	
NA19757	m026	AMR	T1K-four-field	B	complete	1	1	1	2	B*35:17:01:01	B*14:01:01:01	
NA19757	m026	AMR	T1K-four-field	C	complete	1	1	1	2	C*08:02:01:01	C*04:01:01:01,HLA-C*04:01:01:32,HLA-C*04:01:01:129	
NA19757	m026	AMR	T1K-four-field	DRB1	complete	1	1	1	2	DRB1*08:02:01:01	DRB1*07:01:01:01	
NA19757	m026	AMR	T1K-four-field	DQB1	complete	1	1	1	2	DQB1*04:02:01:04	DQB1*02:02:01:01	
NA19758	m027	AMR	T1K-four-field	A	complete	1	1	1	2	A*24:02:01:01	A*02:06:01:01	
NA19758	m027	AMR	T1K-four-field	B	complete	1	1	1	2	B*48:03:01:01	B*35:14:01	
NA19758	m027	AMR	T1K-four-field	C	complete	1	1	1	2	C*04:01:01:01	C*08:01:01:01	
NA19758	m027	AMR	T1K-four-field	DRB1	complete	1	1	1	2	DRB1*16:02:01:04	DRB1*08:02:01:01	
NA19758	m027	AMR	T1K-four-field	DQB1	complete	1	1	1	2	DQB1*04:02:01:04	DQB1*03:01:01:73	
NA19759	m027	AMR	T1K-four-field	A	complete	1	1	1	2	A*24:03:01:01	A*24:02:01:01	
NA19759	m027	AMR	T1K-four-field	B	complete	1	1	1	2	B*39:06:02:02	B*35:05:01:02	
NA19759	m027	AMR	T1K-four-field	C	complete	1	1	1	2	C*07:02:01:01	C*04:01:01:01,HLA-C*04:01:01:32,HLA-C*04:01:01:129	
NA19759	m027	AMR	T1K-four-field	DRB1	complete	1	1	1	2	DRB1*14:06:01	DRB1*04:04:01:08	
NA19759	m027	AMR	T1K-four-field	DQB1	complete	1	1	1	2	DQB1*03:02:01:01	DQB1*03:01:01:73	
NA19760	m027	AMR	T1K-four-field	A	complete	1	1	1	2	A*24:02:01:01	A*24:02:01:01	
NA19760	m027	AMR	T1K-four-field	B	complete	1	1	1	2	B*39:06:02:02	B*35:14:01	
NA19760	m027	AMR	T1K-four-field	C	complete	1	1	1	2	C*07:02:01:01	C*04:01:01:01,HLA-C*04:01:01:32	
NA19760	m027	AMR	T1K-four-field	DRB1	complete	1	1	1	2	DRB1*16:02:01:04	DRB1*14:06:01	
NA19760	m027	AMR	T1K-four-field	DQB1	complete	1	1	0	1	DQB1*03:01:01:73	DQB1*03:276N	
NA19761	m028	AMR	T1K-four-field	A	complete	1	1	1	2	A*24:02:01:01	A*02:01:01:01	
NA19761	m028	AMR	T1K-four-field	B	complete	1	1	1	2	B*41:01:01:01	B*48:01:01:01	
NA19761	m028	AMR	T1K-four-field	C	complete	1	1	1	2	C*07:01:01:09	C*08:01:01:01	
NA19761	m028	AMR	T1K-four-field	DRB1	complete	1	1	1	2	DRB1*07:01:01:01	DRB1*10:01:01:03	
NA19761	m028	AMR	T1K-four-field	DQB1	complete	1	1	1	2	DQB1*05:01:01:01	DQB1*02:02:01:01	
NA19762	m028	AMR	T1K-four-field	A	complete	1	1	1	2	A*30:02:01:01	A*31:01:02:01	
NA19762	m028	AMR	T1K-four-field	B	complete	1	1	1	2	B*18:01:01:01	B*35:17:01:01	
NA19762	m028	AMR	T1K-four-field	C	complete	1	1	1	2	C*05:01:01:01	C*04:01:01:01,HLA-C*04:01:01:32,HLA-C*04:01:01:129	
NA19762	m028	AMR	T1K-four-field	DRB1	complete	1	1	1	2	DRB1*03:01:01:02	DRB1*04:07:01:01	
NA19762	m028	AMR	T1K-four-field	DQB1	complete	1	1	1	2	DQB1*03:02:01:01	DQB1*02:01:01:01	
NA19763	m028	AMR	T1K-four-field	A	complete	1	1	1	2	A*24:02:01:01	A*31:01:02:01	
NA19763	m028	AMR	T1K-four-field	B	complete	1	1	1	2	B*48:01:01:01	B*35:17:01:01	
NA19763	m028	AMR	T1K-four-field	C	complete	1	1	1	2	C*08:01:01:01	C*04:01:01:01,HLA-C*04:01:01:22,HLA-C*04:01:01:32,HLA-C*04:01:01:167	
NA19763	m028	AMR	T1K-four-field	DRB1	complete	1	1	1	2	DRB1*07:01:01:01	DRB1*04:07:01:02	
NA19763	m028	AMR	T1K-four-field	DQB1	complete	1	1	1	2	DQB1*02:02:01:01	DQB1*03:02:01:01,HLA-DQB1*03:02:01:02	
NA19770	m031	AMR	T1K-four-field	A	complete	1	1	1	2	A*11:01:01:01	A*31:01:02:01	
NA19770	m031	AMR	T1K-four-field	B	complete	1	1	1	2	B*18:01:01:01	B*51:02:01:01	
NA19770	m031	AMR	T1K-four-field	C	complete	1	1	1	2	C*08:01:01:01	C*05:01:01:01	
NA19770	m031	AMR	T1K-four-field	DRB1	complete	1	1	1	2	DRB1*14:02:01:01	DRB1*03:01:01:02	
NA19770	m031	AMR	T1K-four-field	DQB1	complete	1	1	1	2	DQB1*03:02:01:01	DQB1*02:01:01:01	
NA19771	m031	AMR	T1K-four-field	A	complete	1	1	1	2	A*03:01:01:05	A*29:02:01:01	
NA19771	m031	AMR	T1K-four-field	B	complete	1	1	1	2	B*44:03:01:01	B*15:16:01:02	
NA19771	m031	AMR	T1K-four-field	C	complete	1	1	1	2	C*14:02:01:02	C*16:01:01:01	
NA19771	m031	AMR	T1K-four-field	DRB1	complete	1	1	1	2	DRB1*15:01:01:03	DRB1*04:11:01:02	
NA19771	m031	AMR	T1K-four-field	DQB1	complete	1	1	1	2	DQB1*03:02:01:01	DQB1*06:02:01:01	
NA19772	m031	AMR	T1K-four-field	A	complete	1	1	1	2	A*11:01:01:01	A*29:02:01:01	
NA19772	m031	AMR	T1K-four-field	B	complete	1	1	1	2	B*51:02:01:01	B*44:03:01:01	
NA19772	m031	AMR	T1K-four-field	C	complete	1	1	1	2	C*08:01:01:01	C*16:01:01:01	
NA19772	m031	AMR	T1K-four-field	DRB1	complete	1	1	1	2	DRB1*14:02:01:01	DRB1*15:01:01:03	
NA19772	m031	AMR	T1K-four-field	DQB1	complete	1	1	1	2	DQB1*03:02:01:01	DQB1*06:02:01:01	
NA19773	m033	AMR	T1K-four-field	A	complete	1	1	1	2	A*24:02:01:12	A*68:03:01:01	
NA19773	m033	AMR	T1K-four-field	B	complete	1	1	1	2	B*14:02:01:01	B*41:02:01:01	
NA19773	m033	AMR	T1K-four-field	C	complete	1	1	1	2	C*08:02:01:01	C*17:03:01:01	
NA19773	m033	AMR	T1K-four-field	DRB1	complete	1	1	1	2	DRB1*01:02:01:02	DRB1*03:01:01:03	
NA19773	m033	AMR	T1K-four-field	DQB1	complete	1	1	1	2	DQB1*05:01:01:01	DQB1*02:01:01:01	
NA19774	m033	AMR	T1K-four-field	A	complete	1	1	1	2	A*11:01:01:01	A*02:06:01:01	
NA19774	m033	AMR	T1K-four-field	B	complete	1	1	1	2	B*27:05:02:01	B*51:01:01:108	
NA19774	m033	AMR	T1K-four-field	C	complete	1	1	1	2	C*03:04:01:01	C*01:02:01:01	
NA19774	m033	AMR	T1K-four-field	DRB1	complete	1	1	1	2	DRB1*01:01:01:01	DRB1*04:11:01:02	
NA19774	m033	AMR	T1K-four-field	DQB1	complete	1	1	1	2	DQB1*03:02:01:01	DQB1*05:01:01:01	
NA19775	m033	AMR	T1K-four-field	A	complete	1	1	1	2	A*11:01:01:01	A*24:02:01:12	
NA19775	m033	AMR	T1K-four-field	B	complete	1	1	1	2	B*14:02:01:01	B*27:05:02:01	
NA19775	m033	AMR	T1K-four-field	C	complete	1	1	1	2	C*08:02:01:01	C*01:02:01:01	
NA19775	m033	AMR	T1K-four-field	DRB1	complete	1	1	1	2	DRB1*01:02:01:02	DRB1*01:01:01:01	
NA19775	m033	AMR	T1K-four-field	DQB1	complete	1	1	1	2	DQB1*05:01:01:01	DQB1*05:01:01:01	
NA19780	m035	AMR	T1K-four-field	A	complete	1	1	1	2	A*68:01:02:01	A*68:01:02:01	
NA19780	m035	AMR	T1K-four-field	B	complete	1	1	1	2	B*40:02:01:01	B*48:01:01:01	
NA19780	m035	AMR	T1K-four-field	C	complete	1	1	1	2	C*03:04:01:01	C*08:01:01:01	
NA19780	m035	AMR	T1K-four-field	DRB1	complete	1	1	1	2	DRB1*04:11:01:02	DRB1*04:04:01:05	
NA19780	m035	AMR	T1K-four-field	DQB1	complete	1	1	1	2	DQB1*03:02:01:01	DQB1*03:02:01:01	
NA19781	m035	AMR	T1K-four-field	A	complete	1	1	1	2	A*02:01:01:01	A*68:01:02:01	
NA19781	m035	AMR	T1K-four-field	B	complete	1	1	1	2	B*40:02:01:01	B*44:02:01:01	
NA19781	m035	AMR	T1K-four-field	C	complete	1	1	1	2	C*03:04:01:01	C*05:09:01	
NA19781	m035	AMR	T1K-four-field	DRB1	complete	1	1	1	2	DRB1*13:01:01:02	DRB1*04:11:01:02	
NA19781	m035	AMR	T1K-four-field	DQB1	complete	1	1	1	2	DQB1*03:02:01:01	DQB1*06:03:01:01	
NA19782	m036	AMR	T1K-four-field	A	complete	1	1	1	2	A*11:01:01:01	A*30:01:01:01	
NA19782	m036	AMR	T1K-four-field	B	complete	1	1	0	1	B*42:02:01:02	B*35:01:01:01,HLA-B*35:01:01:17,HLA-B*35:01:01:68,HLA-B*35:370,HLA-B*35:615	
NA19782	m036	AMR	T1K-four-field	C	complete	1	1	1	2	C*04:01:01:01,HLA-C*04:01:01:32,HLA-C*04:01:01:129,HLA-C*04:01:01:173	C*17:01:01:02	
NA19782	m036	AMR	T1K-four-field	DRB1	complete	1	1	1	2	DRB1*08:04:01:07	DRB1*01:01:01:01	
NA19782	m036	AMR	T1K-four-field	DQB1	complete	1	1	1	2	DQB1*05:01:01:01	DQB1*03:01:04:01	
NA19783	m036	AMR	T1K-four-field	A	complete	1	1	1	2	A*29:02:01:01	A*68:02:01:01	
NA19783	m036	AMR	T1K-four-field	B	complete	1	1	1	2	B*44:03:01:01	B*50:01:01:01	
NA19783	m036	AMR	T1K-four-field	C	complete	1	1	1	2	C*06:02:01:02	C*16:01:01:29	
NA19783	m036	AMR	T1K-four-field	DRB1	complete	1	1	1	2	DRB1*11:03:01:01	DRB1*07:01:01:01	
NA19783	m036	AMR	T1K-four-field	DQB1	complete	1	1	1	2	DQB1*02:02:01:01	DQB1*03:01:01:73	
NA19784	m036	AMR	T1K-four-field	A	complete	1	1	1	2	A*30:01:01:01	A*68:02:01:01	
NA19784	m036	AMR	T1K-four-field	B	complete	1	1	1	2	B*50:01:01:01,HLA-B*50:01:01:03,HLA-B*50:01:01:05	B*42:02:01:02	
NA19784	m036	AMR	T1K-four-field	C	complete	1	1	1	2	C*17:01:01:02	C*06:02:01:02	
NA19784	m036	AMR	T1K-four-field	DRB1	complete	1	1	1	2	DRB1*08:04:01:07	DRB1*11:03:01:02	
NA19784	m036	AMR	T1K-four-field	DQB1	complete	1	1	1	2	DQB1*03:01:04:01	DQB1*03:01:01:73	
NA19785	m032	AMR	T1K-four-field	A	complete	1	1	1	2	A*02:01:01:01	A*02:01:01:01	
NA19785	m032	AMR	T1K-four-field	B	complete	1	1	0	1	B*15:01:01:01,HLA-B*15:01:01:05,HLA-B*15:01:01:30,HLA-B*15:01:01:53,HLA-B*15:01:01:58,HLA-B*15:01:84,HLA-B*15:542,HLA-B*15:632	B*52:01:02:01	
NA19785	m032	AMR	T1K-four-field	C	complete	1	1	1	2	C*03:03:01:01	C*03:03:01:01	
NA19785	m032	AMR	T1K-four-field	DRB1	complete	1	1	1	2	DRB1*04:04:01:03	DRB1*11:01:01:10	
NA19785	m032	AMR	T1K-four-field	DQB1	complete	1	1	1	2	DQB1*03:02:01:01	DQB1*03:01:01:01	
NA19786	m032	AMR	T1K-four-field	A	complete	1	1	1	2	A*24:02:01:01	A*25:01:01:01	
NA19786	m032	AMR	T1K-four-field	B	complete	1	1	1	2	B*18:01:01:02	B*35:02:01:01	
NA19786	m032	AMR	T1K-four-field	C	complete	1	1	1	2	C*12:03:01:01	C*04:01:01:06	
NA19786	m032	AMR	T1K-four-field	DRB1	complete	1	1	1	2	DRB1*15:01:01:03	DRB1*11:04:01:07	
NA19786	m032	AMR	T1K-four-field	DQB1	complete	1	1	1	2	DQB1*06:02:01:01	DQB1*03:01:01:02	
NA19787	m032	AMR	T1K-four-field	A	complete	1	1	1	2	A*25:01:01:01	A*02:01:01:01	
NA19787	m032	AMR	T1K-four-field	B	complete	1	1	1	2	B*15:01:01:01	B*18:01:01:02	
NA19787	m032	AMR	T1K-four-field	C	complete	1	1	1	2	C*03:03:01:01	C*12:03:01:01	
NA19787	m032	AMR	T1K-four-field	DRB1	complete	1	1	1	2	DRB1*15:01:01:03	DRB1*11:01:01:10	
NA19787	m032	AMR	T1K-four-field	DQB1	complete	1	1	1	2	DQB1*06:02:01:01	DQB1*03:01:01:01	
NA19788	m037	AMR	T1K-four-field	A	complete	1	1	1	2	A*74:01:01:01	A*02:01:01:01	
NA19788	m037	AMR	T1K-four-field	B	complete	1	1	1	2	B*45:01:01:01	B*82:01:01:01	
NA19788	m037	AMR	T1K-four-field	C	complete	1	1	1	2	C*03:02:02:04	C*16:01:01:01	
NA19788	m037	AMR	T1K-four-field	DRB1	complete	1	1	1	2	DRB1*11:02:01:04	DRB1*11:02:01:02	
NA19788	m037	AMR	T1K-four-field	DQB1	complete	1	1	0	1	DQB1*03:19:01:01	DQB1*03:276N	
NA19789	m037	AMR	T1K-four-field	A	complete	1	1	1	2	A*25:01:01:01	A*24:02:01:01	
NA19789	m037	AMR	T1K-four-field	B	complete	1	1	1	2	B*35:17:01:01	B*18:01:01:02	
NA19789	m037	AMR	T1K-four-field	C	complete	1	1	1	2	C*12:03:01:01	C*04:01:01:01,HLA-C*04:01:01:32	
NA19789	m037	AMR	T1K-four-field	DRB1	complete	1	1	1	2	DRB1*04:04:01:04,HLA-DRB1*04:04:01:15	DRB1*16:02:01:04	
NA19789	m037	AMR	T1K-four-field	DQB1	complete	1	1	1	2	DQB1*04:02:01:04	DQB1*03:01:01:01	
NA19790	m037	AMR	T1K-four-field	A	complete	1	1	1	2	A*25:01:01:01	A*74:01:01:01	
NA19790	m037	AMR	T1K-four-field	B	complete	1	1	1	2	B*18:01:01:02	B*82:01:01:01	
NA19790	m037	AMR	T1K-four-field	C	complete	1	1	1	2	C*03:02:02:04	C*12:03:01:01	
NA19790	m037	AMR	T1K-four-field	DRB1	complete	1	1	1	2	DRB1*11:02:01:04	DRB1*04:04:01:02,HLA-DRB1*04:04:01:04,HLA-DRB1*04:04:01:05,HLA-DRB1*04:04:01:06,HLA-DRB1*04:04:01:07,HLA-DRB1*04:04:01:14,HLA-DRB1*04:04:01:15	
NA19790	m037	AMR	T1K-four-field	DQB1	complete	1	1	1	2	DQB1*04:02:01:04	DQB1*03:01:01:16	
NA19794	m039	AMR	T1K-four-field	A	complete	1	1	1	2	A*01:01:01:09	A*02:01:01:01	
NA19794	m039	AMR	T1K-four-field	B	complete	1	1	1	2	B*51:01:01:01	B*56:01:01:02	
NA19794	m039	AMR	T1K-four-field	C	complete	1	1	1	2	C*16:02:01:01	C*01:02:01:01	
NA19794	m039	AMR	T1K-four-field	DRB1	complete	1	1	1	2	DRB1*01:01:01:01	DRB1*11:04:01:01	
NA19794	m039	AMR	T1K-four-field	DQB1	complete	1	1	1	2	DQB1*05:01:01:01	DQB1*03:01:01:01	
NA19795	m039	AMR	T1K-four-field	A	complete	1	1	1	2	A*68:01:02:01	A*02:01:01:01	
NA19795	m039	AMR	T1K-four-field	B	complete	1	1	1	2	B*48:01:01:01	B*35:17:01:01	
NA19795	m039	AMR	T1K-four-field	C	complete	1	1	1	2	C*08:01:01:01	C*04:01:01:01,HLA-C*04:01:01:32,HLA-C*04:01:01:129	
NA19795	m039	AMR	T1K-four-field	DRB1	complete	1	1	1	2	DRB1*08:02:01:01	DRB1*16:02:01:04	
NA19795	m039	AMR	T1K-four-field	DQB1	complete	1	1	1	2	DQB1*04:02:01:04	DQB1*03:01:01:01	
NA19796	m039	AMR	T1K-four-field	A	complete	1	1	1	2	A*02:01:01:01	A*02:01:01:01	
NA19796	m039	AMR	T1K-four-field	B	complete	1	1	1	2	B*35:17:01:01	B*51:01:01:01	
NA19796	m039	AMR	T1K-four-field	C	complete	1	1	1	2	C*16:02:01:01	C*04:01:01:95	
NA19796	m039	AMR	T1K-four-field	DRB1	complete	1	1	1	2	DRB1*11:04:01:01	DRB1*08:02:01:01	
NA19796	m039	AMR	T1K-four-field	DQB1	complete	1	1	1	2	DQB1*04:02:01:04	DQB1*03:01:01:01	
NA19818	2418	AFR	T1K-four-field	A	complete	1	1	1	2	A*30:01:01:01	A*36:01:01:01	
NA19818	2418	AFR	T1K-four-field	B	complete	1	1	1	2	B*42:01:01:01	B*39:10:01:01	
NA19818	2418	AFR	T1K-four-field	C	complete	1	1	1	2	C*12:03:01:01	C*17:01:01:02	
NA19818	2418	AFR	T1K-four-field	DRB1	complete	1	1	1	2	DRB1*08:04:01:07	DRB1*13:01:01:10	
NA19818	2418	AFR	T1K-four-field	DQB1	complete	1	1	1	2	DQB1*06:09:01:01	DQB1*03:01:04:01	
NA19819	2418	AFR	T1K-four-field	A	complete	1	1	1	2	A*02:01:01:01	A*68:01:01:02	
NA19819	2418	AFR	T1K-four-field	B	complete	1	1	1	2	B*40:01:02:01,HLA-B*40:01:02:62	B*58:02:01:01	
NA19819	2418	AFR	T1K-four-field	C	complete	1	1	1	2	C*03:04:01:01	C*06:02:01:01	
NA19819	2418	AFR	T1K-four-field	DRB1	complete	1	1	1	2	DRB1*01:01:01:01	DRB1*12:01:01:01	
NA19819	2418	AFR	T1K-four-field	DQB1	complete	1	1	1	2	DQB1*05:01:01:01	DQB1*05:01:01:01	
NA19828	2418	AFR	T1K-four-field	A	complete	1	1	1	2	A*36:01:01:01	A*02:01:01:01	
NA19828	2418	AFR	T1K-four-field	B	complete	1	1	1	2	B*40:01:02:01,HLA-B*40:01:02:29,HLA-B*40:01:02:62,HLA-B*40:01:02:63	B*39:10:01:01	
NA19828	2418	AFR	T1K-four-field	C	complete	1	1	1	2	C*03:04:01:01	C*12:03:01:01	
NA19828	2418	AFR	T1K-four-field	DRB1	complete	1	1	1	2	DRB1*13:01:01:10	DRB1*01:01:01:01	
NA19828	2418	AFR	T1K-four-field	DQB1	complete	1	1	1	2	DQB1*05:01:01:01	DQB1*06:09:01:01	
NA19900	2425	AFR	T1K-four-field	A	complete	1	1	1	2	A*31:04:01:02	A*23:17:01:01	
NA19900	2425	AFR	T1K-four-field	B	complete	1	1	1	2	B*42:01:01:01	B*44:03:01:01	
NA19900	2425	AFR	T1K-four-field	C	complete	1	1	1	2	C*17:01:01:02	C*02:10:01:01	
NA19900	2425	AFR	T1K-four-field	DRB1	complete	1	1	1	2	DRB1*15:03:01:01	DRB1*11:02:01:04	
NA19900	2425	AFR	T1K-four-field	DQB1	complete	1	1	1	2	DQB1*06:02:01:01	DQB1*03:19:01:01	
NA19901	2425	AFR	T1K-four-field	A	complete	1	1	1	2	A*24:02:01:01	A*74:01:01:01	
NA19901	2425	AFR	T1K-four-field	B	complete	1	1	1	2	B*39:06:02:01	B*58:02:01:01	
NA19901	2425	AFR	T1K-four-field	C	complete	1	1	1	2	C*07:02:01:01	C*06:02:01:01	
NA19901	2425	AFR	T1K-four-field	DRB1	complete	1	1	1	2	DRB1*01:01:01:01	DRB1*11:02:01:02	
NA19901	2425	AFR	T1K-four-field	DQB1	complete	1	1	1	2	DQB1*05:04:01	DQB1*03:01:01:16	
NA19902	2425	AFR	T1K-four-field	A	complete	1	1	1	2	A*23:17:01:01	A*74:01:01:01	
NA19902	2425	AFR	T1K-four-field	B	complete	1	1	1	2	B*44:03:01:01	B*58:02:01:01	
NA19902	2425	AFR	T1K-four-field	C	complete	1	1	1	2	C*02:10:01:01	C*06:02:01:01	
NA19902	2425	AFR	T1K-four-field	DRB1	complete	1	1	1	2	DRB1*15:03:01:01	DRB1*11:02:01:02	
NA19902	2425	AFR	T1K-four-field	DQB1	complete	1	1	1	2	DQB1*06:02:01:01	DQB1*03:01:01:16	
NA19904	2426	AFR	T1K-four-field	A	complete	1	1	1	2	A*02:01:01:01	A*31:01:02:01	
NA19904	2426	AFR	T1K-four-field	B	complete	1	1	1	2	B*44:02:01:01	B*35:03:01:01	
NA19904	2426	AFR	T1K-four-field	C	complete	1	1	1	2	C*05:01:01:02	C*12:03:01:01,HLA-C*12:03:01:33	
NA19904	2426	AFR	T1K-four-field	DRB1	complete	1	1	1	2	DRB1*15:01:01:01	DRB1*04:01:01:01,HLA-DRB1*04:01:01:03	
NA19904	2426	AFR	T1K-four-field	DQB1	complete	1	1	1	2	DQB1*06:02:01:01	DQB1*03:01:01:73	
NA19914	2430	AFR	T1K-four-field	A	complete	1	1	1	2	A*01:02:01:01	A*02:01:01:01	
NA19914	2430	AFR	T1K-four-field	B	complete	1	1	1	2	B*35:01:01:01	B*44:03:01:01	
NA19914	2430	AFR	T1K-four-field	C	complete	1	1	1	2	C*04:01:01:01,HLA-C*04:01:01:32,HLA-C*04:01:01:129	C*04:01:01:01,HLA-C*04:01:01:32,HLA-C*04:01:01:129	
NA19914	2430	AFR	T1K-four-field	DRB1	complete	1	1	1	2	DRB1*13:02:01:03	DRB1*07:01:01:01	
NA19914	2430	AFR	T1K-four-field	DQB1	complete	1	1	1	2	DQB1*06:09:01:01	DQB1*02:02:01:01	
NA19916	2431	AFR	T1K-four-field	A	complete	1	1	1	2	A*68:02:01:01	A*74:01:01:01	
NA19916	2431	AFR	T1K-four-field	B	complete	1	1	1	2	B*15:03:01:02	B*53:01:01:01	
NA19916	2431	AFR	T1K-four-field	C	complete	1	1	1	2	C*02:10:01:01	C*04:01:01:01	
NA19916	2431	AFR	T1K-four-field	DRB1	complete	1	1	1	2	DRB1*07:01:01:01	DRB1*03:01:01:02	
NA19916	2431	AFR	T1K-four-field	DQB1	complete	1	1	1	2	DQB1*02:02:01:01	DQB1*02:01:01:01	
NA19917	2431	AFR	T1K-four-field	A	complete	1	1	1	2	A*30:02:01:02	A*03:01:01:05	
NA19917	2431	AFR	T1K-four-field	B	complete	1	1	1	2	B*15:03:01:02	B*41:02:01:01	
NA19917	2431	AFR	T1K-four-field	C	complete	1	1	1	2	C*17:01:01:02	C*02:10:01:01	
NA19917	2431	AFR	T1K-four-field	DRB1	complete	1	1	1	2	DRB1*09:01:02:07	DRB1*01:02:01:01	
NA19917	2431	AFR	T1K-four-field	DQB1	complete	1	1	1	2	DQB1*02:02:01:02	DQB1*05:01:01:01	
NA19918	2431	AFR	T1K-four-field	A	complete	1	1	1	2	A*03:01:01:05	A*74:01:01:01	
NA19918	2431	AFR	T1K-four-field	B	complete	1	1	1	2	B*41:02:01:01	B*15:03:01:02,HLA-B*15:03:01:12	
NA19918	2431	AFR	T1K-four-field	C	complete	1	1	1	2	C*02:10:01:01	C*17:01:01:02	
NA19918	2431	AFR	T1K-four-field	DRB1	complete	1	1	1	2	DRB1*07:01:01:01	DRB1*09:01:02:07	
NA19918	2431	AFR	T1K-four-field	DQB1	complete	1	1	1	2	DQB1*02:02:01:02	DQB1*02:02:01:01	
NA19982	2436	AFR	T1K-four-field	A	complete	1	1	1	2	A*02:01:01:01	A*68:01:01:02	
NA19982	2436	AFR	T1K-four-field	B	complete	1	1	1	2	B*27:05:02:01	B*07:02:01:01,HLA-B*07:02:01:29,HLA-B*07:02:01:72,HLA-B*07:02:01:79,HLA-B*07:02:01:81,HLA-B*07:02:01:97	
NA19982	2436	AFR	T1K-four-field	C	complete	1	1	1	2	C*07:02:01:01	C*01:02:01:21,HLA-C*01:02:01:55	
NA19982	2436	AFR	T1K-four-field	DRB1	complete	1	1	1	2	DRB1*01:03:01:01	DRB1*09:01:02:06	
NA19982	2436	AFR	T1K-four-field	DQB1	complete	1	1	1	2	DQB1*02:02:01:02	DQB1*03:01:01:01	
NA19983	2436	AFR	T1K-four-field	A	complete	1	1	1	2	A*02:01:01:01	A*02:01:01:01	
NA19983	2436	AFR	T1K-four-field	B	complete	1	1	1	2	B*27:05:02:01	B*45:01:01:01	
NA19983	2436	AFR	T1K-four-field	C	complete	1	1	1	2	C*16:01:01:01	C*01:02:01:01	
NA19983	2436	AFR	T1K-four-field	DRB1	complete	1	1	1	2	DRB1*01:03:01:01	DRB1*13:02:01:01	
NA19983	2436	AFR	T1K-four-field	DQB1	complete	1	1	1	2	DQB1*03:01:01:01	DQB1*06:09:01:01	
NA20126	2446	AFR	T1K-four-field	A	complete	1	1	1	2	A*02:01:01:01	A*68:02:01:01	
NA20126	2446	AFR	T1K-four-field	B	complete	1	1	1	2	B*27:05:02:01	B*57:03:01:02	
NA20126	2446	AFR	T1K-four-field	C	complete	1	1	1	2	C*07:01:02:01	C*01:02:01:01,HLA-C*01:02:01:07	
NA20126	2446	AFR	T1K-four-field	DRB1	complete	1	1	1	2	DRB1*01:01:01:01	DRB1*12:01:01:03,HLA-DRB1*12:01:01:04,HLA-DRB1*12:01:01:06,HLA-DRB1*12:01:01:08,HLA-DRB1*12:01:01:14	
NA20126	2446	AFR	T1K-four-field	DQB1	complete	1	1	1	2	DQB1*05:01:01:01	DQB1*03:01:01:73	
NA20127	2446	AFR	T1K-four-field	A	complete	1	1	1	2	A*02:02:01:01	A*29:02:01:02	
NA20127	2446	AFR	T1K-four-field	B	complete	1	1	1	2	B*13:02:01:01	B*35:01:01:01	
NA20127	2446	AFR	T1K-four-field	C	complete	1	1	1	2	C*06:02:01:01	C*04:01:01:01	
NA20127	2446	AFR	T1K-four-field	DRB1	complete	1	1	1	2	DRB1*10:01:01:03	DRB1*01:01:01:01	
NA20127	2446	AFR	T1K-four-field	DQB1	complete	1	1	1	2	DQB1*05:01:01:01	DQB1*05:01:01:01	
NA20128	2446	AFR	T1K-four-field	A	complete	1	1	1	2	A*29:02:01:02	A*68:02:01:01	
NA20128	2446	AFR	T1K-four-field	B	complete	1	1	1	2	B*13:02:01:01	B*57:03:01:02	
NA20128	2446	AFR	T1K-four-field	C	complete	1	1	1	2	C*06:02:01:01	C*07:01:02:01	
NA20128	2446	AFR	T1K-four-field	DRB1	complete	1	1	1	2	DRB1*12:01:01:03,HLA-DRB1*12:01:01:08,HLA-DRB1*12:01:01:14	DRB1*01:01:01:01	
NA20128	2446	AFR	T1K-four-field	DQB1	complete	1	1	1	2	DQB1*05:01:01:01	DQB1*03:01:01:73	
NA20276	2466	AFR	T1K-four-field	A	complete	1	1	1	2	A*34:02:01:01	A*30:02:01:01	
NA20276	2466	AFR	T1K-four-field	B	complete	1	1	1	2	B*49:01:01:01,HLA-B*49:01:01:22	B*44:03:01:01	
NA20276	2466	AFR	T1K-four-field	C	complete	1	1	1	2	C*07:01:01:01	C*04:01:01:01,HLA-C*04:01:01:32,HLA-C*04:01:01:129	
NA20276	2466	AFR	T1K-four-field	DRB1	complete	1	1	1	2	DRB1*15:03:01:02	DRB1*08:04:01:07	
NA20276	2466	AFR	T1K-four-field	DQB1	complete	1	1	1	2	DQB1*06:02:01:01	DQB1*03:01:04:01	
NA20278	2467	AFR	T1K-four-field	A	complete	1	1	1	2	A*34:02:01:01	A*03:02:01:01	
NA20278	2467	AFR	T1K-four-field	B	complete	1	1	1	2	B*44:03:01:01	B*49:01:01:01,HLA-B*49:01:01:22	
NA20278	2467	AFR	T1K-four-field	C	complete	1	1	1	2	C*05:01:01:02	C*04:01:01:131	
NA20278	2467	AFR	T1K-four-field	DRB1	complete	1	1	1	2	DRB1*15:03:01:02	DRB1*13:03:01:01	
NA20278	2467	AFR	T1K-four-field	DQB1	complete	1	1	1	2	DQB1*06:02:01:01	DQB1*03:01:01:01	
NA20279	2467	AFR	T1K-four-field	A	complete	1	1	1	2	A*03:01:01:05	A*03:02:01:01	
NA20279	2467	AFR	T1K-four-field	B	complete	1	1	1	2	B*53:01:01:01	B*49:01:01:01	
NA20279	2467	AFR	T1K-four-field	C	complete	1	1	1	2	C*05:01:01:02	C*04:01:01:32	
NA20279	2467	AFR	T1K-four-field	DRB1	complete	1	1	1	2	DRB1*08:04:01:07	DRB1*13:03:01:01,HLA-DRB1*13:03:01:03	
NA20279	2467	AFR	T1K-four-field	DQB1	complete	1	1	1	2	DQB1*03:01:04:01	DQB1*03:01:01:73	
NA20281	2469a	AFR	T1K-four-field	A	complete	1	1	1	2	A*68:02:01:01	A*23:01:01:01	
NA20281	2469a	AFR	T1K-four-field	B	complete	1	1	1	2	B*15:17:01:01	B*53:01:01:01	
NA20281	2469a	AFR	T1K-four-field	C	complete	1	1	1	2	C*05:01:01:02	C*04:01:01:01	
NA20281	2469a	AFR	T1K-four-field	DRB1	complete	1	1	1	2	DRB1*11:01:02:04	DRB1*13:03:01:03	
NA20281	2469a	AFR	T1K-four-field	DQB1	complete	1	1	0	1	DQB1*02:02:01:01	DQB1*06:39	
NA20287	2470	AFR	T1K-four-field	A	complete	1	1	1	2	A*74:01:01:01	A*24:02:01:01	
NA20287	2470	AFR	T1K-four-field	B	complete	1	1	1	2	B*15:03:01:02	B*55:01:01:01	
NA20287	2470	AFR	T1K-four-field	C	complete	1	1	1	2	C*03:03:01:01	C*02:10:01:01	
NA20287	2470	AFR	T1K-four-field	DRB1	complete	1	1	1	2	DRB1*04:07:01:01	DRB1*11:01:02:03	
NA20287	2470	AFR	T1K-four-field	DQB1	complete	1	1	1	2	DQB1*03:19:01:01	DQB1*03:01:01:73	
NA20289	2471	AFR	T1K-four-field	A	complete	1	1	1	2	A*30:02:01:01	A*30:01:01:01	
NA20289	2471	AFR	T1K-four-field	B	complete	1	1	1	2	B*42:01:01:01	B*53:01:01:01	
NA20289	2471	AFR	T1K-four-field	C	complete	1	1	1	2	C*17:01:01:02	C*04:09L	
NA20289	2471	AFR	T1K-four-field	DRB1	complete	1	1	1	2	DRB1*08:06:01:01	DRB1*16:02:01:06	
NA20289	2471	AFR	T1K-four-field	DQB1	complete	1	1	1	2	DQB1*06:02:01:01	DQB1*05:02:01:08	
NA20291	2472	AFR	T1K-four-field	A	complete	1	1	1	2	A*30:02:01:01	A*68:01:01:02	
NA20291	2472	AFR	T1K-four-field	B	complete	1	1	0	1	B*14:01:01:01	B*58:01:01:01,HLA-B*58:01:01:06,HLA-B*58:01:01:15,HLA-B*58:01:01:17,HLA-B*58:117,HLA-B*58:120	
NA20291	2472	AFR	T1K-four-field	C	complete	1	1	1	2	C*02:10:01:05	C*08:02:01:01	
NA20291	2472	AFR	T1K-four-field	DRB1	complete	1	1	1	2	DRB1*13:02:01:14	DRB1*16:02:01:06	
NA20291	2472	AFR	T1K-four-field	DQB1	complete	1	1	1	2	DQB1*05:02:01:04	DQB1*06:09:01:01	
NA20294	2474	AFR	T1K-four-field	A	complete	1	1	1	2	A*80:01:01:02	A*02:02:01:02	
NA20294	2474	AFR	T1K-four-field	B	complete	1	1	1	2	B*45:01:01:01	B*13:02:01:07	
NA20294	2474	AFR	T1K-four-field	C	complete	1	1	1	2	C*16:01:01:01	C*08:04:01:01	
NA20294	2474	AFR	T1K-four-field	DRB1	complete	1	1	1	2	DRB1*01:02:01:01	DRB1*08:04:01:01	
NA20294	2474	AFR	T1K-four-field	DQB1	complete	1	1	1	2	DQB1*04:02:13	DQB1*05:01:01:01	
NA20296	2475	AFR	T1K-four-field	A	complete	1	1	1	2	A*29:02:01:01	A*02:01:01:01	
NA20296	2475	AFR	T1K-four-field	B	complete	1	1	1	2	B*44:03:01:01	B*58:01:01:01,HLA-B*58:01:01:16	
NA20296	2475	AFR	T1K-four-field	C	complete	1	1	1	2	C*03:02:02:01	C*16:01:01:01	
NA20296	2475	AFR	T1K-four-field	DRB1	complete	1	1	1	2	DRB1*07:01:01:01	DRB1*13:04	
NA20296	2475	AFR	T1K-four-field	DQB1	complete	1	1	1	2	DQB1*02:02:01:01	DQB1*03:19:01:01	
NA20299	2476	AFR	T1K-four-field	A	complete	1	1	1	2	A*31:01:02:01	A*02:01:01:01	
NA20299	2476	AFR	T1K-four-field	B	complete	1	1	1	2	B*35:01:01:01	B*44:05:01:01	
NA20299	2476	AFR	T1K-four-field	C	complete	1	1	1	2	C*02:02:02:01	C*04:01:01:01,HLA-C*04:01:01:32	
NA20299	2476	AFR	T1K-four-field	DRB1	complete	1	1	1	2	DRB1*04:04:01:05	DRB1*04:07:01:05	
NA20299	2476	AFR	T1K-four-field	DQB1	complete	1	1	1	2	DQB1*03:02:01:02	DQB1*03:02:01:01	
NA20314	2479	AFR	T1K-four-field	A	complete	1	1	1	2	A*31:01:02:01	A*29:02:01:02	
NA20314	2479	AFR	T1K-four-field	B	complete	1	1	1	2	B*07:02:01:01	B*51:01:01:01,HLA-B*51:01:01:23,HLA-B*51:01:01:24,HLA-B*51:01:01:25,HLA-B*51:01:01:31,HLA-B*51:01:01:53,HLA-B*51:01:01:80,HLA-B*51:01:01:83,HLA-B*51:01:01:118,HLA-B*51:01:64	
NA20314	2479	AFR	T1K-four-field	C	complete	1	1	1	2	C*07:02:01:03	C*15:02:01:01,HLA-C*15:02:01:19,HLA-C*15:02:01:31,HLA-C*15:02:01:65Q	
NA20314	2479	AFR	T1K-four-field	DRB1	complete	1	1	1	2	DRB1*15:01:01:01,HLA-DRB1*15:01:01:06,HLA-DRB1*15:01:01:25	DRB1*08:02:01:01	
NA20314	2479	AFR	T1K-four-field	DQB1	complete	1	1	1	2	DQB1*03:01:01:01	DQB1*06:02:01:01	
NA20317	2480	AFR	T1K-four-field	A	complete	1	1	1	2	A*33:03:01:01	A*68:01:01:02	
NA20317	2480	AFR	T1K-four-field	B	complete	1	1	0	0	B*58:01:01:01,HLA-B*58:01:01:06,HLA-B*58:01:01:15,HLA-B*58:117	B*58:01:01:01,HLA-B*58:01:01:06,HLA-B*58:01:01:15,HLA-B*58:117	
NA20317	2480	AFR	T1K-four-field	C	complete	1	1	1	2	C*07:18:01:01	C*07:18:01:01	
NA20317	2480	AFR	T1K-four-field	DRB1	complete	1	1	1	2	DRB1*15:03:01:02	DRB1*13:01:01:10	
NA20317	2480	AFR	T1K-four-field	DQB1	complete	1	1	1	2	DQB1*06:02:01:01	DQB1*06:09:01:01	
NA20332	2483	AFR	T1K-four-field	A	complete	1	1	1	2	A*02:02:01:01	A*03:01:01:05	
NA20332	2483	AFR	T1K-four-field	B	complete	1	1	1	2	B*53:01:01:01	B*07:02:01:01,HLA-B*07:02:01:79,HLA-B*07:02:01:81,HLA-B*07:02:01:97	
NA20332	2483	AFR	T1K-four-field	C	complete	1	1	1	2	C*07:18:01:01	C*04:01:01:01,HLA-C*04:01:01:32,HLA-C*04:01:01:129	
NA20332	2483	AFR	T1K-four-field	DRB1	complete	1	1	1	2	DRB1*13:02:01:01	DRB1*13:02:01:01	
NA20332	2483	AFR	T1K-four-field	DQB1	complete	1	1	1	2	DQB1*06:09:01:01	DQB1*06:09:01:01	
NA20334	2484	AFR	T1K-four-field	A	complete	1	1	1	2	A*02:02:01:01	A*26:01:01:01	
NA20334	2484	AFR	T1K-four-field	B	complete	1	1	1	2	B*53:01:01:01	B*07:02:01:01	
NA20334	2484	AFR	T1K-four-field	C	complete	1	1	1	2	C*04:01:01:32	C*07:02:01:03	
NA20334	2484	AFR	T1K-four-field	DRB1	complete	1	1	1	2	DRB1*01:01:01:01	DRB1*11:02:01:04	
NA20334	2484	AFR	T1K-four-field	DQB1	complete	1	1	1	2	DQB1*05:01:01:01	DQB1*03:19:01:01	
NA20340	2487	AFR	T1K-four-field	A	complete	1	1	1	2	A*30:01:01:01	A*29:02:01:01	
NA20340	2487	AFR	T1K-four-field	B	complete	1	1	1	2	B*15:16:01:02	B*44:03:01:01,HLA-B*44:03:01:04	
NA20340	2487	AFR	T1K-four-field	C	complete	1	1	1	2	C*14:02:01:02	C*16:01:01:01	
NA20340	2487	AFR	T1K-four-field	DRB1	complete	1	1	1	2	DRB1*07:01:01:01	DRB1*13:03:01:01,HLA-DRB1*13:03:01:03,HLA-DRB1*13:03:01:05	
NA20340	2487	AFR	T1K-four-field	DQB1	complete	1	1	1	2	DQB1*02:02:01:01	DQB1*02:02:01:01	
NA20342	2488	AFR	T1K-four-field	A	complete	1	1	1	2	A*02:02:01:01	A*68:01:01:02	
NA20342	2488	AFR	T1K-four-field	B	complete	1	1	1	2	B*53:01:01:01	B*53:01:01:01	
NA20342	2488	AFR	T1K-four-field	C	complete	1	1	1	2	C*04:01:01:01,HLA-C*04:01:01:32,HLA-C*04:01:01:129	C*04:01:01:01,HLA-C*04:01:01:32,HLA-C*04:01:01:129	
NA20342	2488	AFR	T1K-four-field	DRB1	complete	1	1	1	2	DRB1*13:02:01:02,HLA-DRB1*13:02:01:05,HLA-DRB1*13:02:01:07,HLA-DRB1*13:02:01:09,HLA-DRB1*13:02:01:11	DRB1*10:01:01:03	
NA20342	2488	AFR	T1K-four-field	DQB1	complete	1	1	1	2	DQB1*05:01:01:01	DQB1*06:04:01:01	
NA20348	2491	AFR	T1K-four-field	A	complete	1	1	1	2	A*33:03:01:01	A*30:01:01:01	
NA20348	2491	AFR	T1K-four-field	B	complete	1	1	1	2	B*18:01:01:02	B*42:01:01:01,HLA-B*42:01:01:02	
NA20348	2491	AFR	T1K-four-field	C	complete	1	1	1	2	C*07:04:01:01	C*17:01:01:02	
NA20348	2491	AFR	T1K-four-field	DRB1	complete	1	1	1	2	DRB1*03:02:01:01	DRB1*11:01:02:03	
NA20348	2491	AFR	T1K-four-field	DQB1	complete	1	1	1	2	DQB1*02:02:01:01	DQB1*06:02:01:01	
NA20356	2494	AFR	T1K-four-field	A	complete	1	1	1	2	A*33:01:01:01	A*68:01:01:02	
NA20356	2494	AFR	T1K-four-field	B	complete	1	1	1	2	B*07:02:01:01	B*78:01:01:02	
NA20356	2494	AFR	T1K-four-field	C	complete	1	1	1	2	C*16:01:01:01	C*07:02:01:01	
NA20356	2494	AFR	T1K-four-field	DRB1	complete	1	1	1	2	DRB1*10:01:01:03	DRB1*11:02:01:04	
NA20356	2494	AFR	T1K-four-field	DQB1	complete	1	1	1	2	DQB1*03:19:01:01	DQB1*05:01:01:01	
NA20357	2494	AFR	T1K-four-field	A	complete	1	1	1	2	A*80:01:01:02	A*23:01:01:01	
NA20357	2494	AFR	T1K-four-field	B	complete	1	1	1	2	B*07:02:01:01	B*81:01:01:01	
NA20357	2494	AFR	T1K-four-field	C	complete	1	1	1	2	C*08:04:01:01	C*07:02:01:01	
NA20357	2494	AFR	T1K-four-field	DRB1	complete	1	1	1	2	DRB1*14:54:01:12	DRB1*13:01:01:10	
NA20357	2494	AFR	T1K-four-field	DQB1	complete	1	1	1	2	DQB1*05:02:01:04	DQB1*06:09:01:01	
NA20358	2494	AFR	T1K-four-field	A	complete	1	1	1	2	A*23:01:01:01	A*33:01:01:01	
NA20358	2494	AFR	T1K-four-field	B	complete	1	1	1	2	B*81:01:01:01	B*78:01:01:02	
NA20358	2494	AFR	T1K-four-field	C	complete	1	1	1	2	C*16:01:01:01	C*08:04:01:01	
NA20358	2494	AFR	T1K-four-field	DRB1	complete	1	1	1	2	DRB1*10:01:01:03	DRB1*14:54:01:12	
NA20358	2494	AFR	T1K-four-field	DQB1	complete	1	1	1	2	DQB1*05:02:01:04	DQB1*05:01:01:01	
NA20359	2495	AFR	T1K-four-field	A	complete	1	1	1	2	A*02:01:01:01	A*01:01:01:01	
NA20359	2495	AFR	T1K-four-field	B	complete	1	1	1	2	B*53:01:01:01	B*53:01:01:01	
NA20359	2495	AFR	T1K-four-field	C	complete	1	1	0	1	C*03:02:02:01	C*04:105N	
NA20359	2495	AFR	T1K-four-field	DRB1	complete	1	1	1	2	DRB1*10:01:01:03	DRB1*13:03:01:03	
NA20359	2495	AFR	T1K-four-field	DQB1	complete	1	1	1	2	DQB1*05:01:01:01	DQB1*03:01:01:01	
NA20502	NA20502	EUR	T1K-four-field	A	complete	1	1	1	2	A*01:01:01:01	A*31:01:02:01	
NA20502	NA20502	EUR	T1K-four-field	B	complete	1	1	1	2	B*07:02:01:39	B*35:02:01:01	
NA20502	NA20502	EUR	T1K-four-field	C	complete	1	1	1	2	C*07:02:01:03	C*04:01:01:06	
NA20502	NA20502	EUR	T1K-four-field	DRB1	complete	1	1	1	2	DRB1*13:21:01:01	DRB1*11:04:01:02	
NA20502	NA20502	EUR	T1K-four-field	DQB1	complete	1	1	1	2	DQB1*06:03:01:01	DQB1*03:01:01:01	
NA20504	NA20504	EUR	T1K-four-field	A	complete	1	1	1	2	A*11:01:01:01	A*32:01:01:01	
NA20504	NA20504	EUR	T1K-four-field	B	complete	1	1	1	2	B*57:01:01:01	B*55:01:01:01,HLA-B*55:01:35	
NA20504	NA20504	EUR	T1K-four-field	C	complete	1	1	1	2	C*03:03:01:01	C*06:02:01:01,HLA-C*06:02:01:28,HLA-C*06:02:01:81,HLA-C*06:02:01:103	
NA20504	NA20504	EUR	T1K-four-field	DRB1	complete	1	1	1	2	DRB1*04:04:01:05,HLA-DRB1*04:04:01:14	DRB1*14:54:01:03,HLA-DRB1*14:54:01:06,HLA-DRB1*14:54:01:09,HLA-DRB1*14:54:01:14,HLA-DRB1*14:54:01:15	
NA20504	NA20504	EUR	T1K-four-field	DQB1	complete	1	1	1	2	DQB1*04:02:01:01	DQB1*05:03:01:01	
NA20505	NA20505	EUR	T1K-four-field	A	complete	1	1	1	2	A*32:01:01:01	A*02:01:01:01	
NA20505	NA20505	EUR	T1K-four-field	B	complete	1	1	1	2	B*57:01:01:01	B*35:03:01:03	
NA20505	NA20505	EUR	T1K-four-field	C	complete	1	1	1	2	C*06:02:01:01	C*04:01:01:01,HLA-C*04:01:01:32,HLA-C*04:01:01:129,HLA-C*04:01:01:173	
NA20505	NA20505	EUR	T1K-four-field	DRB1	complete	1	1	1	2	DRB1*07:01:01:01	DRB1*16:01:01:04	
NA20505	NA20505	EUR	T1K-four-field	DQB1	complete	1	1	1	2	DQB1*03:03:02:01	DQB1*05:02:01:01	
NA20506	NA20506	EUR	T1K-four-field	A	complete	1	1	1	2	A*02:01:01:01	A*01:01:01:01	
NA20506	NA20506	EUR	T1K-four-field	B	complete	1	1	1	2	B*18:01:01:02	B*08:01:01:01	
NA20506	NA20506	EUR	T1K-four-field	C	complete	1	1	1	2	C*12:03:01:01	C*07:01:01:01	
NA20506	NA20506	EUR	T1K-four-field	DRB1	complete	1	1	1	2	DRB1*13:01:01:02	DRB1*03:01:01:01	
NA20506	NA20506	EUR	T1K-four-field	DQB1	complete	1	1	1	2	DQB1*06:03:01:01	DQB1*02:01:01:01	
NA20508	NA20508	EUR	T1K-four-field	A	complete	1	1	1	2	A*24:02:01:01	A*01:01:01:01	
NA20508	NA20508	EUR	T1K-four-field	B	complete	1	1	1	2	B*41:02:01:05	B*57:01:01:01	
NA20508	NA20508	EUR	T1K-four-field	C	complete	1	1	1	2	C*17:03:01:01	C*06:02:01:01	
NA20508	NA20508	EUR	T1K-four-field	DRB1	complete	1	1	1	2	DRB1*13:03:01:03	DRB1*04:07:01:01,HLA-DRB1*04:07:01:02	
NA20508	NA20508	EUR	T1K-four-field	DQB1	complete	1	1	0	1	DQB1*03:01:01:73	DQB1*03:276N	
NA20509	NA20509	EUR	T1K-four-field	A	complete	1	1	1	2	A*30:01:01:01	A*68:01:01:02	
NA20509	NA20509	EUR	T1K-four-field	B	complete	1	1	1	2	B*13:02:01:01	B*51:01:01:01	
NA20509	NA20509	EUR	T1K-four-field	C	complete	1	1	1	2	C*16:02:01:01	C*06:02:01:01	
NA20509	NA20509	EUR	T1K-four-field	DRB1	complete	1	1	1	2	DRB1*08:04:01:03	DRB1*07:01:01:01	
NA20509	NA20509	EUR	T1K-four-field	DQB1	complete	1	1	1	2	DQB1*04:02:01:04	DQB1*02:02:01:01	
NA20510	NA20510	EUR	T1K-four-field	A	complete	1	1	1	2	A*02:05:01:01	A*24:02:01:01,HLA-A*24:02:01:67,HLA-A*24:02:01:134	
NA20510	NA20510	EUR	T1K-four-field	B	complete	1	1	1	2	B*55:01:01:01,HLA-B*55:01:35	B*15:17:01:01	
NA20510	NA20510	EUR	T1K-four-field	C	complete	1	1	1	2	C*01:02:01:01	C*07:01:02:01	
NA20510	NA20510	EUR	T1K-four-field	DRB1	complete	1	1	1	2	DRB1*13:02:01:02	DRB1*11:01:01:07	
NA20510	NA20510	EUR	T1K-four-field	DQB1	complete	1	1	1	2	DQB1*06:04:01:01	DQB1*03:01:01:73	
NA20512	NA20512	EUR	T1K-four-field	A	complete	1	1	1	2	A*30:04:01:01	A*24:02:01:01	
NA20512	NA20512	EUR	T1K-four-field	B	complete	1	1	1	2	B*27:05:02:01	B*51:01:01:01	
NA20512	NA20512	EUR	T1K-four-field	C	complete	1	1	1	2	C*15:02:01:01	C*02:02:02:01	
NA20512	NA20512	EUR	T1K-four-field	DRB1	complete	1	1	1	2	DRB1*15:01:01:03	DRB1*12:01:01:14	
NA20512	NA20512	EUR	T1K-four-field	DQB1	complete	1	1	1	2	DQB1*03:01:01:73	DQB1*05:02:01:01	
NA20515	NA20515	EUR	T1K-four-field	A	complete	1	1	1	2	A*03:01:01:01	A*30:02:01:01	
NA20515	NA20515	EUR	T1K-four-field	B	complete	1	1	1	2	B*07:02:01:01	B*18:01:01:01	
NA20515	NA20515	EUR	T1K-four-field	C	complete	1	1	1	2	C*07:02:01:03	C*05:01:01:01	
NA20515	NA20515	EUR	T1K-four-field	DRB1	complete	1	1	1	2	DRB1*13:02:01:03	DRB1*15:01:01:01	
NA20515	NA20515	EUR	T1K-four-field	DQB1	complete	1	1	1	2	DQB1*06:09:01:01	DQB1*06:02:01:01	
NA20516	NA20516	EUR	T1K-four-field	A	complete	1	1	1	2	A*68:01:02:01	A*02:01:01:137	
NA20516	NA20516	EUR	T1K-four-field	B	complete	1	1	1	2	B*44:02:01:01	B*35:08:01:01	
NA20516	NA20516	EUR	T1K-four-field	C	complete	1	1	1	2	C*05:01:01:02	C*04:01:01:06	
NA20516	NA20516	EUR	T1K-four-field	DRB1	complete	1	1	1	2	DRB1*11:01:01:03	DRB1*14:54:01:14,HLA-DRB1*14:54:01:15	
NA20516	NA20516	EUR	T1K-four-field	DQB1	complete	1	1	1	2	DQB1*05:03:01:01	DQB1*03:01:01:01	
NA20517	NA20517	EUR	T1K-four-field	A	complete	1	1	1	2	A*24:02:01:01	A*29:02:01:01	
NA20517	NA20517	EUR	T1K-four-field	B	complete	1	1	1	2	B*35:02:01:01	B*44:03:01:01	
NA20517	NA20517	EUR	T1K-four-field	C	complete	1	1	1	2	C*16:01:01:01	C*04:01:01:06	
NA20517	NA20517	EUR	T1K-four-field	DRB1	complete	1	1	1	2	DRB1*07:01:01:01	DRB1*11:04:01:01	
NA20517	NA20517	EUR	T1K-four-field	DQB1	complete	1	1	1	2	DQB1*03:03:02:01	DQB1*03:01:01:02	
NA20518	NA20518	EUR	T1K-four-field	A	complete	1	1	1	2	A*03:01:01:01	A*03:01:01:01	
NA20518	NA20518	EUR	T1K-four-field	B	complete	1	1	0	1	B*35:01:01:01,HLA-B*35:01:01:17,HLA-B*35:01:01:68,HLA-B*35:370,HLA-B*35:615	B*07:02:01:01	
NA20518	NA20518	EUR	T1K-four-field	C	complete	1	1	1	2	C*07:02:01:03	C*04:01:01:139	
NA20518	NA20518	EUR	T1K-four-field	DRB1	complete	1	1	1	2	DRB1*15:01:01:01,HLA-DRB1*15:01:01:06,HLA-DRB1*15:01:01:25	DRB1*07:01:01:01	
NA20518	NA20518	EUR	T1K-four-field	DQB1	complete	1	1	1	2	DQB1*02:02:01:01	DQB1*06:02:01:01	
NA20519	NA20519	EUR	T1K-four-field	A	complete	1	1	1	2	A*29:01:01:01	A*02:01:01:01	
NA20519	NA20519	EUR	T1K-four-field	B	complete	1	1	1	2	B*13:02:01:01	B*51:01:01:01,HLA-B*51:01:01:23,HLA-B*51:01:64	
NA20519	NA20519	EUR	T1K-four-field	C	complete	1	1	1	2	C*02:02:02:01	C*06:02:01:01,HLA-C*06:02:01:10	
NA20519	NA20519	EUR	T1K-four-field	DRB1	complete	1	1	1	2	DRB1*07:01:01:01	DRB1*11:01:01:07	
NA20519	NA20519	EUR	T1K-four-field	DQB1	complete	1	1	1	2	DQB1*02:02:01:01	DQB1*03:01:01:01	
NA20520	NA20520	EUR	T1K-four-field	A	complete	1	1	1	2	A*30:01:01:01	A*02:01:01:01	
NA20520	NA20520	EUR	T1K-four-field	B	complete	1	1	1	2	B*18:01:01:01	B*35:01:01:01	
NA20520	NA20520	EUR	T1K-four-field	C	complete	1	1	0	1	C*05:37	C*04:01:01:06	
NA20520	NA20520	EUR	T1K-four-field	DRB1	complete	1	1	1	2	DRB1*14:01:01:02	DRB1*03:01:01:02	
NA20520	NA20520	EUR	T1K-four-field	DQB1	complete	1	1	1	2	DQB1*05:03:01:01	DQB1*02:01:01:01	
NA20521	NA20521	EUR	T1K-four-field	A	complete	1	1	1	2	A*23:01:01:01	A*26:01:01:01	
NA20521	NA20521	EUR	T1K-four-field	B	complete	1	1	1	2	B*49:01:01:01	B*14:01:01:01	
NA20521	NA20521	EUR	T1K-four-field	C	complete	1	1	1	2	C*08:02:01:01	C*07:01:01:01	
NA20521	NA20521	EUR	T1K-four-field	DRB1	complete	1	1	1	2	DRB1*07:01:01:01	DRB1*11:01:01:16	
NA20521	NA20521	EUR	T1K-four-field	DQB1	complete	1	1	1	2	DQB1*02:02:01:01	DQB1*03:01:01:01	
NA20522	NA20522	EUR	T1K-four-field	A	complete	1	1	1	2	A*24:02:01:04	A*24:02:01:01	
NA20522	NA20522	EUR	T1K-four-field	B	complete	1	1	1	2	B*35:03:01:01	B*39:01:01:02L	
NA20522	NA20522	EUR	T1K-four-field	C	complete	1	1	1	2	C*12:03:01:01	C*12:03:01:01	
NA20522	NA20522	EUR	T1K-four-field	DRB1	complete	1	1	1	2	DRB1*07:01:01:01	DRB1*04:04:01:03,HLA-DRB1*04:04:01:04,HLA-DRB1*04:04:01:05,HLA-DRB1*04:04:01:06,HLA-DRB1*04:04:01:07,HLA-DRB1*04:04:01:15	
NA20522	NA20522	EUR	T1K-four-field	DQB1	complete	1	1	1	2	DQB1*02:02:01:01	DQB1*03:02:01:01	
NA20524	NA20524	EUR	T1K-four-field	A	complete	1	1	1	2	A*23:01:01:01	A*11:01:01:01	
NA20524	NA20524	EUR	T1K-four-field	B	complete	1	1	1	2	B*44:03:01:01	B*49:01:01:01	
NA20524	NA20524	EUR	T1K-four-field	C	complete	1	1	1	2	C*07:01:01:01	C*04:01:01:01,HLA-C*04:01:01:32	
NA20524	NA20524	EUR	T1K-four-field	DRB1	complete	1	1	1	2	DRB1*08:03:02:03	DRB1*07:01:01:01	
NA20524	NA20524	EUR	T1K-four-field	DQB1	complete	1	1	1	2	DQB1*02:02:01:01	DQB1*03:01:01:07	
NA20525	NA20525	EUR	T1K-four-field	A	complete	1	1	1	2	A*26:01:01:01	A*01:01:01:01	
NA20525	NA20525	EUR	T1K-four-field	B	complete	1	1	1	2	B*08:01:01:01	B*51:01:01:01	
NA20525	NA20525	EUR	T1K-four-field	C	complete	1	1	1	2	C*07:01:01:01	C*14:02:01:01	
NA20525	NA20525	EUR	T1K-four-field	DRB1	complete	1	1	1	2	DRB1*03:01:01:02	DRB1*14:54:01:09	
NA20525	NA20525	EUR	T1K-four-field	DQB1	complete	1	1	1	2	DQB1*05:03:01:07	DQB1*02:01:01:01	
NA20527	NA20527	EUR	T1K-four-field	A	complete	1	1	1	2	A*29:01:01:01	A*68:01:01:02	
NA20527	NA20527	EUR	T1K-four-field	B	complete	1	1	1	2	B*07:05:01:01	B*07:02:01:54	
NA20527	NA20527	EUR	T1K-four-field	C	complete	1	1	1	2	C*15:05:02:01	C*07:02:01:03	
NA20527	NA20527	EUR	T1K-four-field	DRB1	complete	1	1	1	2	DRB1*15:01:01:03	DRB1*03:01:01:03	
NA20527	NA20527	EUR	T1K-four-field	DQB1	complete	1	1	1	2	DQB1*02:01:01:01	DQB1*06:02:01:01	
NA20528	NA20528	EUR	T1K-four-field	A	complete	1	1	1	2	A*23:01:01:01	A*02:01:01:01	
NA20528	NA20528	EUR	T1K-four-field	B	complete	1	1	1	2	B*44:03:01:01	B*41:02:01:01	
NA20528	NA20528	EUR	T1K-four-field	C	complete	1	1	1	2	C*17:03:01:01	C*04:01:01:01,HLA-C*04:01:01:26,HLA-C*04:01:01:32,HLA-C*04:01:01:88,HLA-C*04:01:01:129,HLA-C*04:01:01:142,HLA-C*04:01:01:173	
NA20528	NA20528	EUR	T1K-four-field	DRB1	complete	1	1	1	2	DRB1*07:01:01:01	DRB1*11:04:01:09	
NA20528	NA20528	EUR	T1K-four-field	DQB1	complete	1	1	1	2	DQB1*02:02:01:01	DQB1*03:01:01:33	
NA20529	NA20529	EUR	T1K-four-field	A	complete	1	1	1	2	A*30:01:01:01	A*02:01:01:01	
NA20529	NA20529	EUR	T1K-four-field	B	complete	1	1	1	2	B*15:01:01:01	B*55:01:01:01,HLA-B*55:01:35	
NA20529	NA20529	EUR	T1K-four-field	C	complete	1	1	1	2	C*03:03:01:01	C*03:03:01:01	
NA20529	NA20529	EUR	T1K-four-field	DRB1	complete	1	1	1	2	DRB1*14:54:01:14	DRB1*14:54:01:09	
NA20529	NA20529	EUR	T1K-four-field	DQB1	complete	1	1	1	2	DQB1*05:03:01:01	DQB1*05:03:01:01	
NA20530	NA20530	EUR	T1K-four-field	A	complete	1	1	1	2	A*03:01:01:01	A*30:01:01:01	
NA20530	NA20530	EUR	T1K-four-field	B	complete	1	1	1	2	B*07:02:01:01	B*13:02:01:01	
NA20530	NA20530	EUR	T1K-four-field	C	complete	1	1	1	2	C*07:02:01:03	C*06:02:01:01	
NA20530	NA20530	EUR	T1K-four-field	DRB1	complete	1	1	1	2	DRB1*01:01:01:01	DRB1*03:01:01:03	
NA20530	NA20530	EUR	T1K-four-field	DQB1	complete	1	1	1	2	DQB1*02:01:01:01	DQB1*05:01:01:01	
NA20531	NA20531	EUR	T1K-four-field	A	complete	1	1	1	2	A*02:01:01:01	A*02:01:01:01	
NA20531	NA20531	EUR	T1K-four-field	B	complete	1	1	0	1	B*44:02:01:01	B*35:01:01:01,HLA-B*35:370,HLA-B*35:615	
NA20531	NA20531	EUR	T1K-four-field	C	complete	1	1	1	2	C*04:01:01:05	C*05:01:01:02	
NA20531	NA20531	EUR	T1K-four-field	DRB1	complete	1	1	1	2	DRB1*08:01:01:01	DRB1*03:01:01:02	
NA20531	NA20531	EUR	T1K-four-field	DQB1	complete	1	1	1	2	DQB1*02:01:01:01	DQB1*04:02:01:04	
NA20534	NA20534	EUR	T1K-four-field	A	complete	1	1	1	2	A*11:01:01:01	A*03:01:01:01	
NA20534	NA20534	EUR	T1K-four-field	B	complete	1	1	1	2	B*27:05:02:01	B*15:01:01:01	
NA20534	NA20534	EUR	T1K-four-field	C	complete	1	1	1	2	C*03:03:01:01	C*01:02:01:01	
NA20534	NA20534	EUR	T1K-four-field	DRB1	complete	1	1	1	2	DRB1*08:01:01:01	DRB1*13:01:01:01	
NA20534	NA20534	EUR	T1K-four-field	DQB1	complete	1	1	1	2	DQB1*04:02:01:04	DQB1*06:03:01:01	
NA20535	NA20535	EUR	T1K-four-field	A	complete	1	1	1	2	A*03:01:01:01	A*23:01:01:01	
NA20535	NA20535	EUR	T1K-four-field	B	complete	1	1	0	1	B*07:02:01:01	B*51:01:01:01,HLA-B*51:01:01:35,HLA-B*51:01:01:38,HLA-B*51:01:01:97Q,HLA-B*51:01:80,HLA-B*51:01:87,HLA-B*51:230:01:01,HLA-B*51:260,HLA-B*51:289,HLA-B*51:343	
NA20535	NA20535	EUR	T1K-four-field	C	complete	1	1	1	2	C*14:02:01:01	C*07:02:01:03	
NA20535	NA20535	EUR	T1K-four-field	DRB1	complete	1	1	1	2	DRB1*08:02:01:03	DRB1*14:54:01:09,HLA-DRB1*14:54:01:14,HLA-DRB1*14:54:01:15	
NA20535	NA20535	EUR	T1K-four-field	DQB1	complete	1	1	1	2	DQB1*05:03:01:01	DQB1*04:02:01:04	
NA20538	NA20538	EUR	T1K-four-field	A	complete	1	1	1	2	A*02:01:01:01	A*02:01:01:01	
NA20538	NA20538	EUR	T1K-four-field	B	complete	1	1	1	2	B*44:02:01:01	B*51:01:01:01	
NA20538	NA20538	EUR	T1K-four-field	C	complete	1	1	1	2	C*15:02:01:01	C*12:03:01:01	
NA20538	NA20538	EUR	T1K-four-field	DRB1	complete	1	1	1	2	DRB1*13:01:01:01	DRB1*11:04:01:03	
NA20538	NA20538	EUR	T1K-four-field	DQB1	complete	1	1	1	2	DQB1*06:03:01:01	DQB1*03:01:01:73	
NA20539	NA20539	EUR	T1K-four-field	A	complete	1	1	1	2	A*33:03:01:01	A*03:01:01:01	
NA20539	NA20539	EUR	T1K-four-field	B	complete	1	1	1	2	B*07:02:01:01	B*58:01:01:01,HLA-B*58:01:01:06	
NA20539	NA20539	EUR	T1K-four-field	C	complete	1	1	1	2	C*03:02:02:01	C*07:02:01:03	
NA20539	NA20539	EUR	T1K-four-field	DRB1	complete	1	1	1	2	DRB1*13:02:01:03	DRB1*15:01:01:01	
NA20539	NA20539	EUR	T1K-four-field	DQB1	complete	1	1	1	2	DQB1*06:09:01:01	DQB1*06:02:01:01	
NA20540	NA20540	EUR	T1K-four-field	A	complete	1	1	1	2	A*32:01:01:09	A*24:02:01:01	
NA20540	NA20540	EUR	T1K-four-field	B	complete	1	1	1	2	B*44:02:01:01	B*51:01:01:21	
NA20540	NA20540	EUR	T1K-four-field	C	complete	1	1	1	2	C*15:02:01:01	C*07:01:01:01	
NA20540	NA20540	EUR	T1K-four-field	DRB1	complete	1	1	1	2	DRB1*11:04:01:03	DRB1*04:01:01:05,HLA-DRB1*04:01:01:06	
NA20540	NA20540	EUR	T1K-four-field	DQB1	complete	1	1	1	2	DQB1*03:02:01:01	DQB1*03:01:01:73	
NA20541	NA20541	EUR	T1K-four-field	A	complete	1	1	1	2	A*01:01:01:01	A*02:01:01:01	
NA20541	NA20541	EUR	T1K-four-field	B	complete	1	1	1	2	B*08:01:01:01	B*35:03:01:03	
NA20541	NA20541	EUR	T1K-four-field	C	complete	1	1	1	2	C*07:01:01:01	C*04:01:01:01,HLA-C*04:01:01:22,HLA-C*04:01:01:165,HLA-C*04:01:01:167,HLA-C*04:01:01:169,HLA-C*04:01:01:172	
NA20541	NA20541	EUR	T1K-four-field	DRB1	complete	1	1	1	2	DRB1*03:01:01:01	DRB1*15:01:01:03	
NA20541	NA20541	EUR	T1K-four-field	DQB1	complete	1	1	1	2	DQB1*06:02:01:01	DQB1*02:01:01:01	
NA20542	NA20542	EUR	T1K-four-field	A	complete	1	1	1	2	A*33:01:01:01	A*03:01:01:01	
NA20542	NA20542	EUR	T1K-four-field	B	complete	1	1	1	2	B*14:02:01:01	B*07:02:01:01	
NA20542	NA20542	EUR	T1K-four-field	C	complete	1	1	1	2	C*07:02:01:03	C*08:02:01:01	
NA20542	NA20542	EUR	T1K-four-field	DRB1	complete	1	1	1	2	DRB1*01:02:01:02	DRB1*14:54:01:14	
NA20542	NA20542	EUR	T1K-four-field	DQB1	complete	1	1	1	2	DQB1*05:03:01:01	DQB1*05:01:01:01	
NA20543	NA20543	EUR	T1K-four-field	A	complete	1	1	1	2	A*01:01:01:01	A*32:01:01:01	
NA20543	NA20543	EUR	T1K-four-field	B	complete	1	1	1	2	B*08:01:01:01	B*53:01:01:01	
NA20543	NA20543	EUR	T1K-four-field	C	complete	1	1	1	2	C*07:01:01:01	C*04:01:01:06	
NA20543	NA20543	EUR	T1K-four-field	DRB1	complete	1	1	1	2	DRB1*13:02:01:03	DRB1*03:01:01:01	
NA20543	NA20543	EUR	T1K-four-field	DQB1	complete	1	1	1	2	DQB1*06:09:01:01	DQB1*02:01:01:01	
NA20544	NA20544	EUR	T1K-four-field	A	complete	1	1	1	2	A*33:01:01:01	A*02:01:01:01	
NA20544	NA20544	EUR	T1K-four-field	B	complete	1	1	1	2	B*14:02:01:01	B*44:02:01:35	
NA20544	NA20544	EUR	T1K-four-field	C	complete	1	1	1	2	C*08:02:01:01	C*05:01:01:01	
NA20544	NA20544	EUR	T1K-four-field	DRB1	complete	1	1	1	2	DRB1*01:01:01:01	DRB1*11:01:01:10	
NA20544	NA20544	EUR	T1K-four-field	DQB1	complete	1	1	1	2	DQB1*05:01:01:01	DQB1*03:01:01:01	
NA20581	NA20581	EUR	T1K-four-field	A	complete	1	1	1	2	A*02:01:01:01	A*24:02:01:01	
NA20581	NA20581	EUR	T1K-four-field	B	complete	1	1	1	2	B*57:01:01:01	B*51:01:01:01	
NA20581	NA20581	EUR	T1K-four-field	C	complete	1	1	1	2	C*14:02:01:01	C*06:02:01:01	
NA20581	NA20581	EUR	T1K-four-field	DRB1	complete	1	1	1	2	DRB1*07:01:01:01	DRB1*11:01:01:01	
NA20581	NA20581	EUR	T1K-four-field	DQB1	complete	1	1	1	2	DQB1*03:03:02:01	DQB1*03:01:01:73	
NA20582	NA20582	EUR	T1K-four-field	A	complete	1	1	1	2	A*11:01:01:01	A*24:02:01:01	
NA20582	NA20582	EUR	T1K-four-field	B	complete	1	1	1	2	B*38:01:01:01	B*55:01:01:01,HLA-B*55:01:35	
NA20582	NA20582	EUR	T1K-four-field	C	complete	1	1	1	2	C*03:03:01:01	C*12:03:01:01	
NA20582	NA20582	EUR	T1K-four-field	DRB1	complete	1	1	1	2	DRB1*10:01:01:03	DRB1*13:01:01:02	
NA20582	NA20582	EUR	T1K-four-field	DQB1	complete	1	1	1	2	DQB1*06:03:01:01	DQB1*06:03:01:01	
NA20585	NA20585	EUR	T1K-four-field	A	complete	1	1	1	2	A*03:01:01:01	A*24:02:01:01	
NA20585	NA20585	EUR	T1K-four-field	B	complete	1	1	1	2	B*07:02:01:01	B*07:02:01:01	
NA20585	NA20585	EUR	T1K-four-field	C	complete	1	1	1	2	C*07:02:01:03	C*07:02:01:03	
NA20585	NA20585	EUR	T1K-four-field	DRB1	complete	1	1	1	2	DRB1*13:01:01:17,HLA-DRB1*13:01:01:21	DRB1*15:01:01:03	
NA20585	NA20585	EUR	T1K-four-field	DQB1	complete	1	1	1	2	DQB1*06:02:01:01	DQB1*06:03:01:01,HLA-DQB1*06:03:01:10	
NA20586	NA20586	EUR	T1K-four-field	A	complete	1	1	1	2	A*11:01:01:01	A*25:01:01:01	
NA20586	NA20586	EUR	T1K-four-field	B	complete	1	1	1	2	B*18:01:01:02,HLA-B*18:01:01:32,HLA-B*18:01:01:95,HLA-B*18:01:26	B*08:01:01:01	
NA20586	NA20586	EUR	T1K-four-field	C	complete	1	1	1	2	C*07:01:01:01	C*12:03:01:01	
NA20586	NA20586	EUR	T1K-four-field	DRB1	complete	1	1	1	2	DRB1*03:01:01:01	DRB1*13:01:01:12,HLA-DRB1*13:01:01:20	
NA20586	NA20586	EUR	T1K-four-field	DQB1	complete	1	1	1	2	DQB1*02:01:01:01	DQB1*06:03:01:01	
NA20588	NA20588	EUR	T1K-four-field	A	complete	1	1	1	2	A*01:01:01:01	A*02:01:01:01	
NA20588	NA20588	EUR	T1K-four-field	B	complete	1	1	1	2	B*08:01:01:01	B*51:01:01:01,HLA-B*51:01:01:23,HLA-B*51:01:01:24,HLA-B*51:01:01:25,HLA-B*51:01:01:31,HLA-B*51:01:01:53,HLA-B*51:01:01:80,HLA-B*51:01:64	
NA20588	NA20588	EUR	T1K-four-field	C	complete	1	1	1	2	C*02:02:02:01	C*07:01:01:01	
NA20588	NA20588	EUR	T1K-four-field	DRB1	complete	1	1	1	2	DRB1*03:01:01:01	DRB1*11:01:01:05	
NA20588	NA20588	EUR	T1K-four-field	DQB1	complete	1	1	1	2	DQB1*02:01:01:01	DQB1*03:01:01:73	
NA20589	NA20589	EUR	T1K-four-field	A	complete	1	1	1	2	A*01:01:01:01	A*02:01:01:01,HLA-A*02:01:01:27,HLA-A*02:01:01:75	
NA20589	NA20589	EUR	T1K-four-field	B	complete	1	1	1	2	B*18:01:01:01	B*35:03:01:03	
NA20589	NA20589	EUR	T1K-four-field	C	complete	1	1	1	2	C*05:01:01:01	C*04:01:01:01	
NA20589	NA20589	EUR	T1K-four-field	DRB1	complete	1	1	1	2	DRB1*01:02:01:02	DRB1*03:01:01:02	
NA20589	NA20589	EUR	T1K-four-field	DQB1	complete	1	1	1	2	DQB1*05:01:01:01	DQB1*02:01:01:01	
NA20753	NA20753	EUR	T1K-four-field	A	complete	1	1	1	2	A*32:01:01:01	A*30:01:01:01	
NA20753	NA20753	EUR	T1K-four-field	B	complete	1	1	1	2	B*13:02:01:01	B*35:02:01:01	
NA20753	NA20753	EUR	T1K-four-field	C	complete	1	1	1	2	C*04:01:01:06	C*06:02:01:01,HLA-C*06:02:01:10	
NA20753	NA20753	EUR	T1K-four-field	DRB1	complete	1	1	1	2	DRB1*07:01:01:01	DRB1*11:04:01:01,HLA-DRB1*11:04:01:03,HLA-DRB1*11:04:01:06,HLA-DRB1*11:04:01:07,HLA-DRB1*11:04:01:09	
NA20753	NA20753	EUR	T1K-four-field	DQB1	complete	1	1	1	2	DQB1*02:02:01:01	DQB1*03:01:01:73	
NA20754	NA20754	EUR	T1K-four-field	A	complete	1	1	1	2	A*33:03:01:01	A*11:01:01:01	
NA20754	NA20754	EUR	T1K-four-field	B	complete	1	1	0	1	B*35:01:01:01	B*58:01:01:01,HLA-B*58:01:01:17,HLA-B*58:120	
NA20754	NA20754	EUR	T1K-four-field	C	complete	1	1	1	2	C*03:02:02:02	C*04:01:01:06	
NA20754	NA20754	EUR	T1K-four-field	DRB1	complete	1	1	1	2	DRB1*13:02:01:03	DRB1*11:01:01:10	
NA20754	NA20754	EUR	T1K-four-field	DQB1	complete	1	1	1	2	DQB1*06:09:01:01	DQB1*03:01:01:42	
NA20755	NA20755	EUR	T1K-four-field	A	complete	1	1	1	2	A*66:01:01:01	A*24:02:01:01	
NA20755	NA20755	EUR	T1K-four-field	B	complete	1	1	1	2	B*44:03:01:01	B*41:02:01:01	
NA20755	NA20755	EUR	T1K-four-field	C	complete	1	1	1	2	C*17:03:01:01	C*04:01:01:01,HLA-C*04:01:01:32	
NA20755	NA20755	EUR	T1K-four-field	DRB1	complete	1	1	1	2	DRB1*03:01:01:02	DRB1*11:04:01:01,HLA-DRB1*11:04:01:03,HLA-DRB1*11:04:01:09	
NA20755	NA20755	EUR	T1K-four-field	DQB1	complete	1	1	1	2	DQB1*02:01:01:01	DQB1*03:01:01:33	
NA20756	NA20756	EUR	T1K-four-field	A	complete	1	1	1	2	A*23:01:01:01	A*02:01:01:01	
NA20756	NA20756	EUR	T1K-four-field	B	complete	1	1	1	2	B*49:01:01:01,HLA-B*49:01:01:22	B*51:01:01:01,HLA-B*51:01:01:23,HLA-B*51:01:64	
NA20756	NA20756	EUR	T1K-four-field	C	complete	1	1	1	2	C*07:01:01:01	C*14:02:01:01	
NA20756	NA20756	EUR	T1K-four-field	DRB1	complete	1	1	1	2	DRB1*08:01:01:01	DRB1*01:01:01:01	
NA20756	NA20756	EUR	T1K-four-field	DQB1	complete	1	1	1	2	DQB1*04:02:01:04	DQB1*05:04:01	
NA20757	NA20757	EUR	T1K-four-field	A	complete	1	1	1	2	A*30:02:01:01	A*02:01:01:01	
NA20757	NA20757	EUR	T1K-four-field	B	complete	1	1	1	2	B*18:01:01:01,HLA-B*18:01:01:85	B*38:01:01:01	
NA20757	NA20757	EUR	T1K-four-field	C	complete	1	1	1	2	C*05:01:01:01,HLA-C*05:01:01:22	C*12:03:01:01	
NA20757	NA20757	EUR	T1K-four-field	DRB1	complete	1	1	1	2	DRB1*07:01:01:01	DRB1*04:01:01:06	
NA20757	NA20757	EUR	T1K-four-field	DQB1	complete	1	1	1	2	DQB1*03:02:01:01	DQB1*02:02:01:01	
NA20758	NA20758	EUR	T1K-four-field	A	complete	1	1	1	2	A*24:02:01:02L	A*01:01:01:01	
NA20758	NA20758	EUR	T1K-four-field	B	complete	1	1	1	2	B*08:01:01:01	B*55:01:01:01	
NA20758	NA20758	EUR	T1K-four-field	C	complete	1	1	1	2	C*07:01:01:01	C*01:02:01:01,HLA-C*01:02:01:07	
NA20758	NA20758	EUR	T1K-four-field	DRB1	complete	1	1	1	2	DRB1*03:01:01:01	DRB1*13:01:01:02	
NA20758	NA20758	EUR	T1K-four-field	DQB1	complete	1	1	1	2	DQB1*02:01:01:01	DQB1*06:03:01:01	
NA20759	NA20759	EUR	T1K-four-field	A	complete	1	1	1	2	A*03:01:01:01	A*02:01:01:01	
NA20759	NA20759	EUR	T1K-four-field	B	complete	1	1	1	2	B*44:03:01:01,HLA-B*44:03:01:14	B*18:01:01:02,HLA-B*18:01:01:60	
NA20759	NA20759	EUR	T1K-four-field	C	complete	1	1	1	2	C*07:01:01:01	C*16:01:01:01	
NA20759	NA20759	EUR	T1K-four-field	DRB1	complete	1	1	1	2	DRB1*16:01:01:01,HLA-DRB1*16:01:01:02	DRB1*12:01:01:03	
NA20759	NA20759	EUR	T1K-four-field	DQB1	complete	1	1	1	2	DQB1*05:02:01:01	DQB1*03:01:01:73	
NA20760	NA20760	EUR	T1K-four-field	A	complete	1	1	1	2	A*24:02:01:01,HLA-A*24:02:01:67,HLA-A*24:02:01:74,HLA-A*24:02:01:134	A*01:01:01:01	
NA20760	NA20760	EUR	T1K-four-field	B	complete	1	1	1	2	B*57:01:01:01	B*15:01:01:01,HLA-B*15:01:01:06,HLA-B*15:01:01:15,HLA-B*15:01:01:33	
NA20760	NA20760	EUR	T1K-four-field	C	complete	1	1	1	2	C*06:02:01:01	C*03:03:01:01	
NA20760	NA20760	EUR	T1K-four-field	DRB1	complete	1	1	1	2	DRB1*07:01:01:01	DRB1*04:04:01:04,HLA-DRB1*04:04:01:07,HLA-DRB1*04:04:01:15	
NA20760	NA20760	EUR	T1K-four-field	DQB1	complete	1	1	1	2	DQB1*03:02:01:02	DQB1*03:03:02:01	
NA20761	NA20761	EUR	T1K-four-field	A	complete	1	1	1	2	A*03:01:01:01	A*32:01:01:01	
NA20761	NA20761	EUR	T1K-four-field	B	complete	1	1	1	2	B*15:17:01:01	B*51:01:01:01,HLA-B*51:01:01:108	
NA20761	NA20761	EUR	T1K-four-field	C	complete	1	1	1	2	C*02:02:02:01	C*07:01:02:01	
NA20761	NA20761	EUR	T1K-four-field	DRB1	complete	1	1	1	2	DRB1*01:01:01:01	DRB1*13:02:01:05,HLA-DRB1*13:02:01:09	
NA20761	NA20761	EUR	T1K-four-field	DQB1	complete	1	1	1	2	DQB1*05:01:01:01	DQB1*06:04:01:01	
NA20765	NA20765	EUR	T1K-four-field	A	complete	1	1	1	2	A*11:01:01:01	A*24:02:01:01	
NA20765	NA20765	EUR	T1K-four-field	B	complete	1	1	1	2	B*55:01:01:01	B*58:01:01:01,HLA-B*58:01:01:17	
NA20765	NA20765	EUR	T1K-four-field	C	complete	1	1	1	2	C*03:04:01:01	C*07:18:01:01	
NA20765	NA20765	EUR	T1K-four-field	DRB1	complete	1	1	1	2	DRB1*04:02:01	DRB1*08:04:01:03	
NA20765	NA20765	EUR	T1K-four-field	DQB1	complete	1	1	1	2	DQB1*04:02:01:04	DQB1*03:02:01:01	
NA20766	NA20766	EUR	T1K-four-field	A	complete	1	1	1	2	A*01:01:01:01	A*24:02:01:01	
NA20766	NA20766	EUR	T1K-four-field	B	complete	1	1	1	2	B*35:02:01:01	B*51:01:01:01	
NA20766	NA20766	EUR	T1K-four-field	C	complete	1	1	1	2	C*04:01:01:06	C*15:02:01:01	
NA20766	NA20766	EUR	T1K-four-field	DRB1	complete	1	1	1	2	DRB1*13:02:01:02	DRB1*11:04:01:07	
NA20766	NA20766	EUR	T1K-four-field	DQB1	complete	1	1	1	2	DQB1*06:04:01:01	DQB1*03:01:01:02	
NA20768	NA20768	EUR	T1K-four-field	A	complete	1	1	1	2	A*01:01:01:01	A*02:01:01:01	
NA20768	NA20768	EUR	T1K-four-field	B	complete	1	1	1	2	B*44:03:01:01	B*18:01:01:02,HLA-B*18:01:26	
NA20768	NA20768	EUR	T1K-four-field	C	complete	1	1	1	2	C*07:01:01:01	C*04:01:01:01,HLA-C*04:01:01:32,HLA-C*04:01:01:129	
NA20768	NA20768	EUR	T1K-four-field	DRB1	complete	1	1	1	2	DRB1*07:01:01:01	DRB1*11:04:01:06	
NA20768	NA20768	EUR	T1K-four-field	DQB1	complete	1	1	1	2	DQB1*02:02:01:01	DQB1*03:01:01:01	
NA20769	NA20769	EUR	T1K-four-field	A	complete	1	1	1	2	A*03:01:01:01	A*02:01:01:01	
NA20769	NA20769	EUR	T1K-four-field	B	complete	1	1	1	2	B*15:01:01:01	B*58:01:01:01	
NA20769	NA20769	EUR	T1K-four-field	C	complete	1	1	1	2	C*07:18:01:01	C*03:03:01:01	
NA20769	NA20769	EUR	T1K-four-field	DRB1	complete	1	1	1	2	DRB1*13:01:01:03	DRB1*08:04:01:01	
NA20769	NA20769	EUR	T1K-four-field	DQB1	complete	1	1	1	2	DQB1*04:02:01:04	DQB1*06:03:01:01,HLA-DQB1*06:03:01:10	
NA20770	NA20770	EUR	T1K-four-field	A	complete	1	1	1	2	A*02:01:01:01	A*02:01:01:01	
NA20770	NA20770	EUR	T1K-four-field	B	complete	1	1	1	2	B*51:01:01:01	B*50:01:01:01	
NA20770	NA20770	EUR	T1K-four-field	C	complete	1	1	1	2	C*06:02:01:02	C*15:02:01:01	
NA20770	NA20770	EUR	T1K-four-field	DRB1	complete	1	1	1	2	DRB1*07:01:01:01	DRB1*12:01:01:14	
NA20770	NA20770	EUR	T1K-four-field	DQB1	complete	1	1	1	2	DQB1*02:02:01:01	DQB1*03:01:01:73	
NA20771	NA20771	EUR	T1K-four-field	A	complete	1	1	1	2	A*30:01:01:01	A*01:01:01:01	
NA20771	NA20771	EUR	T1K-four-field	B	complete	1	1	1	2	B*13:02:01:01	B*57:01:01:01	
NA20771	NA20771	EUR	T1K-four-field	C	complete	1	1	1	2	C*06:02:01:01	C*06:02:01:01	
NA20771	NA20771	EUR	T1K-four-field	DRB1	complete	1	1	1	2	DRB1*12:01:01:03	DRB1*15:01:01:01	
NA20771	NA20771	EUR	T1K-four-field	DQB1	complete	1	1	1	2	DQB1*06:02:01:01	DQB1*03:01:01:73	
NA20772	NA20772	EUR	T1K-four-field	A	complete	1	1	1	2	A*31:01:02:01	A*33:03:01:01	
NA20772	NA20772	EUR	T1K-four-field	B	complete	1	1	1	2	B*51:01:01:01,HLA-B*51:01:01:23,HLA-B*51:01:01:24,HLA-B*51:01:01:25,HLA-B*51:01:01:31,HLA-B*51:01:01:53,HLA-B*51:01:01:80,HLA-B*51:01:01:83,HLA-B*51:01:01:118,HLA-B*51:01:64	B*40:01:02:01,HLA-B*40:01:02:62	
NA20772	NA20772	EUR	T1K-four-field	C	complete	1	1	1	2	C*03:04:01:01	C*04:01:01:01,HLA-C*04:01:01:32,HLA-C*04:01:01:129	
NA20772	NA20772	EUR	T1K-four-field	DRB1	complete	1	1	1	2	DRB1*04:04:01:04,HLA-DRB1*04:04:01:15	DRB1*04:07:01:01	
NA20772	NA20772	EUR	T1K-four-field	DQB1	complete	1	1	1	2	DQB1*03:02:01:01	DQB1*03:01:01:73	
NA20773	NA20773	EUR	T1K-four-field	A	complete	1	1	1	2	A*26:01:01:01	A*02:01:01:01	
NA20773	NA20773	EUR	T1K-four-field	B	complete	1	1	1	2	B*49:01:01:01	B*49:01:01:01	
NA20773	NA20773	EUR	T1K-four-field	C	complete	1	1	1	2	C*07:01:01:01	C*07:01:01:01	
NA20773	NA20773	EUR	T1K-four-field	DRB1	complete	1	1	1	2	DRB1*03:01:01:01	DRB1*08:01:01:01	
NA20773	NA20773	EUR	T1K-four-field	DQB1	complete	1	1	1	2	DQB1*02:01:01:01	DQB1*04:02:01:04	
NA20774	NA20774	EUR	T1K-four-field	A	complete	1	1	1	2	A*23:01:01:01	A*02:01:01:01	
NA20774	NA20774	EUR	T1K-four-field	B	complete	1	1	1	2	B*50:01:01:01	B*51:01:01:01,HLA-B*51:01:64	
NA20774	NA20774	EUR	T1K-four-field	C	complete	1	1	1	2	C*04:01:01:01	C*05:01:01:02	
NA20774	NA20774	EUR	T1K-four-field	DRB1	complete	1	1	1	2	DRB1*16:01:01:01,HLA-DRB1*16:01:01:02	DRB1*13:03:01:05	
NA20774	NA20774	EUR	T1K-four-field	DQB1	complete	1	1	1	2	DQB1*05:02:01:01	DQB1*03:01:01:01	
NA20775	NA20775	EUR	T1K-four-field	A	complete	1	1	1	2	A*26:01:01:01	A*02:01:01:01	
NA20775	NA20775	EUR	T1K-four-field	B	complete	1	1	1	2	B*50:01:01:01	B*35:01:01:01,HLA-B*35:01:01:55,HLA-B*35:01:01:90	
NA20775	NA20775	EUR	T1K-four-field	C	complete	1	1	1	2	C*04:01:01:01	C*06:02:01:02	
NA20775	NA20775	EUR	T1K-four-field	DRB1	complete	1	1	1	2	DRB1*01:01:01:01	DRB1*07:01:01:01	
NA20775	NA20775	EUR	T1K-four-field	DQB1	complete	1	1	1	2	DQB1*05:01:01:01	DQB1*02:02:01:01	
NA20778	NA20778	EUR	T1K-four-field	A	complete	1	1	1	2	A*03:02:01:01	A*03:01:01:01	
NA20778	NA20778	EUR	T1K-four-field	B	complete	1	1	1	2	B*35:03:01:01	B*07:02:01:01	
NA20778	NA20778	EUR	T1K-four-field	C	complete	1	1	1	2	C*07:02:01:03	C*12:03:01:01	
NA20778	NA20778	EUR	T1K-four-field	DRB1	complete	1	1	1	2	DRB1*15:01:01:01	DRB1*14:54:01:14	
NA20778	NA20778	EUR	T1K-four-field	DQB1	complete	1	1	1	2	DQB1*05:03:01:01	DQB1*06:02:01:01	
NA20783	NA20783	EUR	T1K-four-field	A	complete	1	1	1	2	A*30:01:01:01	A*01:01:01:01	
NA20783	NA20783	EUR	T1K-four-field	B	complete	1	1	1	2	B*15:17:01:01	B*13:02:01:01	
NA20783	NA20783	EUR	T1K-four-field	C	complete	1	1	1	2	C*07:01:02:01	C*06:02:01:01	
NA20783	NA20783	EUR	T1K-four-field	DRB1	complete	1	1	1	2	DRB1*03:01:01:01	DRB1*04:06:02	
NA20783	NA20783	EUR	T1K-four-field	DQB1	complete	1	1	1	2	DQB1*04:02:01:04	DQB1*02:01:01:01	
NA20785	NA20785	EUR	T1K-four-field	A	complete	1	1	1	2	A*01:01:01:01	A*02:01:01:01	
NA20785	NA20785	EUR	T1K-four-field	B	complete	1	1	1	2	B*18:01:01:02	B*52:01:01:01	
NA20785	NA20785	EUR	T1K-four-field	C	complete	1	1	1	2	C*07:01:01:01	C*12:02:02:01	
NA20785	NA20785	EUR	T1K-four-field	DRB1	complete	1	1	1	2	DRB1*11:01:01:19	DRB1*15:02:01:06	
NA20785	NA20785	EUR	T1K-four-field	DQB1	complete	1	1	1	2	DQB1*06:01:01:01	DQB1*03:01:01:01	
NA20786	NA20786	EUR	T1K-four-field	A	complete	1	1	1	2	A*03:01:01:01	A*26:08:01:01	
NA20786	NA20786	EUR	T1K-four-field	B	complete	1	1	1	2	B*51:01:01:01	B*51:01:01:01	
NA20786	NA20786	EUR	T1K-four-field	C	complete	1	1	1	2	C*15:02:01:01	C*15:02:01:01	
NA20786	NA20786	EUR	T1K-four-field	DRB1	complete	1	1	1	2	DRB1*08:02:01:03	DRB1*11:01:01:03	
NA20786	NA20786	EUR	T1K-four-field	DQB1	complete	1	1	1	2	DQB1*04:02:01:04	DQB1*03:01:01:01	
NA20787	NA20787	EUR	T1K-four-field	A	complete	1	1	1	2	A*01:01:01:01	A*26:01:01:01	
NA20787	NA20787	EUR	T1K-four-field	B	complete	1	1	1	2	B*38:01:01:01	B*39:06:02:03	
NA20787	NA20787	EUR	T1K-four-field	C	complete	1	1	1	2	C*12:03:01:01	C*12:03:01:01	
NA20787	NA20787	EUR	T1K-four-field	DRB1	complete	1	1	1	2	DRB1*07:01:01:01	DRB1*16:02:01:04	
NA20787	NA20787	EUR	T1K-four-field	DQB1	complete	1	1	1	2	DQB1*05:02:01:01	DQB1*02:02:01:01	
NA20790	NA20790	EUR	T1K-four-field	A	complete	1	1	1	2	A*03:01:01:01	A*01:01:01:01	
NA20790	NA20790	EUR	T1K-four-field	B	complete	1	1	1	2	B*37:01:01:01	B*07:02:01:01,HLA-B*07:02:01:02,HLA-B*07:02:01:27,HLA-B*07:02:01:72,HLA-B*07:02:01:82,HLA-B*07:02:01:98,HLA-B*07:02:01:104,HLA-B*07:02:01:125	
NA20790	NA20790	EUR	T1K-four-field	C	complete	1	1	1	2	C*07:02:01:03	C*06:02:01:23	
NA20790	NA20790	EUR	T1K-four-field	DRB1	complete	1	1	1	2	DRB1*07:01:01:01	DRB1*08:01:01:01	
NA20790	NA20790	EUR	T1K-four-field	DQB1	complete	1	1	1	2	DQB1*02:02:01:01	DQB1*04:02:01:04	
NA20792	NA20792	EUR	T1K-four-field	A	complete	1	1	1	2	A*03:02:01:01	A*24:02:01:01	
NA20792	NA20792	EUR	T1K-four-field	B	complete	1	1	0	1	B*35:01:01:01,HLA-B*35:01:01:17,HLA-B*35:370,HLA-B*35:615	B*15:09:01	
NA20792	NA20792	EUR	T1K-four-field	C	complete	1	1	0	1	C*07:04:01:01	C*04:01:01:06,HLA-C*04:01:01:45,HLA-C*04:01:01:135,HLA-C*04:01:01:149,HLA-C*04:01:01:154,HLA-C*04:01:01:155,HLA-C*04:275:01:01	
NA20792	NA20792	EUR	T1K-four-field	DRB1	complete	1	1	1	2	DRB1*13:02:01:02	DRB1*11:01:01:07	
NA20792	NA20792	EUR	T1K-four-field	DQB1	complete	1	1	1	2	DQB1*06:04:01:01	DQB1*03:01:01:02	
NA20795	NA20795	EUR	T1K-four-field	A	complete	1	1	1	2	A*03:01:01:05	A*24:02:01:01	
NA20795	NA20795	EUR	T1K-four-field	B	complete	1	1	1	2	B*39:06:02:03	B*18:01:01:02	
NA20795	NA20795	EUR	T1K-four-field	C	complete	1	1	1	2	C*12:03:01:01	C*12:03:01:01	
NA20795	NA20795	EUR	T1K-four-field	DRB1	complete	1	1	1	2	DRB1*10:01:01:01	DRB1*11:03:01:01	
NA20795	NA20795	EUR	T1K-four-field	DQB1	complete	1	1	1	2	DQB1*05:01:01:01	DQB1*03:01:01:01	
NA20796	NA20796	EUR	T1K-four-field	A	complete	1	1	1	2	A*02:01:01:01	A*02:01:01:01	
NA20796	NA20796	EUR	T1K-four-field	B	complete	1	1	0	1	B*07:02:01:01,HLA-B*07:02:01:29,HLA-B*07:02:01:72,HLA-B*07:02:01:79,HLA-B*07:02:01:81,HLA-B*07:02:01:97,HLA-B*07:312	B*51:01:01:01	
NA20796	NA20796	EUR	T1K-four-field	C	complete	1	1	1	2	C*07:02:01:03	C*14:02:01:01	
NA20796	NA20796	EUR	T1K-four-field	DRB1	complete	1	1	1	2	DRB1*15:01:01:01	DRB1*11:01:01:07	
NA20796	NA20796	EUR	T1K-four-field	DQB1	complete	1	1	1	2	DQB1*06:02:01:01	DQB1*03:01:01:01	
NA20797	NA20797	EUR	T1K-four-field	A	complete	1	1	1	2	A*03:01:01:05	A*32:01:01:01	
NA20797	NA20797	EUR	T1K-four-field	B	complete	1	1	1	2	B*14:02:01:01,HLA-B*14:02:01:02	B*07:05:01:01	
NA20797	NA20797	EUR	T1K-four-field	C	complete	1	1	1	2	C*15:05:02:01	C*08:02:01:01	
NA20797	NA20797	EUR	T1K-four-field	DRB1	complete	1	1	1	2	DRB1*01:02:01:02	DRB1*11:01:01:16	
NA20797	NA20797	EUR	T1K-four-field	DQB1	complete	1	1	1	2	DQB1*05:01:01:01	DQB1*03:01:01:73	
NA20798	NA20798	EUR	T1K-four-field	A	complete	1	1	1	2	A*01:01:01:01	A*24:02:01:01	
NA20798	NA20798	EUR	T1K-four-field	B	complete	1	1	1	2	B*07:02:01:73	B*08:01:01:01	
NA20798	NA20798	EUR	T1K-four-field	C	complete	1	1	1	2	C*07:02:01:79	C*07:01:01:109	
NA20798	NA20798	EUR	T1K-four-field	DRB1	complete	1	1	1	2	DRB1*15:01:01:03	DRB1*04:01:01:02	
NA20798	NA20798	EUR	T1K-four-field	DQB1	complete	1	1	1	2	DQB1*03:02:01:01	DQB1*06:02:01:01	
NA20800	NA20800	EUR	T1K-four-field	A	complete	1	1	1	2	A*01:01:01:01	A*26:01:01:01	
NA20800	NA20800	EUR	T1K-four-field	B	complete	1	1	1	2	B*37:01:01:01	B*44:03:01:01	
NA20800	NA20800	EUR	T1K-four-field	C	complete	1	1	1	2	C*16:01:01:01	C*06:02:01:01,HLA-C*06:02:01:10,HLA-C*06:02:01:103	
NA20800	NA20800	EUR	T1K-four-field	DRB1	complete	1	1	1	2	DRB1*03:01:01:01	DRB1*10:01:01:01	
NA20800	NA20800	EUR	T1K-four-field	DQB1	complete	1	1	1	2	DQB1*05:01:01:01	DQB1*02:01:01:01	
NA20801	NA20801	EUR	T1K-four-field	A	complete	1	1	1	2	A*02:01:01:01	A*02:01:01:01	
NA20801	NA20801	EUR	T1K-four-field	B	complete	1	1	1	2	B*18:01:01:02	B*44:02:01:35	
NA20801	NA20801	EUR	T1K-four-field	C	complete	1	1	1	2	C*05:01:01:01	C*07:01:01:01	
NA20801	NA20801	EUR	T1K-four-field	DRB1	complete	1	1	1	2	DRB1*01:01:01:01	DRB1*07:01:01:01	
NA20801	NA20801	EUR	T1K-four-field	DQB1	complete	1	1	1	2	DQB1*02:02:01:01	DQB1*05:01:01:01	
NA20802	NA20802	EUR	T1K-four-field	A	complete	1	1	1	2	A*02:01:01:01	A*01:01:01:01	
NA20802	NA20802	EUR	T1K-four-field	B	complete	1	1	1	2	B*40:01:02:01,HLA-B*40:01:02:62	B*08:01:01:01,HLA-B*08:01:01:13	
NA20802	NA20802	EUR	T1K-four-field	C	complete	1	1	1	2	C*07:01:01:01	C*03:04:01:01	
NA20802	NA20802	EUR	T1K-four-field	DRB1	complete	1	1	1	2	DRB1*07:01:01:01	DRB1*03:01:01:01	
NA20802	NA20802	EUR	T1K-four-field	DQB1	complete	1	1	0	1	DQB1*02:163N	DQB1*02:02:01:01	
NA20803	NA20803	EUR	T1K-four-field	A	complete	1	1	1	2	A*03:01:01:01	A*32:01:01:01	
NA20803	NA20803	EUR	T1K-four-field	B	complete	1	1	1	2	B*44:03:01:01	B*53:01:01:01	
NA20803	NA20803	EUR	T1K-four-field	C	complete	1	1	1	2	C*16:01:01:01	C*12:03:01:01	
NA20803	NA20803	EUR	T1K-four-field	DRB1	complete	1	1	1	2	DRB1*13:02:01:05,HLA-DRB1*13:02:01:07	DRB1*07:01:01:01	
NA20803	NA20803	EUR	T1K-four-field	DQB1	complete	1	1	1	2	DQB1*06:04:01:01	DQB1*02:02:01:01	
NA20804	NA20804	EUR	T1K-four-field	A	complete	1	1	1	2	A*02:01:01:01	A*02:01:01:01	
NA20804	NA20804	EUR	T1K-four-field	B	complete	1	1	1	2	B*35:02:01:01	B*51:01:01:01	
NA20804	NA20804	EUR	T1K-four-field	C	complete	1	1	0	1	C*15:02:01:01,HLA-C*15:176	C*06:02:01:01	
NA20804	NA20804	EUR	T1K-four-field	DRB1	complete	1	1	1	2	DRB1*07:01:01:01	DRB1*11:04:01:01	
NA20804	NA20804	EUR	T1K-four-field	DQB1	complete	1	1	1	2	DQB1*03:03:02:01	DQB1*03:01:01:73	
NA20807	NA20807	EUR	T1K-four-field	A	complete	1	1	1	2	A*26:01:01:01	A*03:01:01:01	
NA20807	NA20807	EUR	T1K-four-field	B	complete	1	1	1	2	B*07:02:01:01	B*08:01:01:01	
NA20807	NA20807	EUR	T1K-four-field	C	complete	1	1	1	2	C*07:02:01:03	C*07:02:01:17N	
NA20807	NA20807	EUR	T1K-four-field	DRB1	complete	1	1	1	2	DRB1*03:01:01:03	DRB1*15:01:01:01	
NA20807	NA20807	EUR	T1K-four-field	DQB1	complete	1	1	1	2	DQB1*06:02:01:01	DQB1*02:01:01:01	
NA20808	NA20808	EUR	T1K-four-field	A	complete	1	1	1	2	A*31:01:02:04	A*02:01:01:01	
NA20808	NA20808	EUR	T1K-four-field	B	complete	1	1	1	2	B*07:05:01:01	B*51:01:01:01,HLA-B*51:01:01:23,HLA-B*51:01:64	
NA20808	NA20808	EUR	T1K-four-field	C	complete	1	1	1	2	C*14:02:01:01	C*15:05:02:01	
NA20808	NA20808	EUR	T1K-four-field	DRB1	complete	1	1	1	2	DRB1*15:01:01:03	DRB1*15:02:01:02,HLA-DRB1*15:02:01:08	
NA20808	NA20808	EUR	T1K-four-field	DQB1	complete	1	1	1	2	DQB1*05:02:01:01	DQB1*06:01:01:01	
NA20810	NA20810	EUR	T1K-four-field	A	complete	1	1	1	2	A*32:01:01:01	A*02:01:01:01	
NA20810	NA20810	EUR	T1K-four-field	B	complete	1	1	1	2	B*39:06:02:03	B*35:03:01:03	
NA20810	NA20810	EUR	T1K-four-field	C	complete	1	1	1	2	C*04:01:01:01	C*12:03:01:01	
NA20810	NA20810	EUR	T1K-four-field	DRB1	complete	1	1	1	2	DRB1*16:01:01:01,HLA-DRB1*16:01:01:02	DRB1*13:02:01:05,HLA-DRB1*13:02:01:09	
NA20810	NA20810	EUR	T1K-four-field	DQB1	complete	1	1	1	2	DQB1*05:02:01:01	DQB1*06:04:01:01	
NA20811	NA20811	EUR	T1K-four-field	A	complete	1	1	1	2	A*69:01:01:01	A*02:01:01:01	
NA20811	NA20811	EUR	T1K-four-field	B	complete	1	1	1	2	B*57:01:01:01	B*35:08:01:01	
NA20811	NA20811	EUR	T1K-four-field	C	complete	1	1	1	2	C*07:01:01:01	C*12:03:01:01,HLA-C*12:03:01:15	
NA20811	NA20811	EUR	T1K-four-field	DRB1	complete	1	1	1	2	DRB1*07:01:01:01	DRB1*11:04:01:01,HLA-DRB1*11:04:01:09	
NA20811	NA20811	EUR	T1K-four-field	DQB1	complete	1	1	1	2	DQB1*03:03:02:01	DQB1*03:01:01:01	
NA20812	NA20812	EUR	T1K-four-field	A	complete	1	1	1	2	A*01:01:01:01	A*02:01:01:01	
NA20812	NA20812	EUR	T1K-four-field	B	complete	1	1	1	2	B*18:01:01:02	B*41:01:01:01	
NA20812	NA20812	EUR	T1K-four-field	C	complete	1	1	1	2	C*17:01:01:05	C*12:03:01:01,HLA-C*12:03:01:33	
NA20812	NA20812	EUR	T1K-four-field	DRB1	complete	1	1	1	2	DRB1*07:01:01:01	DRB1*15:01:01:03	
NA20812	NA20812	EUR	T1K-four-field	DQB1	complete	1	1	1	2	DQB1*03:03:02:01	DQB1*05:02:01:01	
NA20813	NA20813	EUR	T1K-four-field	A	complete	1	1	1	2	A*32:01:01:01	A*24:02:01:01	
NA20813	NA20813	EUR	T1K-four-field	B	complete	1	1	1	2	B*44:02:01:01	B*07:02:01:01	
NA20813	NA20813	EUR	T1K-four-field	C	complete	1	1	1	2	C*05:01:01:02	C*12:03:01:01	
NA20813	NA20813	EUR	T1K-four-field	DRB1	complete	1	1	1	2	DRB1*04:01:01:01	DRB1*15:01:01:03	
NA20813	NA20813	EUR	T1K-four-field	DQB1	complete	1	1	1	2	DQB1*05:02:01:01	DQB1*03:01:01:01	
NA20815	NA20815	EUR	T1K-four-field	A	complete	1	1	1	2	A*03:01:01:01	A*31:01:02:01	
NA20815	NA20815	EUR	T1K-four-field	B	complete	1	1	1	2	B*44:02:01:01	B*35:01:01:01	
NA20815	NA20815	EUR	T1K-four-field	C	complete	1	1	1	2	C*05:01:01:02	C*04:01:01:01,HLA-C*04:01:01:32	
NA20815	NA20815	EUR	T1K-four-field	DRB1	complete	1	1	1	2	DRB1*01:01:01:01	DRB1*16:01:01:01,HLA-DRB1*16:01:01:02	
NA20815	NA20815	EUR	T1K-four-field	DQB1	complete	1	1	1	2	DQB1*05:02:01:01	DQB1*05:01:01:01	
NA20818	NA20818	EUR	T1K-four-field	A	complete	1	1	1	2	A*11:01:01:01	A*01:01:01:01	
NA20818	NA20818	EUR	T1K-four-field	B	complete	1	1	1	2	B*35:02:01:01	B*35:01:01:01	
NA20818	NA20818	EUR	T1K-four-field	C	complete	1	1	1	2	C*04:01:01:06	C*04:01:01:04	
NA20818	NA20818	EUR	T1K-four-field	DRB1	complete	1	1	1	2	DRB1*13:01:01:18	DRB1*11:04:01:09	
NA20818	NA20818	EUR	T1K-four-field	DQB1	complete	1	1	1	2	DQB1*06:03:01:01,HLA-DQB1*06:03:01:10	DQB1*03:01:01:02	
NA20819	NA20819	EUR	T1K-four-field	A	complete	1	1	1	2	A*11:01:01:01	A*02:17:02:01	
NA20819	NA20819	EUR	T1K-four-field	B	complete	1	1	1	2	B*51:01:01:01	B*35:01:01:01	
NA20819	NA20819	EUR	T1K-four-field	C	complete	1	1	1	2	C*04:01:01:01	C*15:02:01:01	
NA20819	NA20819	EUR	T1K-four-field	DRB1	complete	1	1	1	2	DRB1*01:01:01:01	DRB1*11:01:01:07	
NA20819	NA20819	EUR	T1K-four-field	DQB1	complete	1	1	1	2	DQB1*05:01:01:01	DQB1*03:01:01:01	
NA20826	NA20826	EUR	T1K-four-field	A	complete	1	1	1	2	A*30:01:01:01	A*24:02:01:01	
NA20826	NA20826	EUR	T1K-four-field	B	complete	1	1	1	2	B*13:02:01:01	B*38:01:01:01	
NA20826	NA20826	EUR	T1K-four-field	C	complete	1	1	1	2	C*06:02:01:01	C*12:03:01:01	
NA20826	NA20826	EUR	T1K-four-field	DRB1	complete	1	1	1	2	DRB1*07:01:01:01	DRB1*13:01:01:02	
NA20826	NA20826	EUR	T1K-four-field	DQB1	complete	1	1	1	2	DQB1*02:02:01:01	DQB1*06:03:01:01	
NA20828	NA20828	EUR	T1K-four-field	A	complete	1	1	1	2	A*02:01:01:01	A*02:01:01:01	
NA20828	NA20828	EUR	T1K-four-field	B	complete	1	1	1	2	B*51:01:01:01	B*49:01:01:01	
NA20828	NA20828	EUR	T1K-four-field	C	complete	1	1	1	2	C*05:01:01:02	C*07:01:01:01	
NA20828	NA20828	EUR	T1K-four-field	DRB1	complete	1	1	1	2	DRB1*11:01:01:05	DRB1*07:01:01:01	
NA20828	NA20828	EUR	T1K-four-field	DQB1	complete	1	1	1	2	DQB1*02:02:01:01	DQB1*03:01:01:01	
